Result ID,Candidate ID,Question number,Question code,Question type,Variable type,Interaction number,Variable name,Variable interpretation,Variable min. value,Variable max. value,Variable type,Variable cardinality,Variable default value,Variable value,Choice sequence
1027520,142801,1,System-Design-Class-Diagram-2025,upload,response,1,RESPONSE,,,,file,single,,[REDACTED],[]
1027520,142801,1,System-Design-Class-Diagram-2025,upload,outcome,1,SUBSCORE-1,Class Client.,0,1,float,single,,1,
1027520,142801,1,System-Design-Class-Diagram-2025,upload,outcome,1,SUBSCORE-2,Class Project,0,1,float,single,,1,
1027520,142801,1,System-Design-Class-Diagram-2025,upload,outcome,1,SUBSCORE-3,Association: Client commissions Project.,0,1,float,single,,1,
1027520,142801,1,System-Design-Class-Diagram-2025,upload,outcome,1,SUBSCORE-4,Multiplicity: Client commissions 1..* Projects.,0,1,float,single,,1,
1027520,142801,1,System-Design-Class-Diagram-2025,upload,outcome,1,SUBSCORE-5,Multiplicity: Project is commissioned by 1 Client.,0,1,float,single,,1,
1027520,142801,1,System-Design-Class-Diagram-2025,upload,outcome,1,SUBSCORE-6,Class Deliverable.,0,1,float,single,,1,
1027520,142801,1,System-Design-Class-Diagram-2025,upload,outcome,1,SUBSCORE-7,Association: Project has Deliverable.,0,1,float,single,,1,
1027520,142801,1,System-Design-Class-Diagram-2025,upload,outcome,1,SUBSCORE-8,"Multiplicity: Project has * Deliverables. 
(*, 0..* or 1..* accepted).",0,1,float,single,,1,
1027520,142801,1,System-Design-Class-Diagram-2025,upload,outcome,1,SUBSCORE-9,Multiplicity: Deliverable belongs to 1 project.,0,1,float,single,,1,
1027520,142801,1,System-Design-Class-Diagram-2025,upload,outcome,1,SUBSCORE-10,Class Team.,0,1,float,single,,1,
1027520,142801,1,System-Design-Class-Diagram-2025,upload,outcome,1,SUBSCORE-11,Association: Team works on Project.,0,1,float,single,,1,
1027520,142801,1,System-Design-Class-Diagram-2025,upload,outcome,1,SUBSCORE-12,Multiplicity: Team works on 1..* Projects.,0,1,float,single,,1,
1027520,142801,1,System-Design-Class-Diagram-2025,upload,outcome,1,SUBSCORE-13,Multiplicity: Project is handled by 1 Team.,0,1,float,single,,1,
1027520,142801,1,System-Design-Class-Diagram-2025,upload,outcome,1,SUBSCORE-14,"Class Member.
Some students will create a class Profile also and link Member to Profile, this is accepted.",0,1,float,single,,1,
1027520,142801,1,System-Design-Class-Diagram-2025,upload,outcome,1,SUBSCORE-15,Association: Member belongs to Team.,0,1,float,single,,1,
1027520,142801,1,System-Design-Class-Diagram-2025,upload,outcome,1,SUBSCORE-16,"Multiplicity: Member belongs to * Teams.
(*, 0..* or 1..* accepted).",0,1,float,single,,1,
1027520,142801,1,System-Design-Class-Diagram-2025,upload,outcome,1,SUBSCORE-17,"Multiplicity: Team has 1..* Members.
(*, 0..*, 1..* accepted).",0,1,float,single,,1,
1027520,142801,1,System-Design-Class-Diagram-2025,upload,outcome,1,SUBSCORE-18,Association: Member leads Team.,0,1,float,single,,0,
1027520,142801,1,System-Design-Class-Diagram-2025,upload,outcome,1,SUBSCORE-19,Multiplicity: Member leads 0..* Teams.,0,1,float,single,,0,
1027520,142801,1,System-Design-Class-Diagram-2025,upload,outcome,1,SUBSCORE-20,Multiplicity: Team is led by 1 Member.,0,1,float,single,,0,
1027520,142801,1,System-Design-Class-Diagram-2025,upload,outcome,1,SUBSCORE-21,"Association Class: Membership.
This class will sit between Member and Team and will keep track of the role of the Member in the team, the date they joined and when they left the team.
Some students might model this class a Class (not association class), this is accepted.",0,1,float,single,,0,
1027520,142801,1,System-Design-Class-Diagram-2025,upload,outcome,1,SUBSCORE-22,Class Developer.,0,1,float,single,,1,
1027520,142801,1,System-Design-Class-Diagram-2025,upload,outcome,1,SUBSCORE-23,Inheritance: Developer inherits from Member.,0,1,float,single,,1,
1027520,142801,1,System-Design-Class-Diagram-2025,upload,outcome,1,SUBSCORE-24,Class Training.,0,1,float,single,,1,
1027520,142801,1,System-Design-Class-Diagram-2025,upload,outcome,1,SUBSCORE-25,Association: Developer attends Training.,0,1,float,single,,1,
1027520,142801,1,System-Design-Class-Diagram-2025,upload,outcome,1,SUBSCORE-26,"Multiplicity: Developer attends * Trainings.
(*, 0..* or 1..* accepted).",0,1,float,single,,1,
1027520,142801,1,System-Design-Class-Diagram-2025,upload,outcome,1,SUBSCORE-27,"Multiplicity: Training attended by * Developers.
(*, 0..* or 1..* accepted).",0,1,float,single,,1,
1027520,142801,1,System-Design-Class-Diagram-2025,upload,outcome,1,SUBSCORE-28,Class Resource.,0,1,float,single,,1,
1027520,142801,1,System-Design-Class-Diagram-2025,upload,outcome,1,SUBSCORE-29,Association: Project requires Resource.,0,1,float,single,,1,
1027520,142801,1,System-Design-Class-Diagram-2025,upload,outcome,1,SUBSCORE-30,"Multiplicity: Project requires * Resources.
(*, 0..* or 1..* accepted).",0,1,float,single,,1,
1027520,142801,1,System-Design-Class-Diagram-2025,upload,outcome,1,SUBSCORE-31,"Multiplicity: Resource used by 1 Project.
We don't specify whether resources can be shared or not, so if the student models this as * or 1..*, this is also accepted.",0,1,float,single,,1,
1027520,142801,1,System-Design-Class-Diagram-2025,upload,outcome,1,SUBSCORE-32,Association: Member allocates Resource.,0,2,float,single,,2,
1027520,142801,1,System-Design-Class-Diagram-2025,upload,outcome,1,SUBSCORE-33,"Multiplicity: Member allocates * Resources.
(*, 0..* or 1..* accepted).",0,1,float,single,,1,
1027520,142801,1,System-Design-Class-Diagram-2025,upload,outcome,1,SUBSCORE-34,Multiplicity: Resource is allocated by 1 Member.,0,2,float,single,,2,
1027520,142801,1,System-Design-Class-Diagram-2025,upload,outcome,1,SUBSCORE-35,Class Resource Type.,0,1,float,single,,1,
1027520,142801,1,System-Design-Class-Diagram-2025,upload,outcome,1,SUBSCORE-36,Association: Resource belongs to Resource Type.,0,1,float,single,,1,
1027520,142801,1,System-Design-Class-Diagram-2025,upload,outcome,1,SUBSCORE-37,Multiplicity: Resource belongs to 1 Resource Type.,0,1,float,single,,1,
1027520,142801,1,System-Design-Class-Diagram-2025,upload,outcome,1,SUBSCORE-38,"Multiplicity: Resource Type has * Resources.
(*, 0..* or 1..* accepted).",0,1,float,single,,1,
1027520,142801,1,System-Design-Class-Diagram-2025,upload,outcome,1,PASSED,,,,boolean,single,0,false,
1027520,142801,1,System-Design-Class-Diagram-2025,upload,outcome,1,MAXSCORE,,,,float,single,40,40,
1027520,142801,1,System-Design-Class-Diagram-2025,upload,template,1,RESPONSE_CORRECTRESPONSE_POINTS,,,,float,single,40,40,
1027520,142801,1,System-Design-Class-Diagram-2025,upload,template,1,RESPONSE-ACTION,,,,float,single,correct,40,
1027520,142801,1,System-Design-Class-Diagram-2025,upload,,0,SCORE,,,,float,single,,36,
1027520,142801,1,System-Design-Class-Diagram-2025,upload,,0,MAX_SCORE,,,,float,single,,40,
1027520,142801,1,System-Design-Class-Diagram-2025,upload,,0,COMPLETION_STATUS,,,,identifier,single,,completed,
1027365,154141,1,System-Design-Class-Diagram-2025,upload,response,1,RESPONSE,,,,file,single,,[REDACTED],[]
1027365,154141,1,System-Design-Class-Diagram-2025,upload,outcome,1,SUBSCORE-1,Class Client.,0,1,float,single,,1,
1027365,154141,1,System-Design-Class-Diagram-2025,upload,outcome,1,SUBSCORE-2,Class Project,0,1,float,single,,1,
1027365,154141,1,System-Design-Class-Diagram-2025,upload,outcome,1,SUBSCORE-3,Association: Client commissions Project.,0,1,float,single,,1,
1027365,154141,1,System-Design-Class-Diagram-2025,upload,outcome,1,SUBSCORE-4,Multiplicity: Client commissions 1..* Projects.,0,1,float,single,,1,
1027365,154141,1,System-Design-Class-Diagram-2025,upload,outcome,1,SUBSCORE-5,Multiplicity: Project is commissioned by 1 Client.,0,1,float,single,,1,
1027365,154141,1,System-Design-Class-Diagram-2025,upload,outcome,1,SUBSCORE-6,Class Deliverable.,0,1,float,single,,1,
1027365,154141,1,System-Design-Class-Diagram-2025,upload,outcome,1,SUBSCORE-7,Association: Project has Deliverable.,0,1,float,single,,0,
1027365,154141,1,System-Design-Class-Diagram-2025,upload,outcome,1,SUBSCORE-8,"Multiplicity: Project has * Deliverables. 
(*, 0..* or 1..* accepted).",0,1,float,single,,0,
1027365,154141,1,System-Design-Class-Diagram-2025,upload,outcome,1,SUBSCORE-9,Multiplicity: Deliverable belongs to 1 project.,0,1,float,single,,0,
1027365,154141,1,System-Design-Class-Diagram-2025,upload,outcome,1,SUBSCORE-10,Class Team.,0,1,float,single,,1,
1027365,154141,1,System-Design-Class-Diagram-2025,upload,outcome,1,SUBSCORE-11,Association: Team works on Project.,0,1,float,single,,0.5,
1027365,154141,1,System-Design-Class-Diagram-2025,upload,outcome,1,SUBSCORE-12,Multiplicity: Team works on 1..* Projects.,0,1,float,single,,0.5,
1027365,154141,1,System-Design-Class-Diagram-2025,upload,outcome,1,SUBSCORE-13,Multiplicity: Project is handled by 1 Team.,0,1,float,single,,1,
1027365,154141,1,System-Design-Class-Diagram-2025,upload,outcome,1,SUBSCORE-14,"Class Member.
Some students will create a class Profile also and link Member to Profile, this is accepted.",0,1,float,single,,1,
1027365,154141,1,System-Design-Class-Diagram-2025,upload,outcome,1,SUBSCORE-15,Association: Member belongs to Team.,0,1,float,single,,1,
1027365,154141,1,System-Design-Class-Diagram-2025,upload,outcome,1,SUBSCORE-16,"Multiplicity: Member belongs to * Teams.
(*, 0..* or 1..* accepted).",0,1,float,single,,1,
1027365,154141,1,System-Design-Class-Diagram-2025,upload,outcome,1,SUBSCORE-17,"Multiplicity: Team has 1..* Members.
(*, 0..*, 1..* accepted).",0,1,float,single,,1,
1027365,154141,1,System-Design-Class-Diagram-2025,upload,outcome,1,SUBSCORE-18,Association: Member leads Team.,0,1,float,single,,1,
1027365,154141,1,System-Design-Class-Diagram-2025,upload,outcome,1,SUBSCORE-19,Multiplicity: Member leads 0..* Teams.,0,1,float,single,,0,
1027365,154141,1,System-Design-Class-Diagram-2025,upload,outcome,1,SUBSCORE-20,Multiplicity: Team is led by 1 Member.,0,1,float,single,,1,
1027365,154141,1,System-Design-Class-Diagram-2025,upload,outcome,1,SUBSCORE-21,"Association Class: Membership.
This class will sit between Member and Team and will keep track of the role of the Member in the team, the date they joined and when they left the team.
Some students might model this class a Class (not association class), this is accepted.",0,1,float,single,,0.5,
1027365,154141,1,System-Design-Class-Diagram-2025,upload,outcome,1,SUBSCORE-22,Class Developer.,0,1,float,single,,0,
1027365,154141,1,System-Design-Class-Diagram-2025,upload,outcome,1,SUBSCORE-23,Inheritance: Developer inherits from Member.,0,1,float,single,,0,
1027365,154141,1,System-Design-Class-Diagram-2025,upload,outcome,1,SUBSCORE-24,Class Training.,0,1,float,single,,1,
1027365,154141,1,System-Design-Class-Diagram-2025,upload,outcome,1,SUBSCORE-25,Association: Developer attends Training.,0,1,float,single,,0,
1027365,154141,1,System-Design-Class-Diagram-2025,upload,outcome,1,SUBSCORE-26,"Multiplicity: Developer attends * Trainings.
(*, 0..* or 1..* accepted).",0,1,float,single,,0.5,
1027365,154141,1,System-Design-Class-Diagram-2025,upload,outcome,1,SUBSCORE-27,"Multiplicity: Training attended by * Developers.
(*, 0..* or 1..* accepted).",0,1,float,single,,0.5,
1027365,154141,1,System-Design-Class-Diagram-2025,upload,outcome,1,SUBSCORE-28,Class Resource.,0,1,float,single,,1,
1027365,154141,1,System-Design-Class-Diagram-2025,upload,outcome,1,SUBSCORE-29,Association: Project requires Resource.,0,1,float,single,,1,
1027365,154141,1,System-Design-Class-Diagram-2025,upload,outcome,1,SUBSCORE-30,"Multiplicity: Project requires * Resources.
(*, 0..* or 1..* accepted).",0,1,float,single,,1,
1027365,154141,1,System-Design-Class-Diagram-2025,upload,outcome,1,SUBSCORE-31,"Multiplicity: Resource used by 1 Project.
We don't specify whether resources can be shared or not, so if the student models this as * or 1..*, this is also accepted.",0,1,float,single,,1,
1027365,154141,1,System-Design-Class-Diagram-2025,upload,outcome,1,SUBSCORE-32,Association: Member allocates Resource.,0,2,float,single,,0,
1027365,154141,1,System-Design-Class-Diagram-2025,upload,outcome,1,SUBSCORE-33,"Multiplicity: Member allocates * Resources.
(*, 0..* or 1..* accepted).",0,1,float,single,,0,
1027365,154141,1,System-Design-Class-Diagram-2025,upload,outcome,1,SUBSCORE-34,Multiplicity: Resource is allocated by 1 Member.,0,2,float,single,,0,
1027365,154141,1,System-Design-Class-Diagram-2025,upload,outcome,1,SUBSCORE-35,Class Resource Type.,0,1,float,single,,0,
1027365,154141,1,System-Design-Class-Diagram-2025,upload,outcome,1,SUBSCORE-36,Association: Resource belongs to Resource Type.,0,1,float,single,,0,
1027365,154141,1,System-Design-Class-Diagram-2025,upload,outcome,1,SUBSCORE-37,Multiplicity: Resource belongs to 1 Resource Type.,0,1,float,single,,0,
1027365,154141,1,System-Design-Class-Diagram-2025,upload,outcome,1,SUBSCORE-38,"Multiplicity: Resource Type has * Resources.
(*, 0..* or 1..* accepted).",0,1,float,single,,0,
1027365,154141,1,System-Design-Class-Diagram-2025,upload,outcome,1,PASSED,,,,boolean,single,0,false,
1027365,154141,1,System-Design-Class-Diagram-2025,upload,outcome,1,MAXSCORE,,,,float,single,40,40,
1027365,154141,1,System-Design-Class-Diagram-2025,upload,template,1,RESPONSE_CORRECTRESPONSE_POINTS,,,,float,single,40,40,
1027365,154141,1,System-Design-Class-Diagram-2025,upload,template,1,RESPONSE-ACTION,,,,float,single,correct,40,
1027365,154141,1,System-Design-Class-Diagram-2025,upload,,0,SCORE,,,,float,single,,21.5,
1027365,154141,1,System-Design-Class-Diagram-2025,upload,,0,MAX_SCORE,,,,float,single,,40,
1027365,154141,1,System-Design-Class-Diagram-2025,upload,,0,COMPLETION_STATUS,,,,identifier,single,,completed,
1027364,154153,1,System-Design-Class-Diagram-2025,upload,response,1,RESPONSE,,,,file,single,,[REDACTED],[]
1027364,154153,1,System-Design-Class-Diagram-2025,upload,outcome,1,SUBSCORE-1,Class Client.,0,1,float,single,,1,
1027364,154153,1,System-Design-Class-Diagram-2025,upload,outcome,1,SUBSCORE-2,Class Project,0,1,float,single,,1,
1027364,154153,1,System-Design-Class-Diagram-2025,upload,outcome,1,SUBSCORE-3,Association: Client commissions Project.,0,1,float,single,,1,
1027364,154153,1,System-Design-Class-Diagram-2025,upload,outcome,1,SUBSCORE-4,Multiplicity: Client commissions 1..* Projects.,0,1,float,single,,1,
1027364,154153,1,System-Design-Class-Diagram-2025,upload,outcome,1,SUBSCORE-5,Multiplicity: Project is commissioned by 1 Client.,0,1,float,single,,1,
1027364,154153,1,System-Design-Class-Diagram-2025,upload,outcome,1,SUBSCORE-6,Class Deliverable.,0,1,float,single,,1,
1027364,154153,1,System-Design-Class-Diagram-2025,upload,outcome,1,SUBSCORE-7,Association: Project has Deliverable.,0,1,float,single,,1,
1027364,154153,1,System-Design-Class-Diagram-2025,upload,outcome,1,SUBSCORE-8,"Multiplicity: Project has * Deliverables. 
(*, 0..* or 1..* accepted).",0,1,float,single,,1,
1027364,154153,1,System-Design-Class-Diagram-2025,upload,outcome,1,SUBSCORE-9,Multiplicity: Deliverable belongs to 1 project.,0,1,float,single,,1,
1027364,154153,1,System-Design-Class-Diagram-2025,upload,outcome,1,SUBSCORE-10,Class Team.,0,1,float,single,,1,
1027364,154153,1,System-Design-Class-Diagram-2025,upload,outcome,1,SUBSCORE-11,Association: Team works on Project.,0,1,float,single,,1,
1027364,154153,1,System-Design-Class-Diagram-2025,upload,outcome,1,SUBSCORE-12,Multiplicity: Team works on 1..* Projects.,0,1,float,single,,1,
1027364,154153,1,System-Design-Class-Diagram-2025,upload,outcome,1,SUBSCORE-13,Multiplicity: Project is handled by 1 Team.,0,1,float,single,,1,
1027364,154153,1,System-Design-Class-Diagram-2025,upload,outcome,1,SUBSCORE-14,"Class Member.
Some students will create a class Profile also and link Member to Profile, this is accepted.",0,1,float,single,,1,
1027364,154153,1,System-Design-Class-Diagram-2025,upload,outcome,1,SUBSCORE-15,Association: Member belongs to Team.,0,1,float,single,,1,
1027364,154153,1,System-Design-Class-Diagram-2025,upload,outcome,1,SUBSCORE-16,"Multiplicity: Member belongs to * Teams.
(*, 0..* or 1..* accepted).",0,1,float,single,,1,
1027364,154153,1,System-Design-Class-Diagram-2025,upload,outcome,1,SUBSCORE-17,"Multiplicity: Team has 1..* Members.
(*, 0..*, 1..* accepted).",0,1,float,single,,1,
1027364,154153,1,System-Design-Class-Diagram-2025,upload,outcome,1,SUBSCORE-18,Association: Member leads Team.,0,1,float,single,,0,
1027364,154153,1,System-Design-Class-Diagram-2025,upload,outcome,1,SUBSCORE-19,Multiplicity: Member leads 0..* Teams.,0,1,float,single,,0,
1027364,154153,1,System-Design-Class-Diagram-2025,upload,outcome,1,SUBSCORE-20,Multiplicity: Team is led by 1 Member.,0,1,float,single,,0,
1027364,154153,1,System-Design-Class-Diagram-2025,upload,outcome,1,SUBSCORE-21,"Association Class: Membership.
This class will sit between Member and Team and will keep track of the role of the Member in the team, the date they joined and when they left the team.
Some students might model this class a Class (not association class), this is accepted.",0,1,float,single,,0,
1027364,154153,1,System-Design-Class-Diagram-2025,upload,outcome,1,SUBSCORE-22,Class Developer.,0,1,float,single,,0,
1027364,154153,1,System-Design-Class-Diagram-2025,upload,outcome,1,SUBSCORE-23,Inheritance: Developer inherits from Member.,0,1,float,single,,0,
1027364,154153,1,System-Design-Class-Diagram-2025,upload,outcome,1,SUBSCORE-24,Class Training.,0,1,float,single,,1,
1027364,154153,1,System-Design-Class-Diagram-2025,upload,outcome,1,SUBSCORE-25,Association: Developer attends Training.,0,1,float,single,,0,
1027364,154153,1,System-Design-Class-Diagram-2025,upload,outcome,1,SUBSCORE-26,"Multiplicity: Developer attends * Trainings.
(*, 0..* or 1..* accepted).",0,1,float,single,,0.5,
1027364,154153,1,System-Design-Class-Diagram-2025,upload,outcome,1,SUBSCORE-27,"Multiplicity: Training attended by * Developers.
(*, 0..* or 1..* accepted).",0,1,float,single,,0.5,
1027364,154153,1,System-Design-Class-Diagram-2025,upload,outcome,1,SUBSCORE-28,Class Resource.,0,1,float,single,,1,
1027364,154153,1,System-Design-Class-Diagram-2025,upload,outcome,1,SUBSCORE-29,Association: Project requires Resource.,0,1,float,single,,1,
1027364,154153,1,System-Design-Class-Diagram-2025,upload,outcome,1,SUBSCORE-30,"Multiplicity: Project requires * Resources.
(*, 0..* or 1..* accepted).",0,1,float,single,,1,
1027364,154153,1,System-Design-Class-Diagram-2025,upload,outcome,1,SUBSCORE-31,"Multiplicity: Resource used by 1 Project.
We don't specify whether resources can be shared or not, so if the student models this as * or 1..*, this is also accepted.",0,1,float,single,,1,
1027364,154153,1,System-Design-Class-Diagram-2025,upload,outcome,1,SUBSCORE-32,Association: Member allocates Resource.,0,2,float,single,,2,
1027364,154153,1,System-Design-Class-Diagram-2025,upload,outcome,1,SUBSCORE-33,"Multiplicity: Member allocates * Resources.
(*, 0..* or 1..* accepted).",0,1,float,single,,0,
1027364,154153,1,System-Design-Class-Diagram-2025,upload,outcome,1,SUBSCORE-34,Multiplicity: Resource is allocated by 1 Member.,0,2,float,single,,0,
1027364,154153,1,System-Design-Class-Diagram-2025,upload,outcome,1,SUBSCORE-35,Class Resource Type.,0,1,float,single,,0,
1027364,154153,1,System-Design-Class-Diagram-2025,upload,outcome,1,SUBSCORE-36,Association: Resource belongs to Resource Type.,0,1,float,single,,0,
1027364,154153,1,System-Design-Class-Diagram-2025,upload,outcome,1,SUBSCORE-37,Multiplicity: Resource belongs to 1 Resource Type.,0,1,float,single,,0,
1027364,154153,1,System-Design-Class-Diagram-2025,upload,outcome,1,SUBSCORE-38,"Multiplicity: Resource Type has * Resources.
(*, 0..* or 1..* accepted).",0,1,float,single,,0,
1027364,154153,1,System-Design-Class-Diagram-2025,upload,outcome,1,PASSED,,,,boolean,single,0,false,
1027364,154153,1,System-Design-Class-Diagram-2025,upload,outcome,1,MAXSCORE,,,,float,single,40,40,
1027364,154153,1,System-Design-Class-Diagram-2025,upload,template,1,RESPONSE_CORRECTRESPONSE_POINTS,,,,float,single,40,40,
1027364,154153,1,System-Design-Class-Diagram-2025,upload,template,1,RESPONSE-ACTION,,,,float,single,correct,40,
1027364,154153,1,System-Design-Class-Diagram-2025,upload,,0,SCORE,,,,float,single,,25,
1027364,154153,1,System-Design-Class-Diagram-2025,upload,,0,MAX_SCORE,,,,float,single,,40,
1027364,154153,1,System-Design-Class-Diagram-2025,upload,,0,COMPLETION_STATUS,,,,identifier,single,,completed,
1027603,142923,1,System-Design-Class-Diagram-2025,upload,response,1,RESPONSE,,,,file,single,,[REDACTED],[]
1027603,142923,1,System-Design-Class-Diagram-2025,upload,outcome,1,SUBSCORE-1,Class Client.,0,1,float,single,,1,
1027603,142923,1,System-Design-Class-Diagram-2025,upload,outcome,1,SUBSCORE-2,Class Project,0,1,float,single,,1,
1027603,142923,1,System-Design-Class-Diagram-2025,upload,outcome,1,SUBSCORE-3,Association: Client commissions Project.,0,1,float,single,,1,
1027603,142923,1,System-Design-Class-Diagram-2025,upload,outcome,1,SUBSCORE-4,Multiplicity: Client commissions 1..* Projects.,0,1,float,single,,1,
1027603,142923,1,System-Design-Class-Diagram-2025,upload,outcome,1,SUBSCORE-5,Multiplicity: Project is commissioned by 1 Client.,0,1,float,single,,1,
1027603,142923,1,System-Design-Class-Diagram-2025,upload,outcome,1,SUBSCORE-6,Class Deliverable.,0,1,float,single,,1,
1027603,142923,1,System-Design-Class-Diagram-2025,upload,outcome,1,SUBSCORE-7,Association: Project has Deliverable.,0,1,float,single,,1,
1027603,142923,1,System-Design-Class-Diagram-2025,upload,outcome,1,SUBSCORE-8,"Multiplicity: Project has * Deliverables. 
(*, 0..* or 1..* accepted).",0,1,float,single,,1,
1027603,142923,1,System-Design-Class-Diagram-2025,upload,outcome,1,SUBSCORE-9,Multiplicity: Deliverable belongs to 1 project.,0,1,float,single,,1,
1027603,142923,1,System-Design-Class-Diagram-2025,upload,outcome,1,SUBSCORE-10,Class Team.,0,1,float,single,,1,
1027603,142923,1,System-Design-Class-Diagram-2025,upload,outcome,1,SUBSCORE-11,Association: Team works on Project.,0,1,float,single,,1,
1027603,142923,1,System-Design-Class-Diagram-2025,upload,outcome,1,SUBSCORE-12,Multiplicity: Team works on 1..* Projects.,0,1,float,single,,0,
1027603,142923,1,System-Design-Class-Diagram-2025,upload,outcome,1,SUBSCORE-13,Multiplicity: Project is handled by 1 Team.,0,1,float,single,,1,
1027603,142923,1,System-Design-Class-Diagram-2025,upload,outcome,1,SUBSCORE-14,"Class Member.
Some students will create a class Profile also and link Member to Profile, this is accepted.",0,1,float,single,,1,
1027603,142923,1,System-Design-Class-Diagram-2025,upload,outcome,1,SUBSCORE-15,Association: Member belongs to Team.,0,1,float,single,,1,
1027603,142923,1,System-Design-Class-Diagram-2025,upload,outcome,1,SUBSCORE-16,"Multiplicity: Member belongs to * Teams.
(*, 0..* or 1..* accepted).",0,1,float,single,,1,
1027603,142923,1,System-Design-Class-Diagram-2025,upload,outcome,1,SUBSCORE-17,"Multiplicity: Team has 1..* Members.
(*, 0..*, 1..* accepted).",0,1,float,single,,1,
1027603,142923,1,System-Design-Class-Diagram-2025,upload,outcome,1,SUBSCORE-18,Association: Member leads Team.,0,1,float,single,,0,
1027603,142923,1,System-Design-Class-Diagram-2025,upload,outcome,1,SUBSCORE-19,Multiplicity: Member leads 0..* Teams.,0,1,float,single,,0,
1027603,142923,1,System-Design-Class-Diagram-2025,upload,outcome,1,SUBSCORE-20,Multiplicity: Team is led by 1 Member.,0,1,float,single,,0,
1027603,142923,1,System-Design-Class-Diagram-2025,upload,outcome,1,SUBSCORE-21,"Association Class: Membership.
This class will sit between Member and Team and will keep track of the role of the Member in the team, the date they joined and when they left the team.
Some students might model this class a Class (not association class), this is accepted.",0,1,float,single,,1,
1027603,142923,1,System-Design-Class-Diagram-2025,upload,outcome,1,SUBSCORE-22,Class Developer.,0,1,float,single,,1,
1027603,142923,1,System-Design-Class-Diagram-2025,upload,outcome,1,SUBSCORE-23,Inheritance: Developer inherits from Member.,0,1,float,single,,1,
1027603,142923,1,System-Design-Class-Diagram-2025,upload,outcome,1,SUBSCORE-24,Class Training.,0,1,float,single,,1,
1027603,142923,1,System-Design-Class-Diagram-2025,upload,outcome,1,SUBSCORE-25,Association: Developer attends Training.,0,1,float,single,,0,
1027603,142923,1,System-Design-Class-Diagram-2025,upload,outcome,1,SUBSCORE-26,"Multiplicity: Developer attends * Trainings.
(*, 0..* or 1..* accepted).",0,1,float,single,,1,
1027603,142923,1,System-Design-Class-Diagram-2025,upload,outcome,1,SUBSCORE-27,"Multiplicity: Training attended by * Developers.
(*, 0..* or 1..* accepted).",0,1,float,single,,1,
1027603,142923,1,System-Design-Class-Diagram-2025,upload,outcome,1,SUBSCORE-28,Class Resource.,0,1,float,single,,1,
1027603,142923,1,System-Design-Class-Diagram-2025,upload,outcome,1,SUBSCORE-29,Association: Project requires Resource.,0,1,float,single,,1,
1027603,142923,1,System-Design-Class-Diagram-2025,upload,outcome,1,SUBSCORE-30,"Multiplicity: Project requires * Resources.
(*, 0..* or 1..* accepted).",0,1,float,single,,1,
1027603,142923,1,System-Design-Class-Diagram-2025,upload,outcome,1,SUBSCORE-31,"Multiplicity: Resource used by 1 Project.
We don't specify whether resources can be shared or not, so if the student models this as * or 1..*, this is also accepted.",0,1,float,single,,0,
1027603,142923,1,System-Design-Class-Diagram-2025,upload,outcome,1,SUBSCORE-32,Association: Member allocates Resource.,0,2,float,single,,1,
1027603,142923,1,System-Design-Class-Diagram-2025,upload,outcome,1,SUBSCORE-33,"Multiplicity: Member allocates * Resources.
(*, 0..* or 1..* accepted).",0,1,float,single,,1,
1027603,142923,1,System-Design-Class-Diagram-2025,upload,outcome,1,SUBSCORE-34,Multiplicity: Resource is allocated by 1 Member.,0,2,float,single,,1,
1027603,142923,1,System-Design-Class-Diagram-2025,upload,outcome,1,SUBSCORE-35,Class Resource Type.,0,1,float,single,,0,
1027603,142923,1,System-Design-Class-Diagram-2025,upload,outcome,1,SUBSCORE-36,Association: Resource belongs to Resource Type.,0,1,float,single,,0,
1027603,142923,1,System-Design-Class-Diagram-2025,upload,outcome,1,SUBSCORE-37,Multiplicity: Resource belongs to 1 Resource Type.,0,1,float,single,,0,
1027603,142923,1,System-Design-Class-Diagram-2025,upload,outcome,1,SUBSCORE-38,"Multiplicity: Resource Type has * Resources.
(*, 0..* or 1..* accepted).",0,1,float,single,,0,
1027603,142923,1,System-Design-Class-Diagram-2025,upload,outcome,1,PASSED,,,,boolean,single,0,false,
1027603,142923,1,System-Design-Class-Diagram-2025,upload,outcome,1,MAXSCORE,,,,float,single,40,40,
1027603,142923,1,System-Design-Class-Diagram-2025,upload,template,1,RESPONSE_CORRECTRESPONSE_POINTS,,,,float,single,40,40,
1027603,142923,1,System-Design-Class-Diagram-2025,upload,template,1,RESPONSE-ACTION,,,,float,single,correct,40,
1027603,142923,1,System-Design-Class-Diagram-2025,upload,,0,SCORE,,,,float,single,,28,
1027603,142923,1,System-Design-Class-Diagram-2025,upload,,0,MAX_SCORE,,,,float,single,,40,
1027603,142923,1,System-Design-Class-Diagram-2025,upload,,0,COMPLETION_STATUS,,,,identifier,single,,completed,
1027623,154686,1,System-Design-Class-Diagram-2025,upload,response,1,RESPONSE,,,,file,single,,[REDACTED],[]
1027623,154686,1,System-Design-Class-Diagram-2025,upload,outcome,1,SUBSCORE-1,Class Client.,0,1,float,single,,1,
1027623,154686,1,System-Design-Class-Diagram-2025,upload,outcome,1,SUBSCORE-2,Class Project,0,1,float,single,,1,
1027623,154686,1,System-Design-Class-Diagram-2025,upload,outcome,1,SUBSCORE-3,Association: Client commissions Project.,0,1,float,single,,0.5,
1027623,154686,1,System-Design-Class-Diagram-2025,upload,outcome,1,SUBSCORE-4,Multiplicity: Client commissions 1..* Projects.,0,1,float,single,,0,
1027623,154686,1,System-Design-Class-Diagram-2025,upload,outcome,1,SUBSCORE-5,Multiplicity: Project is commissioned by 1 Client.,0,1,float,single,,0,
1027623,154686,1,System-Design-Class-Diagram-2025,upload,outcome,1,SUBSCORE-6,Class Deliverable.,0,1,float,single,,0,
1027623,154686,1,System-Design-Class-Diagram-2025,upload,outcome,1,SUBSCORE-7,Association: Project has Deliverable.,0,1,float,single,,0,
1027623,154686,1,System-Design-Class-Diagram-2025,upload,outcome,1,SUBSCORE-8,"Multiplicity: Project has * Deliverables. 
(*, 0..* or 1..* accepted).",0,1,float,single,,0,
1027623,154686,1,System-Design-Class-Diagram-2025,upload,outcome,1,SUBSCORE-9,Multiplicity: Deliverable belongs to 1 project.,0,1,float,single,,0,
1027623,154686,1,System-Design-Class-Diagram-2025,upload,outcome,1,SUBSCORE-10,Class Team.,0,1,float,single,,1,
1027623,154686,1,System-Design-Class-Diagram-2025,upload,outcome,1,SUBSCORE-11,Association: Team works on Project.,0,1,float,single,,0.5,
1027623,154686,1,System-Design-Class-Diagram-2025,upload,outcome,1,SUBSCORE-12,Multiplicity: Team works on 1..* Projects.,0,1,float,single,,0,
1027623,154686,1,System-Design-Class-Diagram-2025,upload,outcome,1,SUBSCORE-13,Multiplicity: Project is handled by 1 Team.,0,1,float,single,,0,
1027623,154686,1,System-Design-Class-Diagram-2025,upload,outcome,1,SUBSCORE-14,"Class Member.
Some students will create a class Profile also and link Member to Profile, this is accepted.",0,1,float,single,,1,
1027623,154686,1,System-Design-Class-Diagram-2025,upload,outcome,1,SUBSCORE-15,Association: Member belongs to Team.,0,1,float,single,,0.5,
1027623,154686,1,System-Design-Class-Diagram-2025,upload,outcome,1,SUBSCORE-16,"Multiplicity: Member belongs to * Teams.
(*, 0..* or 1..* accepted).",0,1,float,single,,0,
1027623,154686,1,System-Design-Class-Diagram-2025,upload,outcome,1,SUBSCORE-17,"Multiplicity: Team has 1..* Members.
(*, 0..*, 1..* accepted).",0,1,float,single,,0,
1027623,154686,1,System-Design-Class-Diagram-2025,upload,outcome,1,SUBSCORE-18,Association: Member leads Team.,0,1,float,single,,0,
1027623,154686,1,System-Design-Class-Diagram-2025,upload,outcome,1,SUBSCORE-19,Multiplicity: Member leads 0..* Teams.,0,1,float,single,,0,
1027623,154686,1,System-Design-Class-Diagram-2025,upload,outcome,1,SUBSCORE-20,Multiplicity: Team is led by 1 Member.,0,1,float,single,,0,
1027623,154686,1,System-Design-Class-Diagram-2025,upload,outcome,1,SUBSCORE-21,"Association Class: Membership.
This class will sit between Member and Team and will keep track of the role of the Member in the team, the date they joined and when they left the team.
Some students might model this class a Class (not association class), this is accepted.",0,1,float,single,,0,
1027623,154686,1,System-Design-Class-Diagram-2025,upload,outcome,1,SUBSCORE-22,Class Developer.,0,1,float,single,,0,
1027623,154686,1,System-Design-Class-Diagram-2025,upload,outcome,1,SUBSCORE-23,Inheritance: Developer inherits from Member.,0,1,float,single,,0,
1027623,154686,1,System-Design-Class-Diagram-2025,upload,outcome,1,SUBSCORE-24,Class Training.,0,1,float,single,,0,
1027623,154686,1,System-Design-Class-Diagram-2025,upload,outcome,1,SUBSCORE-25,Association: Developer attends Training.,0,1,float,single,,0,
1027623,154686,1,System-Design-Class-Diagram-2025,upload,outcome,1,SUBSCORE-26,"Multiplicity: Developer attends * Trainings.
(*, 0..* or 1..* accepted).",0,1,float,single,,0,
1027623,154686,1,System-Design-Class-Diagram-2025,upload,outcome,1,SUBSCORE-27,"Multiplicity: Training attended by * Developers.
(*, 0..* or 1..* accepted).",0,1,float,single,,0,
1027623,154686,1,System-Design-Class-Diagram-2025,upload,outcome,1,SUBSCORE-28,Class Resource.,0,1,float,single,,1,
1027623,154686,1,System-Design-Class-Diagram-2025,upload,outcome,1,SUBSCORE-29,Association: Project requires Resource.,0,1,float,single,,0.5,
1027623,154686,1,System-Design-Class-Diagram-2025,upload,outcome,1,SUBSCORE-30,"Multiplicity: Project requires * Resources.
(*, 0..* or 1..* accepted).",0,1,float,single,,0,
1027623,154686,1,System-Design-Class-Diagram-2025,upload,outcome,1,SUBSCORE-31,"Multiplicity: Resource used by 1 Project.
We don't specify whether resources can be shared or not, so if the student models this as * or 1..*, this is also accepted.",0,1,float,single,,0,
1027623,154686,1,System-Design-Class-Diagram-2025,upload,outcome,1,SUBSCORE-32,Association: Member allocates Resource.,0,2,float,single,,0,
1027623,154686,1,System-Design-Class-Diagram-2025,upload,outcome,1,SUBSCORE-33,"Multiplicity: Member allocates * Resources.
(*, 0..* or 1..* accepted).",0,1,float,single,,0,
1027623,154686,1,System-Design-Class-Diagram-2025,upload,outcome,1,SUBSCORE-34,Multiplicity: Resource is allocated by 1 Member.,0,2,float,single,,0,
1027623,154686,1,System-Design-Class-Diagram-2025,upload,outcome,1,SUBSCORE-35,Class Resource Type.,0,1,float,single,,1,
1027623,154686,1,System-Design-Class-Diagram-2025,upload,outcome,1,SUBSCORE-36,Association: Resource belongs to Resource Type.,0,1,float,single,,0.5,
1027623,154686,1,System-Design-Class-Diagram-2025,upload,outcome,1,SUBSCORE-37,Multiplicity: Resource belongs to 1 Resource Type.,0,1,float,single,,0,
1027623,154686,1,System-Design-Class-Diagram-2025,upload,outcome,1,SUBSCORE-38,"Multiplicity: Resource Type has * Resources.
(*, 0..* or 1..* accepted).",0,1,float,single,,0,
1027623,154686,1,System-Design-Class-Diagram-2025,upload,outcome,1,PASSED,,,,boolean,single,0,false,
1027623,154686,1,System-Design-Class-Diagram-2025,upload,outcome,1,MAXSCORE,,,,float,single,40,40,
1027623,154686,1,System-Design-Class-Diagram-2025,upload,template,1,RESPONSE_CORRECTRESPONSE_POINTS,,,,float,single,40,40,
1027623,154686,1,System-Design-Class-Diagram-2025,upload,template,1,RESPONSE-ACTION,,,,float,single,correct,40,
1027623,154686,1,System-Design-Class-Diagram-2025,upload,,0,SCORE,,,,float,single,,8.5,
1027623,154686,1,System-Design-Class-Diagram-2025,upload,,0,MAX_SCORE,,,,float,single,,40,
1027623,154686,1,System-Design-Class-Diagram-2025,upload,,0,COMPLETION_STATUS,,,,identifier,single,,completed,
1027375,152450,1,System-Design-Class-Diagram-2025,upload,response,1,RESPONSE,,,,file,single,,[REDACTED],[]
1027375,152450,1,System-Design-Class-Diagram-2025,upload,outcome,1,SUBSCORE-1,Class Client.,0,1,float,single,,1,
1027375,152450,1,System-Design-Class-Diagram-2025,upload,outcome,1,SUBSCORE-2,Class Project,0,1,float,single,,1,
1027375,152450,1,System-Design-Class-Diagram-2025,upload,outcome,1,SUBSCORE-3,Association: Client commissions Project.,0,1,float,single,,1,
1027375,152450,1,System-Design-Class-Diagram-2025,upload,outcome,1,SUBSCORE-4,Multiplicity: Client commissions 1..* Projects.,0,1,float,single,,1,
1027375,152450,1,System-Design-Class-Diagram-2025,upload,outcome,1,SUBSCORE-5,Multiplicity: Project is commissioned by 1 Client.,0,1,float,single,,1,
1027375,152450,1,System-Design-Class-Diagram-2025,upload,outcome,1,SUBSCORE-6,Class Deliverable.,0,1,float,single,,1,
1027375,152450,1,System-Design-Class-Diagram-2025,upload,outcome,1,SUBSCORE-7,Association: Project has Deliverable.,0,1,float,single,,1,
1027375,152450,1,System-Design-Class-Diagram-2025,upload,outcome,1,SUBSCORE-8,"Multiplicity: Project has * Deliverables. 
(*, 0..* or 1..* accepted).",0,1,float,single,,1,
1027375,152450,1,System-Design-Class-Diagram-2025,upload,outcome,1,SUBSCORE-9,Multiplicity: Deliverable belongs to 1 project.,0,1,float,single,,1,
1027375,152450,1,System-Design-Class-Diagram-2025,upload,outcome,1,SUBSCORE-10,Class Team.,0,1,float,single,,1,
1027375,152450,1,System-Design-Class-Diagram-2025,upload,outcome,1,SUBSCORE-11,Association: Team works on Project.,0,1,float,single,,1,
1027375,152450,1,System-Design-Class-Diagram-2025,upload,outcome,1,SUBSCORE-12,Multiplicity: Team works on 1..* Projects.,0,1,float,single,,1,
1027375,152450,1,System-Design-Class-Diagram-2025,upload,outcome,1,SUBSCORE-13,Multiplicity: Project is handled by 1 Team.,0,1,float,single,,1,
1027375,152450,1,System-Design-Class-Diagram-2025,upload,outcome,1,SUBSCORE-14,"Class Member.
Some students will create a class Profile also and link Member to Profile, this is accepted.",0,1,float,single,,1,
1027375,152450,1,System-Design-Class-Diagram-2025,upload,outcome,1,SUBSCORE-15,Association: Member belongs to Team.,0,1,float,single,,1,
1027375,152450,1,System-Design-Class-Diagram-2025,upload,outcome,1,SUBSCORE-16,"Multiplicity: Member belongs to * Teams.
(*, 0..* or 1..* accepted).",0,1,float,single,,1,
1027375,152450,1,System-Design-Class-Diagram-2025,upload,outcome,1,SUBSCORE-17,"Multiplicity: Team has 1..* Members.
(*, 0..*, 1..* accepted).",0,1,float,single,,1,
1027375,152450,1,System-Design-Class-Diagram-2025,upload,outcome,1,SUBSCORE-18,Association: Member leads Team.,0,1,float,single,,0,
1027375,152450,1,System-Design-Class-Diagram-2025,upload,outcome,1,SUBSCORE-19,Multiplicity: Member leads 0..* Teams.,0,1,float,single,,0,
1027375,152450,1,System-Design-Class-Diagram-2025,upload,outcome,1,SUBSCORE-20,Multiplicity: Team is led by 1 Member.,0,1,float,single,,0,
1027375,152450,1,System-Design-Class-Diagram-2025,upload,outcome,1,SUBSCORE-21,"Association Class: Membership.
This class will sit between Member and Team and will keep track of the role of the Member in the team, the date they joined and when they left the team.
Some students might model this class a Class (not association class), this is accepted.",0,1,float,single,,1,
1027375,152450,1,System-Design-Class-Diagram-2025,upload,outcome,1,SUBSCORE-22,Class Developer.,0,1,float,single,,1,
1027375,152450,1,System-Design-Class-Diagram-2025,upload,outcome,1,SUBSCORE-23,Inheritance: Developer inherits from Member.,0,1,float,single,,1,
1027375,152450,1,System-Design-Class-Diagram-2025,upload,outcome,1,SUBSCORE-24,Class Training.,0,1,float,single,,1,
1027375,152450,1,System-Design-Class-Diagram-2025,upload,outcome,1,SUBSCORE-25,Association: Developer attends Training.,0,1,float,single,,0.5,
1027375,152450,1,System-Design-Class-Diagram-2025,upload,outcome,1,SUBSCORE-26,"Multiplicity: Developer attends * Trainings.
(*, 0..* or 1..* accepted).",0,1,float,single,,1,
1027375,152450,1,System-Design-Class-Diagram-2025,upload,outcome,1,SUBSCORE-27,"Multiplicity: Training attended by * Developers.
(*, 0..* or 1..* accepted).",0,1,float,single,,1,
1027375,152450,1,System-Design-Class-Diagram-2025,upload,outcome,1,SUBSCORE-28,Class Resource.,0,1,float,single,,1,
1027375,152450,1,System-Design-Class-Diagram-2025,upload,outcome,1,SUBSCORE-29,Association: Project requires Resource.,0,1,float,single,,1,
1027375,152450,1,System-Design-Class-Diagram-2025,upload,outcome,1,SUBSCORE-30,"Multiplicity: Project requires * Resources.
(*, 0..* or 1..* accepted).",0,1,float,single,,1,
1027375,152450,1,System-Design-Class-Diagram-2025,upload,outcome,1,SUBSCORE-31,"Multiplicity: Resource used by 1 Project.
We don't specify whether resources can be shared or not, so if the student models this as * or 1..*, this is also accepted.",0,1,float,single,,1,
1027375,152450,1,System-Design-Class-Diagram-2025,upload,outcome,1,SUBSCORE-32,Association: Member allocates Resource.,0,2,float,single,,1,
1027375,152450,1,System-Design-Class-Diagram-2025,upload,outcome,1,SUBSCORE-33,"Multiplicity: Member allocates * Resources.
(*, 0..* or 1..* accepted).",0,1,float,single,,1,
1027375,152450,1,System-Design-Class-Diagram-2025,upload,outcome,1,SUBSCORE-34,Multiplicity: Resource is allocated by 1 Member.,0,2,float,single,,2,
1027375,152450,1,System-Design-Class-Diagram-2025,upload,outcome,1,SUBSCORE-35,Class Resource Type.,0,1,float,single,,1,
1027375,152450,1,System-Design-Class-Diagram-2025,upload,outcome,1,SUBSCORE-36,Association: Resource belongs to Resource Type.,0,1,float,single,,0.5,
1027375,152450,1,System-Design-Class-Diagram-2025,upload,outcome,1,SUBSCORE-37,Multiplicity: Resource belongs to 1 Resource Type.,0,1,float,single,,1,
1027375,152450,1,System-Design-Class-Diagram-2025,upload,outcome,1,SUBSCORE-38,"Multiplicity: Resource Type has * Resources.
(*, 0..* or 1..* accepted).",0,1,float,single,,1,
1027375,152450,1,System-Design-Class-Diagram-2025,upload,outcome,1,PASSED,,,,boolean,single,0,false,
1027375,152450,1,System-Design-Class-Diagram-2025,upload,outcome,1,MAXSCORE,,,,float,single,40,40,
1027375,152450,1,System-Design-Class-Diagram-2025,upload,template,1,RESPONSE_CORRECTRESPONSE_POINTS,,,,float,single,40,40,
1027375,152450,1,System-Design-Class-Diagram-2025,upload,template,1,RESPONSE-ACTION,,,,float,single,correct,40,
1027375,152450,1,System-Design-Class-Diagram-2025,upload,,0,SCORE,,,,float,single,,35,
1027375,152450,1,System-Design-Class-Diagram-2025,upload,,0,MAX_SCORE,,,,float,single,,40,
1027375,152450,1,System-Design-Class-Diagram-2025,upload,,0,COMPLETION_STATUS,,,,identifier,single,,completed,
1027511,152186,1,System-Design-Class-Diagram-2025,upload,response,1,RESPONSE,,,,file,single,,[REDACTED],[]
1027511,152186,1,System-Design-Class-Diagram-2025,upload,outcome,1,SUBSCORE-1,Class Client.,0,1,float,single,,1,
1027511,152186,1,System-Design-Class-Diagram-2025,upload,outcome,1,SUBSCORE-2,Class Project,0,1,float,single,,1,
1027511,152186,1,System-Design-Class-Diagram-2025,upload,outcome,1,SUBSCORE-3,Association: Client commissions Project.,0,1,float,single,,1,
1027511,152186,1,System-Design-Class-Diagram-2025,upload,outcome,1,SUBSCORE-4,Multiplicity: Client commissions 1..* Projects.,0,1,float,single,,1,
1027511,152186,1,System-Design-Class-Diagram-2025,upload,outcome,1,SUBSCORE-5,Multiplicity: Project is commissioned by 1 Client.,0,1,float,single,,1,
1027511,152186,1,System-Design-Class-Diagram-2025,upload,outcome,1,SUBSCORE-6,Class Deliverable.,0,1,float,single,,1,
1027511,152186,1,System-Design-Class-Diagram-2025,upload,outcome,1,SUBSCORE-7,Association: Project has Deliverable.,0,1,float,single,,1,
1027511,152186,1,System-Design-Class-Diagram-2025,upload,outcome,1,SUBSCORE-8,"Multiplicity: Project has * Deliverables. 
(*, 0..* or 1..* accepted).",0,1,float,single,,1,
1027511,152186,1,System-Design-Class-Diagram-2025,upload,outcome,1,SUBSCORE-9,Multiplicity: Deliverable belongs to 1 project.,0,1,float,single,,1,
1027511,152186,1,System-Design-Class-Diagram-2025,upload,outcome,1,SUBSCORE-10,Class Team.,0,1,float,single,,1,
1027511,152186,1,System-Design-Class-Diagram-2025,upload,outcome,1,SUBSCORE-11,Association: Team works on Project.,0,1,float,single,,1,
1027511,152186,1,System-Design-Class-Diagram-2025,upload,outcome,1,SUBSCORE-12,Multiplicity: Team works on 1..* Projects.,0,1,float,single,,0,
1027511,152186,1,System-Design-Class-Diagram-2025,upload,outcome,1,SUBSCORE-13,Multiplicity: Project is handled by 1 Team.,0,1,float,single,,1,
1027511,152186,1,System-Design-Class-Diagram-2025,upload,outcome,1,SUBSCORE-14,"Class Member.
Some students will create a class Profile also and link Member to Profile, this is accepted.",0,1,float,single,,1,
1027511,152186,1,System-Design-Class-Diagram-2025,upload,outcome,1,SUBSCORE-15,Association: Member belongs to Team.,0,1,float,single,,1,
1027511,152186,1,System-Design-Class-Diagram-2025,upload,outcome,1,SUBSCORE-16,"Multiplicity: Member belongs to * Teams.
(*, 0..* or 1..* accepted).",0,1,float,single,,1,
1027511,152186,1,System-Design-Class-Diagram-2025,upload,outcome,1,SUBSCORE-17,"Multiplicity: Team has 1..* Members.
(*, 0..*, 1..* accepted).",0,1,float,single,,1,
1027511,152186,1,System-Design-Class-Diagram-2025,upload,outcome,1,SUBSCORE-18,Association: Member leads Team.,0,1,float,single,,1,
1027511,152186,1,System-Design-Class-Diagram-2025,upload,outcome,1,SUBSCORE-19,Multiplicity: Member leads 0..* Teams.,0,1,float,single,,0,
1027511,152186,1,System-Design-Class-Diagram-2025,upload,outcome,1,SUBSCORE-20,Multiplicity: Team is led by 1 Member.,0,1,float,single,,1,
1027511,152186,1,System-Design-Class-Diagram-2025,upload,outcome,1,SUBSCORE-21,"Association Class: Membership.
This class will sit between Member and Team and will keep track of the role of the Member in the team, the date they joined and when they left the team.
Some students might model this class a Class (not association class), this is accepted.",0,1,float,single,,1,
1027511,152186,1,System-Design-Class-Diagram-2025,upload,outcome,1,SUBSCORE-22,Class Developer.,0,1,float,single,,1,
1027511,152186,1,System-Design-Class-Diagram-2025,upload,outcome,1,SUBSCORE-23,Inheritance: Developer inherits from Member.,0,1,float,single,,1,
1027511,152186,1,System-Design-Class-Diagram-2025,upload,outcome,1,SUBSCORE-24,Class Training.,0,1,float,single,,1,
1027511,152186,1,System-Design-Class-Diagram-2025,upload,outcome,1,SUBSCORE-25,Association: Developer attends Training.,0,1,float,single,,1,
1027511,152186,1,System-Design-Class-Diagram-2025,upload,outcome,1,SUBSCORE-26,"Multiplicity: Developer attends * Trainings.
(*, 0..* or 1..* accepted).",0,1,float,single,,1,
1027511,152186,1,System-Design-Class-Diagram-2025,upload,outcome,1,SUBSCORE-27,"Multiplicity: Training attended by * Developers.
(*, 0..* or 1..* accepted).",0,1,float,single,,1,
1027511,152186,1,System-Design-Class-Diagram-2025,upload,outcome,1,SUBSCORE-28,Class Resource.,0,1,float,single,,1,
1027511,152186,1,System-Design-Class-Diagram-2025,upload,outcome,1,SUBSCORE-29,Association: Project requires Resource.,0,1,float,single,,1,
1027511,152186,1,System-Design-Class-Diagram-2025,upload,outcome,1,SUBSCORE-30,"Multiplicity: Project requires * Resources.
(*, 0..* or 1..* accepted).",0,1,float,single,,1,
1027511,152186,1,System-Design-Class-Diagram-2025,upload,outcome,1,SUBSCORE-31,"Multiplicity: Resource used by 1 Project.
We don't specify whether resources can be shared or not, so if the student models this as * or 1..*, this is also accepted.",0,1,float,single,,1,
1027511,152186,1,System-Design-Class-Diagram-2025,upload,outcome,1,SUBSCORE-32,Association: Member allocates Resource.,0,2,float,single,,1,
1027511,152186,1,System-Design-Class-Diagram-2025,upload,outcome,1,SUBSCORE-33,"Multiplicity: Member allocates * Resources.
(*, 0..* or 1..* accepted).",0,1,float,single,,1,
1027511,152186,1,System-Design-Class-Diagram-2025,upload,outcome,1,SUBSCORE-34,Multiplicity: Resource is allocated by 1 Member.,0,2,float,single,,1,
1027511,152186,1,System-Design-Class-Diagram-2025,upload,outcome,1,SUBSCORE-35,Class Resource Type.,0,1,float,single,,1,
1027511,152186,1,System-Design-Class-Diagram-2025,upload,outcome,1,SUBSCORE-36,Association: Resource belongs to Resource Type.,0,1,float,single,,1,
1027511,152186,1,System-Design-Class-Diagram-2025,upload,outcome,1,SUBSCORE-37,Multiplicity: Resource belongs to 1 Resource Type.,0,1,float,single,,1,
1027511,152186,1,System-Design-Class-Diagram-2025,upload,outcome,1,SUBSCORE-38,"Multiplicity: Resource Type has * Resources.
(*, 0..* or 1..* accepted).",0,1,float,single,,1,
1027511,152186,1,System-Design-Class-Diagram-2025,upload,outcome,1,PASSED,,,,boolean,single,0,false,
1027511,152186,1,System-Design-Class-Diagram-2025,upload,outcome,1,MAXSCORE,,,,float,single,40,40,
1027511,152186,1,System-Design-Class-Diagram-2025,upload,template,1,RESPONSE_CORRECTRESPONSE_POINTS,,,,float,single,40,40,
1027511,152186,1,System-Design-Class-Diagram-2025,upload,template,1,RESPONSE-ACTION,,,,float,single,correct,40,
1027511,152186,1,System-Design-Class-Diagram-2025,upload,,0,SCORE,,,,float,single,,36,
1027511,152186,1,System-Design-Class-Diagram-2025,upload,,0,MAX_SCORE,,,,float,single,,40,
1027511,152186,1,System-Design-Class-Diagram-2025,upload,,0,COMPLETION_STATUS,,,,identifier,single,,completed,
1027454,154282,1,System-Design-Class-Diagram-2025,upload,response,1,RESPONSE,,,,file,single,,[REDACTED],[]
1027454,154282,1,System-Design-Class-Diagram-2025,upload,outcome,1,SUBSCORE-1,Class Client.,0,1,float,single,,1,
1027454,154282,1,System-Design-Class-Diagram-2025,upload,outcome,1,SUBSCORE-2,Class Project,0,1,float,single,,1,
1027454,154282,1,System-Design-Class-Diagram-2025,upload,outcome,1,SUBSCORE-3,Association: Client commissions Project.,0,1,float,single,,1,
1027454,154282,1,System-Design-Class-Diagram-2025,upload,outcome,1,SUBSCORE-4,Multiplicity: Client commissions 1..* Projects.,0,1,float,single,,1,
1027454,154282,1,System-Design-Class-Diagram-2025,upload,outcome,1,SUBSCORE-5,Multiplicity: Project is commissioned by 1 Client.,0,1,float,single,,1,
1027454,154282,1,System-Design-Class-Diagram-2025,upload,outcome,1,SUBSCORE-6,Class Deliverable.,0,1,float,single,,1,
1027454,154282,1,System-Design-Class-Diagram-2025,upload,outcome,1,SUBSCORE-7,Association: Project has Deliverable.,0,1,float,single,,1,
1027454,154282,1,System-Design-Class-Diagram-2025,upload,outcome,1,SUBSCORE-8,"Multiplicity: Project has * Deliverables. 
(*, 0..* or 1..* accepted).",0,1,float,single,,1,
1027454,154282,1,System-Design-Class-Diagram-2025,upload,outcome,1,SUBSCORE-9,Multiplicity: Deliverable belongs to 1 project.,0,1,float,single,,1,
1027454,154282,1,System-Design-Class-Diagram-2025,upload,outcome,1,SUBSCORE-10,Class Team.,0,1,float,single,,1,
1027454,154282,1,System-Design-Class-Diagram-2025,upload,outcome,1,SUBSCORE-11,Association: Team works on Project.,0,1,float,single,,0.5,
1027454,154282,1,System-Design-Class-Diagram-2025,upload,outcome,1,SUBSCORE-12,Multiplicity: Team works on 1..* Projects.,0,1,float,single,,1,
1027454,154282,1,System-Design-Class-Diagram-2025,upload,outcome,1,SUBSCORE-13,Multiplicity: Project is handled by 1 Team.,0,1,float,single,,1,
1027454,154282,1,System-Design-Class-Diagram-2025,upload,outcome,1,SUBSCORE-14,"Class Member.
Some students will create a class Profile also and link Member to Profile, this is accepted.",0,1,float,single,,1,
1027454,154282,1,System-Design-Class-Diagram-2025,upload,outcome,1,SUBSCORE-15,Association: Member belongs to Team.,0,1,float,single,,1,
1027454,154282,1,System-Design-Class-Diagram-2025,upload,outcome,1,SUBSCORE-16,"Multiplicity: Member belongs to * Teams.
(*, 0..* or 1..* accepted).",0,1,float,single,,1,
1027454,154282,1,System-Design-Class-Diagram-2025,upload,outcome,1,SUBSCORE-17,"Multiplicity: Team has 1..* Members.
(*, 0..*, 1..* accepted).",0,1,float,single,,1,
1027454,154282,1,System-Design-Class-Diagram-2025,upload,outcome,1,SUBSCORE-18,Association: Member leads Team.,0,1,float,single,,1,
1027454,154282,1,System-Design-Class-Diagram-2025,upload,outcome,1,SUBSCORE-19,Multiplicity: Member leads 0..* Teams.,0,1,float,single,,1,
1027454,154282,1,System-Design-Class-Diagram-2025,upload,outcome,1,SUBSCORE-20,Multiplicity: Team is led by 1 Member.,0,1,float,single,,1,
1027454,154282,1,System-Design-Class-Diagram-2025,upload,outcome,1,SUBSCORE-21,"Association Class: Membership.
This class will sit between Member and Team and will keep track of the role of the Member in the team, the date they joined and when they left the team.
Some students might model this class a Class (not association class), this is accepted.",0,1,float,single,,1,
1027454,154282,1,System-Design-Class-Diagram-2025,upload,outcome,1,SUBSCORE-22,Class Developer.,0,1,float,single,,1,
1027454,154282,1,System-Design-Class-Diagram-2025,upload,outcome,1,SUBSCORE-23,Inheritance: Developer inherits from Member.,0,1,float,single,,1,
1027454,154282,1,System-Design-Class-Diagram-2025,upload,outcome,1,SUBSCORE-24,Class Training.,0,1,float,single,,1,
1027454,154282,1,System-Design-Class-Diagram-2025,upload,outcome,1,SUBSCORE-25,Association: Developer attends Training.,0,1,float,single,,1,
1027454,154282,1,System-Design-Class-Diagram-2025,upload,outcome,1,SUBSCORE-26,"Multiplicity: Developer attends * Trainings.
(*, 0..* or 1..* accepted).",0,1,float,single,,1,
1027454,154282,1,System-Design-Class-Diagram-2025,upload,outcome,1,SUBSCORE-27,"Multiplicity: Training attended by * Developers.
(*, 0..* or 1..* accepted).",0,1,float,single,,1,
1027454,154282,1,System-Design-Class-Diagram-2025,upload,outcome,1,SUBSCORE-28,Class Resource.,0,1,float,single,,1,
1027454,154282,1,System-Design-Class-Diagram-2025,upload,outcome,1,SUBSCORE-29,Association: Project requires Resource.,0,1,float,single,,0.5,
1027454,154282,1,System-Design-Class-Diagram-2025,upload,outcome,1,SUBSCORE-30,"Multiplicity: Project requires * Resources.
(*, 0..* or 1..* accepted).",0,1,float,single,,1,
1027454,154282,1,System-Design-Class-Diagram-2025,upload,outcome,1,SUBSCORE-31,"Multiplicity: Resource used by 1 Project.
We don't specify whether resources can be shared or not, so if the student models this as * or 1..*, this is also accepted.",0,1,float,single,,1,
1027454,154282,1,System-Design-Class-Diagram-2025,upload,outcome,1,SUBSCORE-32,Association: Member allocates Resource.,0,2,float,single,,0,
1027454,154282,1,System-Design-Class-Diagram-2025,upload,outcome,1,SUBSCORE-33,"Multiplicity: Member allocates * Resources.
(*, 0..* or 1..* accepted).",0,1,float,single,,0,
1027454,154282,1,System-Design-Class-Diagram-2025,upload,outcome,1,SUBSCORE-34,Multiplicity: Resource is allocated by 1 Member.,0,2,float,single,,0,
1027454,154282,1,System-Design-Class-Diagram-2025,upload,outcome,1,SUBSCORE-35,Class Resource Type.,0,1,float,single,,1,
1027454,154282,1,System-Design-Class-Diagram-2025,upload,outcome,1,SUBSCORE-36,Association: Resource belongs to Resource Type.,0,1,float,single,,1,
1027454,154282,1,System-Design-Class-Diagram-2025,upload,outcome,1,SUBSCORE-37,Multiplicity: Resource belongs to 1 Resource Type.,0,1,float,single,,1,
1027454,154282,1,System-Design-Class-Diagram-2025,upload,outcome,1,SUBSCORE-38,"Multiplicity: Resource Type has * Resources.
(*, 0..* or 1..* accepted).",0,1,float,single,,1,
1027454,154282,1,System-Design-Class-Diagram-2025,upload,outcome,1,PASSED,,,,boolean,single,0,false,
1027454,154282,1,System-Design-Class-Diagram-2025,upload,outcome,1,MAXSCORE,,,,float,single,40,40,
1027454,154282,1,System-Design-Class-Diagram-2025,upload,template,1,RESPONSE_CORRECTRESPONSE_POINTS,,,,float,single,40,40,
1027454,154282,1,System-Design-Class-Diagram-2025,upload,template,1,RESPONSE-ACTION,,,,float,single,correct,40,
1027454,154282,1,System-Design-Class-Diagram-2025,upload,,0,SCORE,,,,float,single,,34,
1027454,154282,1,System-Design-Class-Diagram-2025,upload,,0,MAX_SCORE,,,,float,single,,40,
1027454,154282,1,System-Design-Class-Diagram-2025,upload,,0,COMPLETION_STATUS,,,,identifier,single,,completed,
1027571,142095,1,System-Design-Class-Diagram-2025,upload,response,1,RESPONSE,,,,file,single,,[REDACTED],[]
1027571,142095,1,System-Design-Class-Diagram-2025,upload,outcome,1,SUBSCORE-1,Class Client.,0,1,float,single,,1,
1027571,142095,1,System-Design-Class-Diagram-2025,upload,outcome,1,SUBSCORE-2,Class Project,0,1,float,single,,1,
1027571,142095,1,System-Design-Class-Diagram-2025,upload,outcome,1,SUBSCORE-3,Association: Client commissions Project.,0,1,float,single,,1,
1027571,142095,1,System-Design-Class-Diagram-2025,upload,outcome,1,SUBSCORE-4,Multiplicity: Client commissions 1..* Projects.,0,1,float,single,,1,
1027571,142095,1,System-Design-Class-Diagram-2025,upload,outcome,1,SUBSCORE-5,Multiplicity: Project is commissioned by 1 Client.,0,1,float,single,,1,
1027571,142095,1,System-Design-Class-Diagram-2025,upload,outcome,1,SUBSCORE-6,Class Deliverable.,0,1,float,single,,1,
1027571,142095,1,System-Design-Class-Diagram-2025,upload,outcome,1,SUBSCORE-7,Association: Project has Deliverable.,0,1,float,single,,1,
1027571,142095,1,System-Design-Class-Diagram-2025,upload,outcome,1,SUBSCORE-8,"Multiplicity: Project has * Deliverables. 
(*, 0..* or 1..* accepted).",0,1,float,single,,1,
1027571,142095,1,System-Design-Class-Diagram-2025,upload,outcome,1,SUBSCORE-9,Multiplicity: Deliverable belongs to 1 project.,0,1,float,single,,1,
1027571,142095,1,System-Design-Class-Diagram-2025,upload,outcome,1,SUBSCORE-10,Class Team.,0,1,float,single,,1,
1027571,142095,1,System-Design-Class-Diagram-2025,upload,outcome,1,SUBSCORE-11,Association: Team works on Project.,0,1,float,single,,1,
1027571,142095,1,System-Design-Class-Diagram-2025,upload,outcome,1,SUBSCORE-12,Multiplicity: Team works on 1..* Projects.,0,1,float,single,,1,
1027571,142095,1,System-Design-Class-Diagram-2025,upload,outcome,1,SUBSCORE-13,Multiplicity: Project is handled by 1 Team.,0,1,float,single,,1,
1027571,142095,1,System-Design-Class-Diagram-2025,upload,outcome,1,SUBSCORE-14,"Class Member.
Some students will create a class Profile also and link Member to Profile, this is accepted.",0,1,float,single,,1,
1027571,142095,1,System-Design-Class-Diagram-2025,upload,outcome,1,SUBSCORE-15,Association: Member belongs to Team.,0,1,float,single,,0.5,
1027571,142095,1,System-Design-Class-Diagram-2025,upload,outcome,1,SUBSCORE-16,"Multiplicity: Member belongs to * Teams.
(*, 0..* or 1..* accepted).",0,1,float,single,,1,
1027571,142095,1,System-Design-Class-Diagram-2025,upload,outcome,1,SUBSCORE-17,"Multiplicity: Team has 1..* Members.
(*, 0..*, 1..* accepted).",0,1,float,single,,1,
1027571,142095,1,System-Design-Class-Diagram-2025,upload,outcome,1,SUBSCORE-18,Association: Member leads Team.,0,1,float,single,,1,
1027571,142095,1,System-Design-Class-Diagram-2025,upload,outcome,1,SUBSCORE-19,Multiplicity: Member leads 0..* Teams.,0,1,float,single,,0,
1027571,142095,1,System-Design-Class-Diagram-2025,upload,outcome,1,SUBSCORE-20,Multiplicity: Team is led by 1 Member.,0,1,float,single,,1,
1027571,142095,1,System-Design-Class-Diagram-2025,upload,outcome,1,SUBSCORE-21,"Association Class: Membership.
This class will sit between Member and Team and will keep track of the role of the Member in the team, the date they joined and when they left the team.
Some students might model this class a Class (not association class), this is accepted.",0,1,float,single,,1,
1027571,142095,1,System-Design-Class-Diagram-2025,upload,outcome,1,SUBSCORE-22,Class Developer.,0,1,float,single,,1,
1027571,142095,1,System-Design-Class-Diagram-2025,upload,outcome,1,SUBSCORE-23,Inheritance: Developer inherits from Member.,0,1,float,single,,1,
1027571,142095,1,System-Design-Class-Diagram-2025,upload,outcome,1,SUBSCORE-24,Class Training.,0,1,float,single,,1,
1027571,142095,1,System-Design-Class-Diagram-2025,upload,outcome,1,SUBSCORE-25,Association: Developer attends Training.,0,1,float,single,,0.5,
1027571,142095,1,System-Design-Class-Diagram-2025,upload,outcome,1,SUBSCORE-26,"Multiplicity: Developer attends * Trainings.
(*, 0..* or 1..* accepted).",0,1,float,single,,1,
1027571,142095,1,System-Design-Class-Diagram-2025,upload,outcome,1,SUBSCORE-27,"Multiplicity: Training attended by * Developers.
(*, 0..* or 1..* accepted).",0,1,float,single,,1,
1027571,142095,1,System-Design-Class-Diagram-2025,upload,outcome,1,SUBSCORE-28,Class Resource.,0,1,float,single,,1,
1027571,142095,1,System-Design-Class-Diagram-2025,upload,outcome,1,SUBSCORE-29,Association: Project requires Resource.,0,1,float,single,,0.5,
1027571,142095,1,System-Design-Class-Diagram-2025,upload,outcome,1,SUBSCORE-30,"Multiplicity: Project requires * Resources.
(*, 0..* or 1..* accepted).",0,1,float,single,,1,
1027571,142095,1,System-Design-Class-Diagram-2025,upload,outcome,1,SUBSCORE-31,"Multiplicity: Resource used by 1 Project.
We don't specify whether resources can be shared or not, so if the student models this as * or 1..*, this is also accepted.",0,1,float,single,,1,
1027571,142095,1,System-Design-Class-Diagram-2025,upload,outcome,1,SUBSCORE-32,Association: Member allocates Resource.,0,2,float,single,,1,
1027571,142095,1,System-Design-Class-Diagram-2025,upload,outcome,1,SUBSCORE-33,"Multiplicity: Member allocates * Resources.
(*, 0..* or 1..* accepted).",0,1,float,single,,1,
1027571,142095,1,System-Design-Class-Diagram-2025,upload,outcome,1,SUBSCORE-34,Multiplicity: Resource is allocated by 1 Member.,0,2,float,single,,2,
1027571,142095,1,System-Design-Class-Diagram-2025,upload,outcome,1,SUBSCORE-35,Class Resource Type.,0,1,float,single,,0,
1027571,142095,1,System-Design-Class-Diagram-2025,upload,outcome,1,SUBSCORE-36,Association: Resource belongs to Resource Type.,0,1,float,single,,0,
1027571,142095,1,System-Design-Class-Diagram-2025,upload,outcome,1,SUBSCORE-37,Multiplicity: Resource belongs to 1 Resource Type.,0,1,float,single,,0,
1027571,142095,1,System-Design-Class-Diagram-2025,upload,outcome,1,SUBSCORE-38,"Multiplicity: Resource Type has * Resources.
(*, 0..* or 1..* accepted).",0,1,float,single,,0,
1027571,142095,1,System-Design-Class-Diagram-2025,upload,outcome,1,PASSED,,,,boolean,single,0,false,
1027571,142095,1,System-Design-Class-Diagram-2025,upload,outcome,1,MAXSCORE,,,,float,single,40,40,
1027571,142095,1,System-Design-Class-Diagram-2025,upload,template,1,RESPONSE_CORRECTRESPONSE_POINTS,,,,float,single,40,40,
1027571,142095,1,System-Design-Class-Diagram-2025,upload,template,1,RESPONSE-ACTION,,,,float,single,correct,40,
1027571,142095,1,System-Design-Class-Diagram-2025,upload,,0,SCORE,,,,float,single,,32.5,
1027571,142095,1,System-Design-Class-Diagram-2025,upload,,0,MAX_SCORE,,,,float,single,,40,
1027571,142095,1,System-Design-Class-Diagram-2025,upload,,0,COMPLETION_STATUS,,,,identifier,single,,completed,
1027530,154662,1,System-Design-Class-Diagram-2025,upload,response,1,RESPONSE,,,,file,single,,[REDACTED],[]
1027530,154662,1,System-Design-Class-Diagram-2025,upload,outcome,1,SUBSCORE-1,Class Client.,0,1,float,single,,1,
1027530,154662,1,System-Design-Class-Diagram-2025,upload,outcome,1,SUBSCORE-2,Class Project,0,1,float,single,,1,
1027530,154662,1,System-Design-Class-Diagram-2025,upload,outcome,1,SUBSCORE-3,Association: Client commissions Project.,0,1,float,single,,1,
1027530,154662,1,System-Design-Class-Diagram-2025,upload,outcome,1,SUBSCORE-4,Multiplicity: Client commissions 1..* Projects.,0,1,float,single,,0,
1027530,154662,1,System-Design-Class-Diagram-2025,upload,outcome,1,SUBSCORE-5,Multiplicity: Project is commissioned by 1 Client.,0,1,float,single,,0,
1027530,154662,1,System-Design-Class-Diagram-2025,upload,outcome,1,SUBSCORE-6,Class Deliverable.,0,1,float,single,,1,
1027530,154662,1,System-Design-Class-Diagram-2025,upload,outcome,1,SUBSCORE-7,Association: Project has Deliverable.,0,1,float,single,,0.5,
1027530,154662,1,System-Design-Class-Diagram-2025,upload,outcome,1,SUBSCORE-8,"Multiplicity: Project has * Deliverables. 
(*, 0..* or 1..* accepted).",0,1,float,single,,0,
1027530,154662,1,System-Design-Class-Diagram-2025,upload,outcome,1,SUBSCORE-9,Multiplicity: Deliverable belongs to 1 project.,0,1,float,single,,0,
1027530,154662,1,System-Design-Class-Diagram-2025,upload,outcome,1,SUBSCORE-10,Class Team.,0,1,float,single,,1,
1027530,154662,1,System-Design-Class-Diagram-2025,upload,outcome,1,SUBSCORE-11,Association: Team works on Project.,0,1,float,single,,0.5,
1027530,154662,1,System-Design-Class-Diagram-2025,upload,outcome,1,SUBSCORE-12,Multiplicity: Team works on 1..* Projects.,0,1,float,single,,0,
1027530,154662,1,System-Design-Class-Diagram-2025,upload,outcome,1,SUBSCORE-13,Multiplicity: Project is handled by 1 Team.,0,1,float,single,,1,
1027530,154662,1,System-Design-Class-Diagram-2025,upload,outcome,1,SUBSCORE-14,"Class Member.
Some students will create a class Profile also and link Member to Profile, this is accepted.",0,1,float,single,,1,
1027530,154662,1,System-Design-Class-Diagram-2025,upload,outcome,1,SUBSCORE-15,Association: Member belongs to Team.,0,1,float,single,,0.5,
1027530,154662,1,System-Design-Class-Diagram-2025,upload,outcome,1,SUBSCORE-16,"Multiplicity: Member belongs to * Teams.
(*, 0..* or 1..* accepted).",0,1,float,single,,1,
1027530,154662,1,System-Design-Class-Diagram-2025,upload,outcome,1,SUBSCORE-17,"Multiplicity: Team has 1..* Members.
(*, 0..*, 1..* accepted).",0,1,float,single,,1,
1027530,154662,1,System-Design-Class-Diagram-2025,upload,outcome,1,SUBSCORE-18,Association: Member leads Team.,0,1,float,single,,0,
1027530,154662,1,System-Design-Class-Diagram-2025,upload,outcome,1,SUBSCORE-19,Multiplicity: Member leads 0..* Teams.,0,1,float,single,,0,
1027530,154662,1,System-Design-Class-Diagram-2025,upload,outcome,1,SUBSCORE-20,Multiplicity: Team is led by 1 Member.,0,1,float,single,,0,
1027530,154662,1,System-Design-Class-Diagram-2025,upload,outcome,1,SUBSCORE-21,"Association Class: Membership.
This class will sit between Member and Team and will keep track of the role of the Member in the team, the date they joined and when they left the team.
Some students might model this class a Class (not association class), this is accepted.",0,1,float,single,,1,
1027530,154662,1,System-Design-Class-Diagram-2025,upload,outcome,1,SUBSCORE-22,Class Developer.,0,1,float,single,,1,
1027530,154662,1,System-Design-Class-Diagram-2025,upload,outcome,1,SUBSCORE-23,Inheritance: Developer inherits from Member.,0,1,float,single,,0,
1027530,154662,1,System-Design-Class-Diagram-2025,upload,outcome,1,SUBSCORE-24,Class Training.,0,1,float,single,,1,
1027530,154662,1,System-Design-Class-Diagram-2025,upload,outcome,1,SUBSCORE-25,Association: Developer attends Training.,0,1,float,single,,1,
1027530,154662,1,System-Design-Class-Diagram-2025,upload,outcome,1,SUBSCORE-26,"Multiplicity: Developer attends * Trainings.
(*, 0..* or 1..* accepted).",0,1,float,single,,1,
1027530,154662,1,System-Design-Class-Diagram-2025,upload,outcome,1,SUBSCORE-27,"Multiplicity: Training attended by * Developers.
(*, 0..* or 1..* accepted).",0,1,float,single,,1,
1027530,154662,1,System-Design-Class-Diagram-2025,upload,outcome,1,SUBSCORE-28,Class Resource.,0,1,float,single,,0.5,
1027530,154662,1,System-Design-Class-Diagram-2025,upload,outcome,1,SUBSCORE-29,Association: Project requires Resource.,0,1,float,single,,0.5,
1027530,154662,1,System-Design-Class-Diagram-2025,upload,outcome,1,SUBSCORE-30,"Multiplicity: Project requires * Resources.
(*, 0..* or 1..* accepted).",0,1,float,single,,1,
1027530,154662,1,System-Design-Class-Diagram-2025,upload,outcome,1,SUBSCORE-31,"Multiplicity: Resource used by 1 Project.
We don't specify whether resources can be shared or not, so if the student models this as * or 1..*, this is also accepted.",0,1,float,single,,1,
1027530,154662,1,System-Design-Class-Diagram-2025,upload,outcome,1,SUBSCORE-32,Association: Member allocates Resource.,0,2,float,single,,0,
1027530,154662,1,System-Design-Class-Diagram-2025,upload,outcome,1,SUBSCORE-33,"Multiplicity: Member allocates * Resources.
(*, 0..* or 1..* accepted).",0,1,float,single,,0,
1027530,154662,1,System-Design-Class-Diagram-2025,upload,outcome,1,SUBSCORE-34,Multiplicity: Resource is allocated by 1 Member.,0,2,float,single,,0,
1027530,154662,1,System-Design-Class-Diagram-2025,upload,outcome,1,SUBSCORE-35,Class Resource Type.,0,1,float,single,,0,
1027530,154662,1,System-Design-Class-Diagram-2025,upload,outcome,1,SUBSCORE-36,Association: Resource belongs to Resource Type.,0,1,float,single,,0,
1027530,154662,1,System-Design-Class-Diagram-2025,upload,outcome,1,SUBSCORE-37,Multiplicity: Resource belongs to 1 Resource Type.,0,1,float,single,,0,
1027530,154662,1,System-Design-Class-Diagram-2025,upload,outcome,1,SUBSCORE-38,"Multiplicity: Resource Type has * Resources.
(*, 0..* or 1..* accepted).",0,1,float,single,,0,
1027530,154662,1,System-Design-Class-Diagram-2025,upload,outcome,1,PASSED,,,,boolean,single,0,false,
1027530,154662,1,System-Design-Class-Diagram-2025,upload,outcome,1,MAXSCORE,,,,float,single,40,40,
1027530,154662,1,System-Design-Class-Diagram-2025,upload,template,1,RESPONSE_CORRECTRESPONSE_POINTS,,,,float,single,40,40,
1027530,154662,1,System-Design-Class-Diagram-2025,upload,template,1,RESPONSE-ACTION,,,,float,single,correct,40,
1027530,154662,1,System-Design-Class-Diagram-2025,upload,,0,SCORE,,,,float,single,,19.5,
1027530,154662,1,System-Design-Class-Diagram-2025,upload,,0,MAX_SCORE,,,,float,single,,40,
1027530,154662,1,System-Design-Class-Diagram-2025,upload,,0,COMPLETION_STATUS,,,,identifier,single,,completed,
1027483,148588,1,System-Design-Class-Diagram-2025,upload,response,1,RESPONSE,,,,file,single,,[REDACTED],[]
1027483,148588,1,System-Design-Class-Diagram-2025,upload,outcome,1,SUBSCORE-1,Class Client.,0,1,float,single,,1,
1027483,148588,1,System-Design-Class-Diagram-2025,upload,outcome,1,SUBSCORE-2,Class Project,0,1,float,single,,1,
1027483,148588,1,System-Design-Class-Diagram-2025,upload,outcome,1,SUBSCORE-3,Association: Client commissions Project.,0,1,float,single,,1,
1027483,148588,1,System-Design-Class-Diagram-2025,upload,outcome,1,SUBSCORE-4,Multiplicity: Client commissions 1..* Projects.,0,1,float,single,,0.5,
1027483,148588,1,System-Design-Class-Diagram-2025,upload,outcome,1,SUBSCORE-5,Multiplicity: Project is commissioned by 1 Client.,0,1,float,single,,1,
1027483,148588,1,System-Design-Class-Diagram-2025,upload,outcome,1,SUBSCORE-6,Class Deliverable.,0,1,float,single,,0,
1027483,148588,1,System-Design-Class-Diagram-2025,upload,outcome,1,SUBSCORE-7,Association: Project has Deliverable.,0,1,float,single,,0,
1027483,148588,1,System-Design-Class-Diagram-2025,upload,outcome,1,SUBSCORE-8,"Multiplicity: Project has * Deliverables. 
(*, 0..* or 1..* accepted).",0,1,float,single,,0,
1027483,148588,1,System-Design-Class-Diagram-2025,upload,outcome,1,SUBSCORE-9,Multiplicity: Deliverable belongs to 1 project.,0,1,float,single,,0,
1027483,148588,1,System-Design-Class-Diagram-2025,upload,outcome,1,SUBSCORE-10,Class Team.,0,1,float,single,,1,
1027483,148588,1,System-Design-Class-Diagram-2025,upload,outcome,1,SUBSCORE-11,Association: Team works on Project.,0,1,float,single,,1,
1027483,148588,1,System-Design-Class-Diagram-2025,upload,outcome,1,SUBSCORE-12,Multiplicity: Team works on 1..* Projects.,0,1,float,single,,1,
1027483,148588,1,System-Design-Class-Diagram-2025,upload,outcome,1,SUBSCORE-13,Multiplicity: Project is handled by 1 Team.,0,1,float,single,,1,
1027483,148588,1,System-Design-Class-Diagram-2025,upload,outcome,1,SUBSCORE-14,"Class Member.
Some students will create a class Profile also and link Member to Profile, this is accepted.",0,1,float,single,,1,
1027483,148588,1,System-Design-Class-Diagram-2025,upload,outcome,1,SUBSCORE-15,Association: Member belongs to Team.,0,1,float,single,,1,
1027483,148588,1,System-Design-Class-Diagram-2025,upload,outcome,1,SUBSCORE-16,"Multiplicity: Member belongs to * Teams.
(*, 0..* or 1..* accepted).",0,1,float,single,,1,
1027483,148588,1,System-Design-Class-Diagram-2025,upload,outcome,1,SUBSCORE-17,"Multiplicity: Team has 1..* Members.
(*, 0..*, 1..* accepted).",0,1,float,single,,1,
1027483,148588,1,System-Design-Class-Diagram-2025,upload,outcome,1,SUBSCORE-18,Association: Member leads Team.,0,1,float,single,,0,
1027483,148588,1,System-Design-Class-Diagram-2025,upload,outcome,1,SUBSCORE-19,Multiplicity: Member leads 0..* Teams.,0,1,float,single,,0,
1027483,148588,1,System-Design-Class-Diagram-2025,upload,outcome,1,SUBSCORE-20,Multiplicity: Team is led by 1 Member.,0,1,float,single,,0,
1027483,148588,1,System-Design-Class-Diagram-2025,upload,outcome,1,SUBSCORE-21,"Association Class: Membership.
This class will sit between Member and Team and will keep track of the role of the Member in the team, the date they joined and when they left the team.
Some students might model this class a Class (not association class), this is accepted.",0,1,float,single,,0,
1027483,148588,1,System-Design-Class-Diagram-2025,upload,outcome,1,SUBSCORE-22,Class Developer.,0,1,float,single,,0,
1027483,148588,1,System-Design-Class-Diagram-2025,upload,outcome,1,SUBSCORE-23,Inheritance: Developer inherits from Member.,0,1,float,single,,0,
1027483,148588,1,System-Design-Class-Diagram-2025,upload,outcome,1,SUBSCORE-24,Class Training.,0,1,float,single,,1,
1027483,148588,1,System-Design-Class-Diagram-2025,upload,outcome,1,SUBSCORE-25,Association: Developer attends Training.,0,1,float,single,,0,
1027483,148588,1,System-Design-Class-Diagram-2025,upload,outcome,1,SUBSCORE-26,"Multiplicity: Developer attends * Trainings.
(*, 0..* or 1..* accepted).",0,1,float,single,,0.5,
1027483,148588,1,System-Design-Class-Diagram-2025,upload,outcome,1,SUBSCORE-27,"Multiplicity: Training attended by * Developers.
(*, 0..* or 1..* accepted).",0,1,float,single,,0.5,
1027483,148588,1,System-Design-Class-Diagram-2025,upload,outcome,1,SUBSCORE-28,Class Resource.,0,1,float,single,,1,
1027483,148588,1,System-Design-Class-Diagram-2025,upload,outcome,1,SUBSCORE-29,Association: Project requires Resource.,0,1,float,single,,0.5,
1027483,148588,1,System-Design-Class-Diagram-2025,upload,outcome,1,SUBSCORE-30,"Multiplicity: Project requires * Resources.
(*, 0..* or 1..* accepted).",0,1,float,single,,1,
1027483,148588,1,System-Design-Class-Diagram-2025,upload,outcome,1,SUBSCORE-31,"Multiplicity: Resource used by 1 Project.
We don't specify whether resources can be shared or not, so if the student models this as * or 1..*, this is also accepted.",0,1,float,single,,1,
1027483,148588,1,System-Design-Class-Diagram-2025,upload,outcome,1,SUBSCORE-32,Association: Member allocates Resource.,0,2,float,single,,1,
1027483,148588,1,System-Design-Class-Diagram-2025,upload,outcome,1,SUBSCORE-33,"Multiplicity: Member allocates * Resources.
(*, 0..* or 1..* accepted).",0,1,float,single,,0,
1027483,148588,1,System-Design-Class-Diagram-2025,upload,outcome,1,SUBSCORE-34,Multiplicity: Resource is allocated by 1 Member.,0,2,float,single,,2,
1027483,148588,1,System-Design-Class-Diagram-2025,upload,outcome,1,SUBSCORE-35,Class Resource Type.,0,1,float,single,,1,
1027483,148588,1,System-Design-Class-Diagram-2025,upload,outcome,1,SUBSCORE-36,Association: Resource belongs to Resource Type.,0,1,float,single,,1,
1027483,148588,1,System-Design-Class-Diagram-2025,upload,outcome,1,SUBSCORE-37,Multiplicity: Resource belongs to 1 Resource Type.,0,1,float,single,,1,
1027483,148588,1,System-Design-Class-Diagram-2025,upload,outcome,1,SUBSCORE-38,"Multiplicity: Resource Type has * Resources.
(*, 0..* or 1..* accepted).",0,1,float,single,,0,
1027483,148588,1,System-Design-Class-Diagram-2025,upload,outcome,1,PASSED,,,,boolean,single,0,false,
1027483,148588,1,System-Design-Class-Diagram-2025,upload,outcome,1,MAXSCORE,,,,float,single,40,40,
1027483,148588,1,System-Design-Class-Diagram-2025,upload,template,1,RESPONSE_CORRECTRESPONSE_POINTS,,,,float,single,40,40,
1027483,148588,1,System-Design-Class-Diagram-2025,upload,template,1,RESPONSE-ACTION,,,,float,single,correct,40,
1027483,148588,1,System-Design-Class-Diagram-2025,upload,,0,SCORE,,,,float,single,,24,
1027483,148588,1,System-Design-Class-Diagram-2025,upload,,0,MAX_SCORE,,,,float,single,,40,
1027483,148588,1,System-Design-Class-Diagram-2025,upload,,0,COMPLETION_STATUS,,,,identifier,single,,completed,
1027563,153706,1,System-Design-Class-Diagram-2025,upload,response,1,RESPONSE,,,,file,single,,[REDACTED],[]
1027563,153706,1,System-Design-Class-Diagram-2025,upload,outcome,1,SUBSCORE-1,Class Client.,0,1,float,single,,1,
1027563,153706,1,System-Design-Class-Diagram-2025,upload,outcome,1,SUBSCORE-2,Class Project,0,1,float,single,,1,
1027563,153706,1,System-Design-Class-Diagram-2025,upload,outcome,1,SUBSCORE-3,Association: Client commissions Project.,0,1,float,single,,1,
1027563,153706,1,System-Design-Class-Diagram-2025,upload,outcome,1,SUBSCORE-4,Multiplicity: Client commissions 1..* Projects.,0,1,float,single,,1,
1027563,153706,1,System-Design-Class-Diagram-2025,upload,outcome,1,SUBSCORE-5,Multiplicity: Project is commissioned by 1 Client.,0,1,float,single,,1,
1027563,153706,1,System-Design-Class-Diagram-2025,upload,outcome,1,SUBSCORE-6,Class Deliverable.,0,1,float,single,,1,
1027563,153706,1,System-Design-Class-Diagram-2025,upload,outcome,1,SUBSCORE-7,Association: Project has Deliverable.,0,1,float,single,,1,
1027563,153706,1,System-Design-Class-Diagram-2025,upload,outcome,1,SUBSCORE-8,"Multiplicity: Project has * Deliverables. 
(*, 0..* or 1..* accepted).",0,1,float,single,,1,
1027563,153706,1,System-Design-Class-Diagram-2025,upload,outcome,1,SUBSCORE-9,Multiplicity: Deliverable belongs to 1 project.,0,1,float,single,,1,
1027563,153706,1,System-Design-Class-Diagram-2025,upload,outcome,1,SUBSCORE-10,Class Team.,0,1,float,single,,1,
1027563,153706,1,System-Design-Class-Diagram-2025,upload,outcome,1,SUBSCORE-11,Association: Team works on Project.,0,1,float,single,,1,
1027563,153706,1,System-Design-Class-Diagram-2025,upload,outcome,1,SUBSCORE-12,Multiplicity: Team works on 1..* Projects.,0,1,float,single,,0,
1027563,153706,1,System-Design-Class-Diagram-2025,upload,outcome,1,SUBSCORE-13,Multiplicity: Project is handled by 1 Team.,0,1,float,single,,1,
1027563,153706,1,System-Design-Class-Diagram-2025,upload,outcome,1,SUBSCORE-14,"Class Member.
Some students will create a class Profile also and link Member to Profile, this is accepted.",0,1,float,single,,1,
1027563,153706,1,System-Design-Class-Diagram-2025,upload,outcome,1,SUBSCORE-15,Association: Member belongs to Team.,0,1,float,single,,1,
1027563,153706,1,System-Design-Class-Diagram-2025,upload,outcome,1,SUBSCORE-16,"Multiplicity: Member belongs to * Teams.
(*, 0..* or 1..* accepted).",0,1,float,single,,1,
1027563,153706,1,System-Design-Class-Diagram-2025,upload,outcome,1,SUBSCORE-17,"Multiplicity: Team has 1..* Members.
(*, 0..*, 1..* accepted).",0,1,float,single,,1,
1027563,153706,1,System-Design-Class-Diagram-2025,upload,outcome,1,SUBSCORE-18,Association: Member leads Team.,0,1,float,single,,1,
1027563,153706,1,System-Design-Class-Diagram-2025,upload,outcome,1,SUBSCORE-19,Multiplicity: Member leads 0..* Teams.,0,1,float,single,,0,
1027563,153706,1,System-Design-Class-Diagram-2025,upload,outcome,1,SUBSCORE-20,Multiplicity: Team is led by 1 Member.,0,1,float,single,,1,
1027563,153706,1,System-Design-Class-Diagram-2025,upload,outcome,1,SUBSCORE-21,"Association Class: Membership.
This class will sit between Member and Team and will keep track of the role of the Member in the team, the date they joined and when they left the team.
Some students might model this class a Class (not association class), this is accepted.",0,1,float,single,,0,
1027563,153706,1,System-Design-Class-Diagram-2025,upload,outcome,1,SUBSCORE-22,Class Developer.,0,1,float,single,,0,
1027563,153706,1,System-Design-Class-Diagram-2025,upload,outcome,1,SUBSCORE-23,Inheritance: Developer inherits from Member.,0,1,float,single,,0,
1027563,153706,1,System-Design-Class-Diagram-2025,upload,outcome,1,SUBSCORE-24,Class Training.,0,1,float,single,,0,
1027563,153706,1,System-Design-Class-Diagram-2025,upload,outcome,1,SUBSCORE-25,Association: Developer attends Training.,0,1,float,single,,0,
1027563,153706,1,System-Design-Class-Diagram-2025,upload,outcome,1,SUBSCORE-26,"Multiplicity: Developer attends * Trainings.
(*, 0..* or 1..* accepted).",0,1,float,single,,0,
1027563,153706,1,System-Design-Class-Diagram-2025,upload,outcome,1,SUBSCORE-27,"Multiplicity: Training attended by * Developers.
(*, 0..* or 1..* accepted).",0,1,float,single,,0,
1027563,153706,1,System-Design-Class-Diagram-2025,upload,outcome,1,SUBSCORE-28,Class Resource.,0,1,float,single,,1,
1027563,153706,1,System-Design-Class-Diagram-2025,upload,outcome,1,SUBSCORE-29,Association: Project requires Resource.,0,1,float,single,,1,
1027563,153706,1,System-Design-Class-Diagram-2025,upload,outcome,1,SUBSCORE-30,"Multiplicity: Project requires * Resources.
(*, 0..* or 1..* accepted).",0,1,float,single,,1,
1027563,153706,1,System-Design-Class-Diagram-2025,upload,outcome,1,SUBSCORE-31,"Multiplicity: Resource used by 1 Project.
We don't specify whether resources can be shared or not, so if the student models this as * or 1..*, this is also accepted.",0,1,float,single,,1,
1027563,153706,1,System-Design-Class-Diagram-2025,upload,outcome,1,SUBSCORE-32,Association: Member allocates Resource.,0,2,float,single,,1,
1027563,153706,1,System-Design-Class-Diagram-2025,upload,outcome,1,SUBSCORE-33,"Multiplicity: Member allocates * Resources.
(*, 0..* or 1..* accepted).",0,1,float,single,,1,
1027563,153706,1,System-Design-Class-Diagram-2025,upload,outcome,1,SUBSCORE-34,Multiplicity: Resource is allocated by 1 Member.,0,2,float,single,,1,
1027563,153706,1,System-Design-Class-Diagram-2025,upload,outcome,1,SUBSCORE-35,Class Resource Type.,0,1,float,single,,1,
1027563,153706,1,System-Design-Class-Diagram-2025,upload,outcome,1,SUBSCORE-36,Association: Resource belongs to Resource Type.,0,1,float,single,,0.5,
1027563,153706,1,System-Design-Class-Diagram-2025,upload,outcome,1,SUBSCORE-37,Multiplicity: Resource belongs to 1 Resource Type.,0,1,float,single,,1,
1027563,153706,1,System-Design-Class-Diagram-2025,upload,outcome,1,SUBSCORE-38,"Multiplicity: Resource Type has * Resources.
(*, 0..* or 1..* accepted).",0,1,float,single,,1,
1027563,153706,1,System-Design-Class-Diagram-2025,upload,outcome,1,PASSED,,,,boolean,single,0,false,
1027563,153706,1,System-Design-Class-Diagram-2025,upload,outcome,1,MAXSCORE,,,,float,single,40,40,
1027563,153706,1,System-Design-Class-Diagram-2025,upload,template,1,RESPONSE_CORRECTRESPONSE_POINTS,,,,float,single,40,40,
1027563,153706,1,System-Design-Class-Diagram-2025,upload,template,1,RESPONSE-ACTION,,,,float,single,correct,40,
1027563,153706,1,System-Design-Class-Diagram-2025,upload,,0,SCORE,,,,float,single,,28.5,
1027563,153706,1,System-Design-Class-Diagram-2025,upload,,0,MAX_SCORE,,,,float,single,,40,
1027563,153706,1,System-Design-Class-Diagram-2025,upload,,0,COMPLETION_STATUS,,,,identifier,single,,completed,
1027561,150433,1,System-Design-Class-Diagram-2025,upload,response,1,RESPONSE,,,,file,single,,[REDACTED],[]
1027561,150433,1,System-Design-Class-Diagram-2025,upload,outcome,1,SUBSCORE-1,Class Client.,0,1,float,single,,1,
1027561,150433,1,System-Design-Class-Diagram-2025,upload,outcome,1,SUBSCORE-2,Class Project,0,1,float,single,,1,
1027561,150433,1,System-Design-Class-Diagram-2025,upload,outcome,1,SUBSCORE-3,Association: Client commissions Project.,0,1,float,single,,1,
1027561,150433,1,System-Design-Class-Diagram-2025,upload,outcome,1,SUBSCORE-4,Multiplicity: Client commissions 1..* Projects.,0,1,float,single,,1,
1027561,150433,1,System-Design-Class-Diagram-2025,upload,outcome,1,SUBSCORE-5,Multiplicity: Project is commissioned by 1 Client.,0,1,float,single,,0,
1027561,150433,1,System-Design-Class-Diagram-2025,upload,outcome,1,SUBSCORE-6,Class Deliverable.,0,1,float,single,,1,
1027561,150433,1,System-Design-Class-Diagram-2025,upload,outcome,1,SUBSCORE-7,Association: Project has Deliverable.,0,1,float,single,,1,
1027561,150433,1,System-Design-Class-Diagram-2025,upload,outcome,1,SUBSCORE-8,"Multiplicity: Project has * Deliverables. 
(*, 0..* or 1..* accepted).",0,1,float,single,,1,
1027561,150433,1,System-Design-Class-Diagram-2025,upload,outcome,1,SUBSCORE-9,Multiplicity: Deliverable belongs to 1 project.,0,1,float,single,,1,
1027561,150433,1,System-Design-Class-Diagram-2025,upload,outcome,1,SUBSCORE-10,Class Team.,0,1,float,single,,1,
1027561,150433,1,System-Design-Class-Diagram-2025,upload,outcome,1,SUBSCORE-11,Association: Team works on Project.,0,1,float,single,,1,
1027561,150433,1,System-Design-Class-Diagram-2025,upload,outcome,1,SUBSCORE-12,Multiplicity: Team works on 1..* Projects.,0,1,float,single,,1,
1027561,150433,1,System-Design-Class-Diagram-2025,upload,outcome,1,SUBSCORE-13,Multiplicity: Project is handled by 1 Team.,0,1,float,single,,1,
1027561,150433,1,System-Design-Class-Diagram-2025,upload,outcome,1,SUBSCORE-14,"Class Member.
Some students will create a class Profile also and link Member to Profile, this is accepted.",0,1,float,single,,1,
1027561,150433,1,System-Design-Class-Diagram-2025,upload,outcome,1,SUBSCORE-15,Association: Member belongs to Team.,0,1,float,single,,1,
1027561,150433,1,System-Design-Class-Diagram-2025,upload,outcome,1,SUBSCORE-16,"Multiplicity: Member belongs to * Teams.
(*, 0..* or 1..* accepted).",0,1,float,single,,1,
1027561,150433,1,System-Design-Class-Diagram-2025,upload,outcome,1,SUBSCORE-17,"Multiplicity: Team has 1..* Members.
(*, 0..*, 1..* accepted).",0,1,float,single,,1,
1027561,150433,1,System-Design-Class-Diagram-2025,upload,outcome,1,SUBSCORE-18,Association: Member leads Team.,0,1,float,single,,1,
1027561,150433,1,System-Design-Class-Diagram-2025,upload,outcome,1,SUBSCORE-19,Multiplicity: Member leads 0..* Teams.,0,1,float,single,,0,
1027561,150433,1,System-Design-Class-Diagram-2025,upload,outcome,1,SUBSCORE-20,Multiplicity: Team is led by 1 Member.,0,1,float,single,,1,
1027561,150433,1,System-Design-Class-Diagram-2025,upload,outcome,1,SUBSCORE-21,"Association Class: Membership.
This class will sit between Member and Team and will keep track of the role of the Member in the team, the date they joined and when they left the team.
Some students might model this class a Class (not association class), this is accepted.",0,1,float,single,,1,
1027561,150433,1,System-Design-Class-Diagram-2025,upload,outcome,1,SUBSCORE-22,Class Developer.,0,1,float,single,,1,
1027561,150433,1,System-Design-Class-Diagram-2025,upload,outcome,1,SUBSCORE-23,Inheritance: Developer inherits from Member.,0,1,float,single,,0.5,
1027561,150433,1,System-Design-Class-Diagram-2025,upload,outcome,1,SUBSCORE-24,Class Training.,0,1,float,single,,1,
1027561,150433,1,System-Design-Class-Diagram-2025,upload,outcome,1,SUBSCORE-25,Association: Developer attends Training.,0,1,float,single,,0.5,
1027561,150433,1,System-Design-Class-Diagram-2025,upload,outcome,1,SUBSCORE-26,"Multiplicity: Developer attends * Trainings.
(*, 0..* or 1..* accepted).",0,1,float,single,,1,
1027561,150433,1,System-Design-Class-Diagram-2025,upload,outcome,1,SUBSCORE-27,"Multiplicity: Training attended by * Developers.
(*, 0..* or 1..* accepted).",0,1,float,single,,1,
1027561,150433,1,System-Design-Class-Diagram-2025,upload,outcome,1,SUBSCORE-28,Class Resource.,0,1,float,single,,1,
1027561,150433,1,System-Design-Class-Diagram-2025,upload,outcome,1,SUBSCORE-29,Association: Project requires Resource.,0,1,float,single,,1,
1027561,150433,1,System-Design-Class-Diagram-2025,upload,outcome,1,SUBSCORE-30,"Multiplicity: Project requires * Resources.
(*, 0..* or 1..* accepted).",0,1,float,single,,1,
1027561,150433,1,System-Design-Class-Diagram-2025,upload,outcome,1,SUBSCORE-31,"Multiplicity: Resource used by 1 Project.
We don't specify whether resources can be shared or not, so if the student models this as * or 1..*, this is also accepted.",0,1,float,single,,1,
1027561,150433,1,System-Design-Class-Diagram-2025,upload,outcome,1,SUBSCORE-32,Association: Member allocates Resource.,0,2,float,single,,0,
1027561,150433,1,System-Design-Class-Diagram-2025,upload,outcome,1,SUBSCORE-33,"Multiplicity: Member allocates * Resources.
(*, 0..* or 1..* accepted).",0,1,float,single,,0,
1027561,150433,1,System-Design-Class-Diagram-2025,upload,outcome,1,SUBSCORE-34,Multiplicity: Resource is allocated by 1 Member.,0,2,float,single,,0,
1027561,150433,1,System-Design-Class-Diagram-2025,upload,outcome,1,SUBSCORE-35,Class Resource Type.,0,1,float,single,,0,
1027561,150433,1,System-Design-Class-Diagram-2025,upload,outcome,1,SUBSCORE-36,Association: Resource belongs to Resource Type.,0,1,float,single,,0,
1027561,150433,1,System-Design-Class-Diagram-2025,upload,outcome,1,SUBSCORE-37,Multiplicity: Resource belongs to 1 Resource Type.,0,1,float,single,,0,
1027561,150433,1,System-Design-Class-Diagram-2025,upload,outcome,1,SUBSCORE-38,"Multiplicity: Resource Type has * Resources.
(*, 0..* or 1..* accepted).",0,1,float,single,,0,
1027561,150433,1,System-Design-Class-Diagram-2025,upload,outcome,1,PASSED,,,,boolean,single,0,false,
1027561,150433,1,System-Design-Class-Diagram-2025,upload,outcome,1,MAXSCORE,,,,float,single,40,40,
1027561,150433,1,System-Design-Class-Diagram-2025,upload,template,1,RESPONSE_CORRECTRESPONSE_POINTS,,,,float,single,40,40,
1027561,150433,1,System-Design-Class-Diagram-2025,upload,template,1,RESPONSE-ACTION,,,,float,single,correct,40,
1027561,150433,1,System-Design-Class-Diagram-2025,upload,,0,SCORE,,,,float,single,,28,
1027561,150433,1,System-Design-Class-Diagram-2025,upload,,0,MAX_SCORE,,,,float,single,,40,
1027561,150433,1,System-Design-Class-Diagram-2025,upload,,0,COMPLETION_STATUS,,,,identifier,single,,completed,
1027544,141772,1,System-Design-Class-Diagram-2025,upload,response,1,RESPONSE,,,,file,single,,[REDACTED],[]
1027544,141772,1,System-Design-Class-Diagram-2025,upload,outcome,1,SUBSCORE-1,Class Client.,0,1,float,single,,1,
1027544,141772,1,System-Design-Class-Diagram-2025,upload,outcome,1,SUBSCORE-2,Class Project,0,1,float,single,,1,
1027544,141772,1,System-Design-Class-Diagram-2025,upload,outcome,1,SUBSCORE-3,Association: Client commissions Project.,0,1,float,single,,1,
1027544,141772,1,System-Design-Class-Diagram-2025,upload,outcome,1,SUBSCORE-4,Multiplicity: Client commissions 1..* Projects.,0,1,float,single,,1,
1027544,141772,1,System-Design-Class-Diagram-2025,upload,outcome,1,SUBSCORE-5,Multiplicity: Project is commissioned by 1 Client.,0,1,float,single,,1,
1027544,141772,1,System-Design-Class-Diagram-2025,upload,outcome,1,SUBSCORE-6,Class Deliverable.,0,1,float,single,,1,
1027544,141772,1,System-Design-Class-Diagram-2025,upload,outcome,1,SUBSCORE-7,Association: Project has Deliverable.,0,1,float,single,,1,
1027544,141772,1,System-Design-Class-Diagram-2025,upload,outcome,1,SUBSCORE-8,"Multiplicity: Project has * Deliverables. 
(*, 0..* or 1..* accepted).",0,1,float,single,,1,
1027544,141772,1,System-Design-Class-Diagram-2025,upload,outcome,1,SUBSCORE-9,Multiplicity: Deliverable belongs to 1 project.,0,1,float,single,,1,
1027544,141772,1,System-Design-Class-Diagram-2025,upload,outcome,1,SUBSCORE-10,Class Team.,0,1,float,single,,1,
1027544,141772,1,System-Design-Class-Diagram-2025,upload,outcome,1,SUBSCORE-11,Association: Team works on Project.,0,1,float,single,,1,
1027544,141772,1,System-Design-Class-Diagram-2025,upload,outcome,1,SUBSCORE-12,Multiplicity: Team works on 1..* Projects.,0,1,float,single,,1,
1027544,141772,1,System-Design-Class-Diagram-2025,upload,outcome,1,SUBSCORE-13,Multiplicity: Project is handled by 1 Team.,0,1,float,single,,1,
1027544,141772,1,System-Design-Class-Diagram-2025,upload,outcome,1,SUBSCORE-14,"Class Member.
Some students will create a class Profile also and link Member to Profile, this is accepted.",0,1,float,single,,1,
1027544,141772,1,System-Design-Class-Diagram-2025,upload,outcome,1,SUBSCORE-15,Association: Member belongs to Team.,0,1,float,single,,1,
1027544,141772,1,System-Design-Class-Diagram-2025,upload,outcome,1,SUBSCORE-16,"Multiplicity: Member belongs to * Teams.
(*, 0..* or 1..* accepted).",0,1,float,single,,1,
1027544,141772,1,System-Design-Class-Diagram-2025,upload,outcome,1,SUBSCORE-17,"Multiplicity: Team has 1..* Members.
(*, 0..*, 1..* accepted).",0,1,float,single,,1,
1027544,141772,1,System-Design-Class-Diagram-2025,upload,outcome,1,SUBSCORE-18,Association: Member leads Team.,0,1,float,single,,1,
1027544,141772,1,System-Design-Class-Diagram-2025,upload,outcome,1,SUBSCORE-19,Multiplicity: Member leads 0..* Teams.,0,1,float,single,,0,
1027544,141772,1,System-Design-Class-Diagram-2025,upload,outcome,1,SUBSCORE-20,Multiplicity: Team is led by 1 Member.,0,1,float,single,,1,
1027544,141772,1,System-Design-Class-Diagram-2025,upload,outcome,1,SUBSCORE-21,"Association Class: Membership.
This class will sit between Member and Team and will keep track of the role of the Member in the team, the date they joined and when they left the team.
Some students might model this class a Class (not association class), this is accepted.",0,1,float,single,,1,
1027544,141772,1,System-Design-Class-Diagram-2025,upload,outcome,1,SUBSCORE-22,Class Developer.,0,1,float,single,,1,
1027544,141772,1,System-Design-Class-Diagram-2025,upload,outcome,1,SUBSCORE-23,Inheritance: Developer inherits from Member.,0,1,float,single,,1,
1027544,141772,1,System-Design-Class-Diagram-2025,upload,outcome,1,SUBSCORE-24,Class Training.,0,1,float,single,,1,
1027544,141772,1,System-Design-Class-Diagram-2025,upload,outcome,1,SUBSCORE-25,Association: Developer attends Training.,0,1,float,single,,1,
1027544,141772,1,System-Design-Class-Diagram-2025,upload,outcome,1,SUBSCORE-26,"Multiplicity: Developer attends * Trainings.
(*, 0..* or 1..* accepted).",0,1,float,single,,1,
1027544,141772,1,System-Design-Class-Diagram-2025,upload,outcome,1,SUBSCORE-27,"Multiplicity: Training attended by * Developers.
(*, 0..* or 1..* accepted).",0,1,float,single,,1,
1027544,141772,1,System-Design-Class-Diagram-2025,upload,outcome,1,SUBSCORE-28,Class Resource.,0,1,float,single,,1,
1027544,141772,1,System-Design-Class-Diagram-2025,upload,outcome,1,SUBSCORE-29,Association: Project requires Resource.,0,1,float,single,,1,
1027544,141772,1,System-Design-Class-Diagram-2025,upload,outcome,1,SUBSCORE-30,"Multiplicity: Project requires * Resources.
(*, 0..* or 1..* accepted).",0,1,float,single,,1,
1027544,141772,1,System-Design-Class-Diagram-2025,upload,outcome,1,SUBSCORE-31,"Multiplicity: Resource used by 1 Project.
We don't specify whether resources can be shared or not, so if the student models this as * or 1..*, this is also accepted.",0,1,float,single,,1,
1027544,141772,1,System-Design-Class-Diagram-2025,upload,outcome,1,SUBSCORE-32,Association: Member allocates Resource.,0,2,float,single,,2,
1027544,141772,1,System-Design-Class-Diagram-2025,upload,outcome,1,SUBSCORE-33,"Multiplicity: Member allocates * Resources.
(*, 0..* or 1..* accepted).",0,1,float,single,,1,
1027544,141772,1,System-Design-Class-Diagram-2025,upload,outcome,1,SUBSCORE-34,Multiplicity: Resource is allocated by 1 Member.,0,2,float,single,,2,
1027544,141772,1,System-Design-Class-Diagram-2025,upload,outcome,1,SUBSCORE-35,Class Resource Type.,0,1,float,single,,1,
1027544,141772,1,System-Design-Class-Diagram-2025,upload,outcome,1,SUBSCORE-36,Association: Resource belongs to Resource Type.,0,1,float,single,,0.5,
1027544,141772,1,System-Design-Class-Diagram-2025,upload,outcome,1,SUBSCORE-37,Multiplicity: Resource belongs to 1 Resource Type.,0,1,float,single,,0,
1027544,141772,1,System-Design-Class-Diagram-2025,upload,outcome,1,SUBSCORE-38,"Multiplicity: Resource Type has * Resources.
(*, 0..* or 1..* accepted).",0,1,float,single,,0,
1027544,141772,1,System-Design-Class-Diagram-2025,upload,outcome,1,PASSED,,,,boolean,single,0,false,
1027544,141772,1,System-Design-Class-Diagram-2025,upload,outcome,1,MAXSCORE,,,,float,single,40,40,
1027544,141772,1,System-Design-Class-Diagram-2025,upload,template,1,RESPONSE_CORRECTRESPONSE_POINTS,,,,float,single,40,40,
1027544,141772,1,System-Design-Class-Diagram-2025,upload,template,1,RESPONSE-ACTION,,,,float,single,correct,40,
1027544,141772,1,System-Design-Class-Diagram-2025,upload,,0,SCORE,,,,float,single,,36.5,
1027544,141772,1,System-Design-Class-Diagram-2025,upload,,0,MAX_SCORE,,,,float,single,,40,
1027544,141772,1,System-Design-Class-Diagram-2025,upload,,0,COMPLETION_STATUS,,,,identifier,single,,completed,
1027381,153904,1,System-Design-Class-Diagram-2025,upload,response,1,RESPONSE,,,,file,single,,[REDACTED],[]
1027381,153904,1,System-Design-Class-Diagram-2025,upload,outcome,1,SUBSCORE-1,Class Client.,0,1,float,single,,1,
1027381,153904,1,System-Design-Class-Diagram-2025,upload,outcome,1,SUBSCORE-2,Class Project,0,1,float,single,,1,
1027381,153904,1,System-Design-Class-Diagram-2025,upload,outcome,1,SUBSCORE-3,Association: Client commissions Project.,0,1,float,single,,1,
1027381,153904,1,System-Design-Class-Diagram-2025,upload,outcome,1,SUBSCORE-4,Multiplicity: Client commissions 1..* Projects.,0,1,float,single,,1,
1027381,153904,1,System-Design-Class-Diagram-2025,upload,outcome,1,SUBSCORE-5,Multiplicity: Project is commissioned by 1 Client.,0,1,float,single,,1,
1027381,153904,1,System-Design-Class-Diagram-2025,upload,outcome,1,SUBSCORE-6,Class Deliverable.,0,1,float,single,,1,
1027381,153904,1,System-Design-Class-Diagram-2025,upload,outcome,1,SUBSCORE-7,Association: Project has Deliverable.,0,1,float,single,,1,
1027381,153904,1,System-Design-Class-Diagram-2025,upload,outcome,1,SUBSCORE-8,"Multiplicity: Project has * Deliverables. 
(*, 0..* or 1..* accepted).",0,1,float,single,,1,
1027381,153904,1,System-Design-Class-Diagram-2025,upload,outcome,1,SUBSCORE-9,Multiplicity: Deliverable belongs to 1 project.,0,1,float,single,,1,
1027381,153904,1,System-Design-Class-Diagram-2025,upload,outcome,1,SUBSCORE-10,Class Team.,0,1,float,single,,1,
1027381,153904,1,System-Design-Class-Diagram-2025,upload,outcome,1,SUBSCORE-11,Association: Team works on Project.,0,1,float,single,,1,
1027381,153904,1,System-Design-Class-Diagram-2025,upload,outcome,1,SUBSCORE-12,Multiplicity: Team works on 1..* Projects.,0,1,float,single,,1,
1027381,153904,1,System-Design-Class-Diagram-2025,upload,outcome,1,SUBSCORE-13,Multiplicity: Project is handled by 1 Team.,0,1,float,single,,1,
1027381,153904,1,System-Design-Class-Diagram-2025,upload,outcome,1,SUBSCORE-14,"Class Member.
Some students will create a class Profile also and link Member to Profile, this is accepted.",0,1,float,single,,1,
1027381,153904,1,System-Design-Class-Diagram-2025,upload,outcome,1,SUBSCORE-15,Association: Member belongs to Team.,0,1,float,single,,1,
1027381,153904,1,System-Design-Class-Diagram-2025,upload,outcome,1,SUBSCORE-16,"Multiplicity: Member belongs to * Teams.
(*, 0..* or 1..* accepted).",0,1,float,single,,1,
1027381,153904,1,System-Design-Class-Diagram-2025,upload,outcome,1,SUBSCORE-17,"Multiplicity: Team has 1..* Members.
(*, 0..*, 1..* accepted).",0,1,float,single,,1,
1027381,153904,1,System-Design-Class-Diagram-2025,upload,outcome,1,SUBSCORE-18,Association: Member leads Team.,0,1,float,single,,1,
1027381,153904,1,System-Design-Class-Diagram-2025,upload,outcome,1,SUBSCORE-19,Multiplicity: Member leads 0..* Teams.,0,1,float,single,,0,
1027381,153904,1,System-Design-Class-Diagram-2025,upload,outcome,1,SUBSCORE-20,Multiplicity: Team is led by 1 Member.,0,1,float,single,,1,
1027381,153904,1,System-Design-Class-Diagram-2025,upload,outcome,1,SUBSCORE-21,"Association Class: Membership.
This class will sit between Member and Team and will keep track of the role of the Member in the team, the date they joined and when they left the team.
Some students might model this class a Class (not association class), this is accepted.",0,1,float,single,,0,
1027381,153904,1,System-Design-Class-Diagram-2025,upload,outcome,1,SUBSCORE-22,Class Developer.,0,1,float,single,,1,
1027381,153904,1,System-Design-Class-Diagram-2025,upload,outcome,1,SUBSCORE-23,Inheritance: Developer inherits from Member.,0,1,float,single,,1,
1027381,153904,1,System-Design-Class-Diagram-2025,upload,outcome,1,SUBSCORE-24,Class Training.,0,1,float,single,,1,
1027381,153904,1,System-Design-Class-Diagram-2025,upload,outcome,1,SUBSCORE-25,Association: Developer attends Training.,0,1,float,single,,1,
1027381,153904,1,System-Design-Class-Diagram-2025,upload,outcome,1,SUBSCORE-26,"Multiplicity: Developer attends * Trainings.
(*, 0..* or 1..* accepted).",0,1,float,single,,1,
1027381,153904,1,System-Design-Class-Diagram-2025,upload,outcome,1,SUBSCORE-27,"Multiplicity: Training attended by * Developers.
(*, 0..* or 1..* accepted).",0,1,float,single,,1,
1027381,153904,1,System-Design-Class-Diagram-2025,upload,outcome,1,SUBSCORE-28,Class Resource.,0,1,float,single,,1,
1027381,153904,1,System-Design-Class-Diagram-2025,upload,outcome,1,SUBSCORE-29,Association: Project requires Resource.,0,1,float,single,,1,
1027381,153904,1,System-Design-Class-Diagram-2025,upload,outcome,1,SUBSCORE-30,"Multiplicity: Project requires * Resources.
(*, 0..* or 1..* accepted).",0,1,float,single,,1,
1027381,153904,1,System-Design-Class-Diagram-2025,upload,outcome,1,SUBSCORE-31,"Multiplicity: Resource used by 1 Project.
We don't specify whether resources can be shared or not, so if the student models this as * or 1..*, this is also accepted.",0,1,float,single,,1,
1027381,153904,1,System-Design-Class-Diagram-2025,upload,outcome,1,SUBSCORE-32,Association: Member allocates Resource.,0,2,float,single,,2,
1027381,153904,1,System-Design-Class-Diagram-2025,upload,outcome,1,SUBSCORE-33,"Multiplicity: Member allocates * Resources.
(*, 0..* or 1..* accepted).",0,1,float,single,,1,
1027381,153904,1,System-Design-Class-Diagram-2025,upload,outcome,1,SUBSCORE-34,Multiplicity: Resource is allocated by 1 Member.,0,2,float,single,,2,
1027381,153904,1,System-Design-Class-Diagram-2025,upload,outcome,1,SUBSCORE-35,Class Resource Type.,0,1,float,single,,1,
1027381,153904,1,System-Design-Class-Diagram-2025,upload,outcome,1,SUBSCORE-36,Association: Resource belongs to Resource Type.,0,1,float,single,,0.5,
1027381,153904,1,System-Design-Class-Diagram-2025,upload,outcome,1,SUBSCORE-37,Multiplicity: Resource belongs to 1 Resource Type.,0,1,float,single,,0,
1027381,153904,1,System-Design-Class-Diagram-2025,upload,outcome,1,SUBSCORE-38,"Multiplicity: Resource Type has * Resources.
(*, 0..* or 1..* accepted).",0,1,float,single,,0,
1027381,153904,1,System-Design-Class-Diagram-2025,upload,outcome,1,PASSED,,,,boolean,single,0,false,
1027381,153904,1,System-Design-Class-Diagram-2025,upload,outcome,1,MAXSCORE,,,,float,single,40,40,
1027381,153904,1,System-Design-Class-Diagram-2025,upload,template,1,RESPONSE_CORRECTRESPONSE_POINTS,,,,float,single,40,40,
1027381,153904,1,System-Design-Class-Diagram-2025,upload,template,1,RESPONSE-ACTION,,,,float,single,correct,40,
1027381,153904,1,System-Design-Class-Diagram-2025,upload,,0,SCORE,,,,float,single,,35.5,
1027381,153904,1,System-Design-Class-Diagram-2025,upload,,0,MAX_SCORE,,,,float,single,,40,
1027381,153904,1,System-Design-Class-Diagram-2025,upload,,0,COMPLETION_STATUS,,,,identifier,single,,completed,
1027469,154948,1,System-Design-Class-Diagram-2025,upload,response,1,RESPONSE,,,,file,single,,[REDACTED],[]
1027469,154948,1,System-Design-Class-Diagram-2025,upload,outcome,1,SUBSCORE-1,Class Client.,0,1,float,single,,1,
1027469,154948,1,System-Design-Class-Diagram-2025,upload,outcome,1,SUBSCORE-2,Class Project,0,1,float,single,,1,
1027469,154948,1,System-Design-Class-Diagram-2025,upload,outcome,1,SUBSCORE-3,Association: Client commissions Project.,0,1,float,single,,1,
1027469,154948,1,System-Design-Class-Diagram-2025,upload,outcome,1,SUBSCORE-4,Multiplicity: Client commissions 1..* Projects.,0,1,float,single,,1,
1027469,154948,1,System-Design-Class-Diagram-2025,upload,outcome,1,SUBSCORE-5,Multiplicity: Project is commissioned by 1 Client.,0,1,float,single,,1,
1027469,154948,1,System-Design-Class-Diagram-2025,upload,outcome,1,SUBSCORE-6,Class Deliverable.,0,1,float,single,,1,
1027469,154948,1,System-Design-Class-Diagram-2025,upload,outcome,1,SUBSCORE-7,Association: Project has Deliverable.,0,1,float,single,,1,
1027469,154948,1,System-Design-Class-Diagram-2025,upload,outcome,1,SUBSCORE-8,"Multiplicity: Project has * Deliverables. 
(*, 0..* or 1..* accepted).",0,1,float,single,,0,
1027469,154948,1,System-Design-Class-Diagram-2025,upload,outcome,1,SUBSCORE-9,Multiplicity: Deliverable belongs to 1 project.,0,1,float,single,,1,
1027469,154948,1,System-Design-Class-Diagram-2025,upload,outcome,1,SUBSCORE-10,Class Team.,0,1,float,single,,1,
1027469,154948,1,System-Design-Class-Diagram-2025,upload,outcome,1,SUBSCORE-11,Association: Team works on Project.,0,1,float,single,,1,
1027469,154948,1,System-Design-Class-Diagram-2025,upload,outcome,1,SUBSCORE-12,Multiplicity: Team works on 1..* Projects.,0,1,float,single,,1,
1027469,154948,1,System-Design-Class-Diagram-2025,upload,outcome,1,SUBSCORE-13,Multiplicity: Project is handled by 1 Team.,0,1,float,single,,1,
1027469,154948,1,System-Design-Class-Diagram-2025,upload,outcome,1,SUBSCORE-14,"Class Member.
Some students will create a class Profile also and link Member to Profile, this is accepted.",0,1,float,single,,1,
1027469,154948,1,System-Design-Class-Diagram-2025,upload,outcome,1,SUBSCORE-15,Association: Member belongs to Team.,0,1,float,single,,1,
1027469,154948,1,System-Design-Class-Diagram-2025,upload,outcome,1,SUBSCORE-16,"Multiplicity: Member belongs to * Teams.
(*, 0..* or 1..* accepted).",0,1,float,single,,1,
1027469,154948,1,System-Design-Class-Diagram-2025,upload,outcome,1,SUBSCORE-17,"Multiplicity: Team has 1..* Members.
(*, 0..*, 1..* accepted).",0,1,float,single,,0,
1027469,154948,1,System-Design-Class-Diagram-2025,upload,outcome,1,SUBSCORE-18,Association: Member leads Team.,0,1,float,single,,0,
1027469,154948,1,System-Design-Class-Diagram-2025,upload,outcome,1,SUBSCORE-19,Multiplicity: Member leads 0..* Teams.,0,1,float,single,,0,
1027469,154948,1,System-Design-Class-Diagram-2025,upload,outcome,1,SUBSCORE-20,Multiplicity: Team is led by 1 Member.,0,1,float,single,,0,
1027469,154948,1,System-Design-Class-Diagram-2025,upload,outcome,1,SUBSCORE-21,"Association Class: Membership.
This class will sit between Member and Team and will keep track of the role of the Member in the team, the date they joined and when they left the team.
Some students might model this class a Class (not association class), this is accepted.",0,1,float,single,,0,
1027469,154948,1,System-Design-Class-Diagram-2025,upload,outcome,1,SUBSCORE-22,Class Developer.,0,1,float,single,,0,
1027469,154948,1,System-Design-Class-Diagram-2025,upload,outcome,1,SUBSCORE-23,Inheritance: Developer inherits from Member.,0,1,float,single,,0,
1027469,154948,1,System-Design-Class-Diagram-2025,upload,outcome,1,SUBSCORE-24,Class Training.,0,1,float,single,,1,
1027469,154948,1,System-Design-Class-Diagram-2025,upload,outcome,1,SUBSCORE-25,Association: Developer attends Training.,0,1,float,single,,0,
1027469,154948,1,System-Design-Class-Diagram-2025,upload,outcome,1,SUBSCORE-26,"Multiplicity: Developer attends * Trainings.
(*, 0..* or 1..* accepted).",0,1,float,single,,0.5,
1027469,154948,1,System-Design-Class-Diagram-2025,upload,outcome,1,SUBSCORE-27,"Multiplicity: Training attended by * Developers.
(*, 0..* or 1..* accepted).",0,1,float,single,,0.5,
1027469,154948,1,System-Design-Class-Diagram-2025,upload,outcome,1,SUBSCORE-28,Class Resource.,0,1,float,single,,1,
1027469,154948,1,System-Design-Class-Diagram-2025,upload,outcome,1,SUBSCORE-29,Association: Project requires Resource.,0,1,float,single,,0.5,
1027469,154948,1,System-Design-Class-Diagram-2025,upload,outcome,1,SUBSCORE-30,"Multiplicity: Project requires * Resources.
(*, 0..* or 1..* accepted).",0,1,float,single,,1,
1027469,154948,1,System-Design-Class-Diagram-2025,upload,outcome,1,SUBSCORE-31,"Multiplicity: Resource used by 1 Project.
We don't specify whether resources can be shared or not, so if the student models this as * or 1..*, this is also accepted.",0,1,float,single,,1,
1027469,154948,1,System-Design-Class-Diagram-2025,upload,outcome,1,SUBSCORE-32,Association: Member allocates Resource.,0,2,float,single,,0,
1027469,154948,1,System-Design-Class-Diagram-2025,upload,outcome,1,SUBSCORE-33,"Multiplicity: Member allocates * Resources.
(*, 0..* or 1..* accepted).",0,1,float,single,,0,
1027469,154948,1,System-Design-Class-Diagram-2025,upload,outcome,1,SUBSCORE-34,Multiplicity: Resource is allocated by 1 Member.,0,2,float,single,,0,
1027469,154948,1,System-Design-Class-Diagram-2025,upload,outcome,1,SUBSCORE-35,Class Resource Type.,0,1,float,single,,1,
1027469,154948,1,System-Design-Class-Diagram-2025,upload,outcome,1,SUBSCORE-36,Association: Resource belongs to Resource Type.,0,1,float,single,,1,
1027469,154948,1,System-Design-Class-Diagram-2025,upload,outcome,1,SUBSCORE-37,Multiplicity: Resource belongs to 1 Resource Type.,0,1,float,single,,1,
1027469,154948,1,System-Design-Class-Diagram-2025,upload,outcome,1,SUBSCORE-38,"Multiplicity: Resource Type has * Resources.
(*, 0..* or 1..* accepted).",0,1,float,single,,0,
1027469,154948,1,System-Design-Class-Diagram-2025,upload,outcome,1,PASSED,,,,boolean,single,0,false,
1027469,154948,1,System-Design-Class-Diagram-2025,upload,outcome,1,MAXSCORE,,,,float,single,40,40,
1027469,154948,1,System-Design-Class-Diagram-2025,upload,template,1,RESPONSE_CORRECTRESPONSE_POINTS,,,,float,single,40,40,
1027469,154948,1,System-Design-Class-Diagram-2025,upload,template,1,RESPONSE-ACTION,,,,float,single,correct,40,
1027469,154948,1,System-Design-Class-Diagram-2025,upload,,0,SCORE,,,,float,single,,23.5,
1027469,154948,1,System-Design-Class-Diagram-2025,upload,,0,MAX_SCORE,,,,float,single,,40,
1027469,154948,1,System-Design-Class-Diagram-2025,upload,,0,COMPLETION_STATUS,,,,identifier,single,,completed,
1027616,150065,1,System-Design-Class-Diagram-2025,upload,response,1,RESPONSE,,,,file,single,,[REDACTED],[]
1027616,150065,1,System-Design-Class-Diagram-2025,upload,outcome,1,SUBSCORE-1,Class Client.,0,1,float,single,,1,
1027616,150065,1,System-Design-Class-Diagram-2025,upload,outcome,1,SUBSCORE-2,Class Project,0,1,float,single,,1,
1027616,150065,1,System-Design-Class-Diagram-2025,upload,outcome,1,SUBSCORE-3,Association: Client commissions Project.,0,1,float,single,,1,
1027616,150065,1,System-Design-Class-Diagram-2025,upload,outcome,1,SUBSCORE-4,Multiplicity: Client commissions 1..* Projects.,0,1,float,single,,1,
1027616,150065,1,System-Design-Class-Diagram-2025,upload,outcome,1,SUBSCORE-5,Multiplicity: Project is commissioned by 1 Client.,0,1,float,single,,1,
1027616,150065,1,System-Design-Class-Diagram-2025,upload,outcome,1,SUBSCORE-6,Class Deliverable.,0,1,float,single,,1,
1027616,150065,1,System-Design-Class-Diagram-2025,upload,outcome,1,SUBSCORE-7,Association: Project has Deliverable.,0,1,float,single,,1,
1027616,150065,1,System-Design-Class-Diagram-2025,upload,outcome,1,SUBSCORE-8,"Multiplicity: Project has * Deliverables. 
(*, 0..* or 1..* accepted).",0,1,float,single,,1,
1027616,150065,1,System-Design-Class-Diagram-2025,upload,outcome,1,SUBSCORE-9,Multiplicity: Deliverable belongs to 1 project.,0,1,float,single,,1,
1027616,150065,1,System-Design-Class-Diagram-2025,upload,outcome,1,SUBSCORE-10,Class Team.,0,1,float,single,,1,
1027616,150065,1,System-Design-Class-Diagram-2025,upload,outcome,1,SUBSCORE-11,Association: Team works on Project.,0,1,float,single,,1,
1027616,150065,1,System-Design-Class-Diagram-2025,upload,outcome,1,SUBSCORE-12,Multiplicity: Team works on 1..* Projects.,0,1,float,single,,0.5,
1027616,150065,1,System-Design-Class-Diagram-2025,upload,outcome,1,SUBSCORE-13,Multiplicity: Project is handled by 1 Team.,0,1,float,single,,0.5,
1027616,150065,1,System-Design-Class-Diagram-2025,upload,outcome,1,SUBSCORE-14,"Class Member.
Some students will create a class Profile also and link Member to Profile, this is accepted.",0,1,float,single,,1,
1027616,150065,1,System-Design-Class-Diagram-2025,upload,outcome,1,SUBSCORE-15,Association: Member belongs to Team.,0,1,float,single,,1,
1027616,150065,1,System-Design-Class-Diagram-2025,upload,outcome,1,SUBSCORE-16,"Multiplicity: Member belongs to * Teams.
(*, 0..* or 1..* accepted).",0,1,float,single,,1,
1027616,150065,1,System-Design-Class-Diagram-2025,upload,outcome,1,SUBSCORE-17,"Multiplicity: Team has 1..* Members.
(*, 0..*, 1..* accepted).",0,1,float,single,,1,
1027616,150065,1,System-Design-Class-Diagram-2025,upload,outcome,1,SUBSCORE-18,Association: Member leads Team.,0,1,float,single,,1,
1027616,150065,1,System-Design-Class-Diagram-2025,upload,outcome,1,SUBSCORE-19,Multiplicity: Member leads 0..* Teams.,0,1,float,single,,0,
1027616,150065,1,System-Design-Class-Diagram-2025,upload,outcome,1,SUBSCORE-20,Multiplicity: Team is led by 1 Member.,0,1,float,single,,1,
1027616,150065,1,System-Design-Class-Diagram-2025,upload,outcome,1,SUBSCORE-21,"Association Class: Membership.
This class will sit between Member and Team and will keep track of the role of the Member in the team, the date they joined and when they left the team.
Some students might model this class a Class (not association class), this is accepted.",0,1,float,single,,1,
1027616,150065,1,System-Design-Class-Diagram-2025,upload,outcome,1,SUBSCORE-22,Class Developer.,0,1,float,single,,1,
1027616,150065,1,System-Design-Class-Diagram-2025,upload,outcome,1,SUBSCORE-23,Inheritance: Developer inherits from Member.,0,1,float,single,,1,
1027616,150065,1,System-Design-Class-Diagram-2025,upload,outcome,1,SUBSCORE-24,Class Training.,0,1,float,single,,1,
1027616,150065,1,System-Design-Class-Diagram-2025,upload,outcome,1,SUBSCORE-25,Association: Developer attends Training.,0,1,float,single,,1,
1027616,150065,1,System-Design-Class-Diagram-2025,upload,outcome,1,SUBSCORE-26,"Multiplicity: Developer attends * Trainings.
(*, 0..* or 1..* accepted).",0,1,float,single,,1,
1027616,150065,1,System-Design-Class-Diagram-2025,upload,outcome,1,SUBSCORE-27,"Multiplicity: Training attended by * Developers.
(*, 0..* or 1..* accepted).",0,1,float,single,,1,
1027616,150065,1,System-Design-Class-Diagram-2025,upload,outcome,1,SUBSCORE-28,Class Resource.,0,1,float,single,,1,
1027616,150065,1,System-Design-Class-Diagram-2025,upload,outcome,1,SUBSCORE-29,Association: Project requires Resource.,0,1,float,single,,1,
1027616,150065,1,System-Design-Class-Diagram-2025,upload,outcome,1,SUBSCORE-30,"Multiplicity: Project requires * Resources.
(*, 0..* or 1..* accepted).",0,1,float,single,,1,
1027616,150065,1,System-Design-Class-Diagram-2025,upload,outcome,1,SUBSCORE-31,"Multiplicity: Resource used by 1 Project.
We don't specify whether resources can be shared or not, so if the student models this as * or 1..*, this is also accepted.",0,1,float,single,,1,
1027616,150065,1,System-Design-Class-Diagram-2025,upload,outcome,1,SUBSCORE-32,Association: Member allocates Resource.,0,2,float,single,,1,
1027616,150065,1,System-Design-Class-Diagram-2025,upload,outcome,1,SUBSCORE-33,"Multiplicity: Member allocates * Resources.
(*, 0..* or 1..* accepted).",0,1,float,single,,0.5,
1027616,150065,1,System-Design-Class-Diagram-2025,upload,outcome,1,SUBSCORE-34,Multiplicity: Resource is allocated by 1 Member.,0,2,float,single,,0.5,
1027616,150065,1,System-Design-Class-Diagram-2025,upload,outcome,1,SUBSCORE-35,Class Resource Type.,0,1,float,single,,1,
1027616,150065,1,System-Design-Class-Diagram-2025,upload,outcome,1,SUBSCORE-36,Association: Resource belongs to Resource Type.,0,1,float,single,,1,
1027616,150065,1,System-Design-Class-Diagram-2025,upload,outcome,1,SUBSCORE-37,Multiplicity: Resource belongs to 1 Resource Type.,0,1,float,single,,1,
1027616,150065,1,System-Design-Class-Diagram-2025,upload,outcome,1,SUBSCORE-38,"Multiplicity: Resource Type has * Resources.
(*, 0..* or 1..* accepted).",0,1,float,single,,1,
1027616,150065,1,System-Design-Class-Diagram-2025,upload,outcome,1,PASSED,,,,boolean,single,0,false,
1027616,150065,1,System-Design-Class-Diagram-2025,upload,outcome,1,MAXSCORE,,,,float,single,40,40,
1027616,150065,1,System-Design-Class-Diagram-2025,upload,template,1,RESPONSE_CORRECTRESPONSE_POINTS,,,,float,single,40,40,
1027616,150065,1,System-Design-Class-Diagram-2025,upload,template,1,RESPONSE-ACTION,,,,float,single,correct,40,
1027616,150065,1,System-Design-Class-Diagram-2025,upload,,0,SCORE,,,,float,single,,35,
1027616,150065,1,System-Design-Class-Diagram-2025,upload,,0,MAX_SCORE,,,,float,single,,40,
1027616,150065,1,System-Design-Class-Diagram-2025,upload,,0,COMPLETION_STATUS,,,,identifier,single,,completed,
1027540,154809,1,System-Design-Class-Diagram-2025,upload,response,1,RESPONSE,,,,file,single,,[REDACTED],[]
1027540,154809,1,System-Design-Class-Diagram-2025,upload,outcome,1,SUBSCORE-1,Class Client.,0,1,float,single,,1,
1027540,154809,1,System-Design-Class-Diagram-2025,upload,outcome,1,SUBSCORE-2,Class Project,0,1,float,single,,1,
1027540,154809,1,System-Design-Class-Diagram-2025,upload,outcome,1,SUBSCORE-3,Association: Client commissions Project.,0,1,float,single,,1,
1027540,154809,1,System-Design-Class-Diagram-2025,upload,outcome,1,SUBSCORE-4,Multiplicity: Client commissions 1..* Projects.,0,1,float,single,,1,
1027540,154809,1,System-Design-Class-Diagram-2025,upload,outcome,1,SUBSCORE-5,Multiplicity: Project is commissioned by 1 Client.,0,1,float,single,,1,
1027540,154809,1,System-Design-Class-Diagram-2025,upload,outcome,1,SUBSCORE-6,Class Deliverable.,0,1,float,single,,1,
1027540,154809,1,System-Design-Class-Diagram-2025,upload,outcome,1,SUBSCORE-7,Association: Project has Deliverable.,0,1,float,single,,0.5,
1027540,154809,1,System-Design-Class-Diagram-2025,upload,outcome,1,SUBSCORE-8,"Multiplicity: Project has * Deliverables. 
(*, 0..* or 1..* accepted).",0,1,float,single,,1,
1027540,154809,1,System-Design-Class-Diagram-2025,upload,outcome,1,SUBSCORE-9,Multiplicity: Deliverable belongs to 1 project.,0,1,float,single,,1,
1027540,154809,1,System-Design-Class-Diagram-2025,upload,outcome,1,SUBSCORE-10,Class Team.,0,1,float,single,,1,
1027540,154809,1,System-Design-Class-Diagram-2025,upload,outcome,1,SUBSCORE-11,Association: Team works on Project.,0,1,float,single,,0.5,
1027540,154809,1,System-Design-Class-Diagram-2025,upload,outcome,1,SUBSCORE-12,Multiplicity: Team works on 1..* Projects.,0,1,float,single,,0,
1027540,154809,1,System-Design-Class-Diagram-2025,upload,outcome,1,SUBSCORE-13,Multiplicity: Project is handled by 1 Team.,0,1,float,single,,1,
1027540,154809,1,System-Design-Class-Diagram-2025,upload,outcome,1,SUBSCORE-14,"Class Member.
Some students will create a class Profile also and link Member to Profile, this is accepted.",0,1,float,single,,1,
1027540,154809,1,System-Design-Class-Diagram-2025,upload,outcome,1,SUBSCORE-15,Association: Member belongs to Team.,0,1,float,single,,1,
1027540,154809,1,System-Design-Class-Diagram-2025,upload,outcome,1,SUBSCORE-16,"Multiplicity: Member belongs to * Teams.
(*, 0..* or 1..* accepted).",0,1,float,single,,0,
1027540,154809,1,System-Design-Class-Diagram-2025,upload,outcome,1,SUBSCORE-17,"Multiplicity: Team has 1..* Members.
(*, 0..*, 1..* accepted).",0,1,float,single,,1,
1027540,154809,1,System-Design-Class-Diagram-2025,upload,outcome,1,SUBSCORE-18,Association: Member leads Team.,0,1,float,single,,0,
1027540,154809,1,System-Design-Class-Diagram-2025,upload,outcome,1,SUBSCORE-19,Multiplicity: Member leads 0..* Teams.,0,1,float,single,,0,
1027540,154809,1,System-Design-Class-Diagram-2025,upload,outcome,1,SUBSCORE-20,Multiplicity: Team is led by 1 Member.,0,1,float,single,,0,
1027540,154809,1,System-Design-Class-Diagram-2025,upload,outcome,1,SUBSCORE-21,"Association Class: Membership.
This class will sit between Member and Team and will keep track of the role of the Member in the team, the date they joined and when they left the team.
Some students might model this class a Class (not association class), this is accepted.",0,1,float,single,,0,
1027540,154809,1,System-Design-Class-Diagram-2025,upload,outcome,1,SUBSCORE-22,Class Developer.,0,1,float,single,,1,
1027540,154809,1,System-Design-Class-Diagram-2025,upload,outcome,1,SUBSCORE-23,Inheritance: Developer inherits from Member.,0,1,float,single,,0,
1027540,154809,1,System-Design-Class-Diagram-2025,upload,outcome,1,SUBSCORE-24,Class Training.,0,1,float,single,,1,
1027540,154809,1,System-Design-Class-Diagram-2025,upload,outcome,1,SUBSCORE-25,Association: Developer attends Training.,0,1,float,single,,0.5,
1027540,154809,1,System-Design-Class-Diagram-2025,upload,outcome,1,SUBSCORE-26,"Multiplicity: Developer attends * Trainings.
(*, 0..* or 1..* accepted).",0,1,float,single,,0,
1027540,154809,1,System-Design-Class-Diagram-2025,upload,outcome,1,SUBSCORE-27,"Multiplicity: Training attended by * Developers.
(*, 0..* or 1..* accepted).",0,1,float,single,,1,
1027540,154809,1,System-Design-Class-Diagram-2025,upload,outcome,1,SUBSCORE-28,Class Resource.,0,1,float,single,,1,
1027540,154809,1,System-Design-Class-Diagram-2025,upload,outcome,1,SUBSCORE-29,Association: Project requires Resource.,0,1,float,single,,1,
1027540,154809,1,System-Design-Class-Diagram-2025,upload,outcome,1,SUBSCORE-30,"Multiplicity: Project requires * Resources.
(*, 0..* or 1..* accepted).",0,1,float,single,,1,
1027540,154809,1,System-Design-Class-Diagram-2025,upload,outcome,1,SUBSCORE-31,"Multiplicity: Resource used by 1 Project.
We don't specify whether resources can be shared or not, so if the student models this as * or 1..*, this is also accepted.",0,1,float,single,,1,
1027540,154809,1,System-Design-Class-Diagram-2025,upload,outcome,1,SUBSCORE-32,Association: Member allocates Resource.,0,2,float,single,,0,
1027540,154809,1,System-Design-Class-Diagram-2025,upload,outcome,1,SUBSCORE-33,"Multiplicity: Member allocates * Resources.
(*, 0..* or 1..* accepted).",0,1,float,single,,0,
1027540,154809,1,System-Design-Class-Diagram-2025,upload,outcome,1,SUBSCORE-34,Multiplicity: Resource is allocated by 1 Member.,0,2,float,single,,0,
1027540,154809,1,System-Design-Class-Diagram-2025,upload,outcome,1,SUBSCORE-35,Class Resource Type.,0,1,float,single,,0,
1027540,154809,1,System-Design-Class-Diagram-2025,upload,outcome,1,SUBSCORE-36,Association: Resource belongs to Resource Type.,0,1,float,single,,0,
1027540,154809,1,System-Design-Class-Diagram-2025,upload,outcome,1,SUBSCORE-37,Multiplicity: Resource belongs to 1 Resource Type.,0,1,float,single,,0,
1027540,154809,1,System-Design-Class-Diagram-2025,upload,outcome,1,SUBSCORE-38,"Multiplicity: Resource Type has * Resources.
(*, 0..* or 1..* accepted).",0,1,float,single,,0,
1027540,154809,1,System-Design-Class-Diagram-2025,upload,outcome,1,PASSED,,,,boolean,single,0,false,
1027540,154809,1,System-Design-Class-Diagram-2025,upload,outcome,1,MAXSCORE,,,,float,single,40,40,
1027540,154809,1,System-Design-Class-Diagram-2025,upload,template,1,RESPONSE_CORRECTRESPONSE_POINTS,,,,float,single,40,40,
1027540,154809,1,System-Design-Class-Diagram-2025,upload,template,1,RESPONSE-ACTION,,,,float,single,correct,40,
1027540,154809,1,System-Design-Class-Diagram-2025,upload,,0,SCORE,,,,float,single,,21.5,
1027540,154809,1,System-Design-Class-Diagram-2025,upload,,0,MAX_SCORE,,,,float,single,,40,
1027540,154809,1,System-Design-Class-Diagram-2025,upload,,0,COMPLETION_STATUS,,,,identifier,single,,completed,
1027415,152198,1,System-Design-Class-Diagram-2025,upload,response,1,RESPONSE,,,,file,single,,[REDACTED],[]
1027415,152198,1,System-Design-Class-Diagram-2025,upload,outcome,1,SUBSCORE-1,Class Client.,0,1,float,single,,1,
1027415,152198,1,System-Design-Class-Diagram-2025,upload,outcome,1,SUBSCORE-2,Class Project,0,1,float,single,,1,
1027415,152198,1,System-Design-Class-Diagram-2025,upload,outcome,1,SUBSCORE-3,Association: Client commissions Project.,0,1,float,single,,1,
1027415,152198,1,System-Design-Class-Diagram-2025,upload,outcome,1,SUBSCORE-4,Multiplicity: Client commissions 1..* Projects.,0,1,float,single,,1,
1027415,152198,1,System-Design-Class-Diagram-2025,upload,outcome,1,SUBSCORE-5,Multiplicity: Project is commissioned by 1 Client.,0,1,float,single,,1,
1027415,152198,1,System-Design-Class-Diagram-2025,upload,outcome,1,SUBSCORE-6,Class Deliverable.,0,1,float,single,,1,
1027415,152198,1,System-Design-Class-Diagram-2025,upload,outcome,1,SUBSCORE-7,Association: Project has Deliverable.,0,1,float,single,,1,
1027415,152198,1,System-Design-Class-Diagram-2025,upload,outcome,1,SUBSCORE-8,"Multiplicity: Project has * Deliverables. 
(*, 0..* or 1..* accepted).",0,1,float,single,,1,
1027415,152198,1,System-Design-Class-Diagram-2025,upload,outcome,1,SUBSCORE-9,Multiplicity: Deliverable belongs to 1 project.,0,1,float,single,,1,
1027415,152198,1,System-Design-Class-Diagram-2025,upload,outcome,1,SUBSCORE-10,Class Team.,0,1,float,single,,1,
1027415,152198,1,System-Design-Class-Diagram-2025,upload,outcome,1,SUBSCORE-11,Association: Team works on Project.,0,1,float,single,,1,
1027415,152198,1,System-Design-Class-Diagram-2025,upload,outcome,1,SUBSCORE-12,Multiplicity: Team works on 1..* Projects.,0,1,float,single,,0,
1027415,152198,1,System-Design-Class-Diagram-2025,upload,outcome,1,SUBSCORE-13,Multiplicity: Project is handled by 1 Team.,0,1,float,single,,1,
1027415,152198,1,System-Design-Class-Diagram-2025,upload,outcome,1,SUBSCORE-14,"Class Member.
Some students will create a class Profile also and link Member to Profile, this is accepted.",0,1,float,single,,1,
1027415,152198,1,System-Design-Class-Diagram-2025,upload,outcome,1,SUBSCORE-15,Association: Member belongs to Team.,0,1,float,single,,1,
1027415,152198,1,System-Design-Class-Diagram-2025,upload,outcome,1,SUBSCORE-16,"Multiplicity: Member belongs to * Teams.
(*, 0..* or 1..* accepted).",0,1,float,single,,1,
1027415,152198,1,System-Design-Class-Diagram-2025,upload,outcome,1,SUBSCORE-17,"Multiplicity: Team has 1..* Members.
(*, 0..*, 1..* accepted).",0,1,float,single,,1,
1027415,152198,1,System-Design-Class-Diagram-2025,upload,outcome,1,SUBSCORE-18,Association: Member leads Team.,0,1,float,single,,0,
1027415,152198,1,System-Design-Class-Diagram-2025,upload,outcome,1,SUBSCORE-19,Multiplicity: Member leads 0..* Teams.,0,1,float,single,,0,
1027415,152198,1,System-Design-Class-Diagram-2025,upload,outcome,1,SUBSCORE-20,Multiplicity: Team is led by 1 Member.,0,1,float,single,,0,
1027415,152198,1,System-Design-Class-Diagram-2025,upload,outcome,1,SUBSCORE-21,"Association Class: Membership.
This class will sit between Member and Team and will keep track of the role of the Member in the team, the date they joined and when they left the team.
Some students might model this class a Class (not association class), this is accepted.",0,1,float,single,,1,
1027415,152198,1,System-Design-Class-Diagram-2025,upload,outcome,1,SUBSCORE-22,Class Developer.,0,1,float,single,,1,
1027415,152198,1,System-Design-Class-Diagram-2025,upload,outcome,1,SUBSCORE-23,Inheritance: Developer inherits from Member.,0,1,float,single,,1,
1027415,152198,1,System-Design-Class-Diagram-2025,upload,outcome,1,SUBSCORE-24,Class Training.,0,1,float,single,,1,
1027415,152198,1,System-Design-Class-Diagram-2025,upload,outcome,1,SUBSCORE-25,Association: Developer attends Training.,0,1,float,single,,1,
1027415,152198,1,System-Design-Class-Diagram-2025,upload,outcome,1,SUBSCORE-26,"Multiplicity: Developer attends * Trainings.
(*, 0..* or 1..* accepted).",0,1,float,single,,1,
1027415,152198,1,System-Design-Class-Diagram-2025,upload,outcome,1,SUBSCORE-27,"Multiplicity: Training attended by * Developers.
(*, 0..* or 1..* accepted).",0,1,float,single,,1,
1027415,152198,1,System-Design-Class-Diagram-2025,upload,outcome,1,SUBSCORE-28,Class Resource.,0,1,float,single,,1,
1027415,152198,1,System-Design-Class-Diagram-2025,upload,outcome,1,SUBSCORE-29,Association: Project requires Resource.,0,1,float,single,,1,
1027415,152198,1,System-Design-Class-Diagram-2025,upload,outcome,1,SUBSCORE-30,"Multiplicity: Project requires * Resources.
(*, 0..* or 1..* accepted).",0,1,float,single,,1,
1027415,152198,1,System-Design-Class-Diagram-2025,upload,outcome,1,SUBSCORE-31,"Multiplicity: Resource used by 1 Project.
We don't specify whether resources can be shared or not, so if the student models this as * or 1..*, this is also accepted.",0,1,float,single,,1,
1027415,152198,1,System-Design-Class-Diagram-2025,upload,outcome,1,SUBSCORE-32,Association: Member allocates Resource.,0,2,float,single,,1,
1027415,152198,1,System-Design-Class-Diagram-2025,upload,outcome,1,SUBSCORE-33,"Multiplicity: Member allocates * Resources.
(*, 0..* or 1..* accepted).",0,1,float,single,,1,
1027415,152198,1,System-Design-Class-Diagram-2025,upload,outcome,1,SUBSCORE-34,Multiplicity: Resource is allocated by 1 Member.,0,2,float,single,,1,
1027415,152198,1,System-Design-Class-Diagram-2025,upload,outcome,1,SUBSCORE-35,Class Resource Type.,0,1,float,single,,0,
1027415,152198,1,System-Design-Class-Diagram-2025,upload,outcome,1,SUBSCORE-36,Association: Resource belongs to Resource Type.,0,1,float,single,,0,
1027415,152198,1,System-Design-Class-Diagram-2025,upload,outcome,1,SUBSCORE-37,Multiplicity: Resource belongs to 1 Resource Type.,0,1,float,single,,0,
1027415,152198,1,System-Design-Class-Diagram-2025,upload,outcome,1,SUBSCORE-38,"Multiplicity: Resource Type has * Resources.
(*, 0..* or 1..* accepted).",0,1,float,single,,0,
1027415,152198,1,System-Design-Class-Diagram-2025,upload,outcome,1,PASSED,,,,boolean,single,0,false,
1027415,152198,1,System-Design-Class-Diagram-2025,upload,outcome,1,MAXSCORE,,,,float,single,40,40,
1027415,152198,1,System-Design-Class-Diagram-2025,upload,template,1,RESPONSE_CORRECTRESPONSE_POINTS,,,,float,single,40,40,
1027415,152198,1,System-Design-Class-Diagram-2025,upload,template,1,RESPONSE-ACTION,,,,float,single,correct,40,
1027415,152198,1,System-Design-Class-Diagram-2025,upload,,0,SCORE,,,,float,single,,30,
1027415,152198,1,System-Design-Class-Diagram-2025,upload,,0,MAX_SCORE,,,,float,single,,40,
1027415,152198,1,System-Design-Class-Diagram-2025,upload,,0,COMPLETION_STATUS,,,,identifier,single,,completed,
1027642,153710,1,System-Design-Class-Diagram-2025,upload,response,1,RESPONSE,,,,file,single,,[REDACTED],[]
1027642,153710,1,System-Design-Class-Diagram-2025,upload,outcome,1,SUBSCORE-1,Class Client.,0,1,float,single,,1,
1027642,153710,1,System-Design-Class-Diagram-2025,upload,outcome,1,SUBSCORE-2,Class Project,0,1,float,single,,1,
1027642,153710,1,System-Design-Class-Diagram-2025,upload,outcome,1,SUBSCORE-3,Association: Client commissions Project.,0,1,float,single,,1,
1027642,153710,1,System-Design-Class-Diagram-2025,upload,outcome,1,SUBSCORE-4,Multiplicity: Client commissions 1..* Projects.,0,1,float,single,,1,
1027642,153710,1,System-Design-Class-Diagram-2025,upload,outcome,1,SUBSCORE-5,Multiplicity: Project is commissioned by 1 Client.,0,1,float,single,,1,
1027642,153710,1,System-Design-Class-Diagram-2025,upload,outcome,1,SUBSCORE-6,Class Deliverable.,0,1,float,single,,1,
1027642,153710,1,System-Design-Class-Diagram-2025,upload,outcome,1,SUBSCORE-7,Association: Project has Deliverable.,0,1,float,single,,1,
1027642,153710,1,System-Design-Class-Diagram-2025,upload,outcome,1,SUBSCORE-8,"Multiplicity: Project has * Deliverables. 
(*, 0..* or 1..* accepted).",0,1,float,single,,1,
1027642,153710,1,System-Design-Class-Diagram-2025,upload,outcome,1,SUBSCORE-9,Multiplicity: Deliverable belongs to 1 project.,0,1,float,single,,1,
1027642,153710,1,System-Design-Class-Diagram-2025,upload,outcome,1,SUBSCORE-10,Class Team.,0,1,float,single,,1,
1027642,153710,1,System-Design-Class-Diagram-2025,upload,outcome,1,SUBSCORE-11,Association: Team works on Project.,0,1,float,single,,1,
1027642,153710,1,System-Design-Class-Diagram-2025,upload,outcome,1,SUBSCORE-12,Multiplicity: Team works on 1..* Projects.,0,1,float,single,,0,
1027642,153710,1,System-Design-Class-Diagram-2025,upload,outcome,1,SUBSCORE-13,Multiplicity: Project is handled by 1 Team.,0,1,float,single,,1,
1027642,153710,1,System-Design-Class-Diagram-2025,upload,outcome,1,SUBSCORE-14,"Class Member.
Some students will create a class Profile also and link Member to Profile, this is accepted.",0,1,float,single,,1,
1027642,153710,1,System-Design-Class-Diagram-2025,upload,outcome,1,SUBSCORE-15,Association: Member belongs to Team.,0,1,float,single,,1,
1027642,153710,1,System-Design-Class-Diagram-2025,upload,outcome,1,SUBSCORE-16,"Multiplicity: Member belongs to * Teams.
(*, 0..* or 1..* accepted).",0,1,float,single,,0,
1027642,153710,1,System-Design-Class-Diagram-2025,upload,outcome,1,SUBSCORE-17,"Multiplicity: Team has 1..* Members.
(*, 0..*, 1..* accepted).",0,1,float,single,,0,
1027642,153710,1,System-Design-Class-Diagram-2025,upload,outcome,1,SUBSCORE-18,Association: Member leads Team.,0,1,float,single,,0,
1027642,153710,1,System-Design-Class-Diagram-2025,upload,outcome,1,SUBSCORE-19,Multiplicity: Member leads 0..* Teams.,0,1,float,single,,0,
1027642,153710,1,System-Design-Class-Diagram-2025,upload,outcome,1,SUBSCORE-20,Multiplicity: Team is led by 1 Member.,0,1,float,single,,0,
1027642,153710,1,System-Design-Class-Diagram-2025,upload,outcome,1,SUBSCORE-21,"Association Class: Membership.
This class will sit between Member and Team and will keep track of the role of the Member in the team, the date they joined and when they left the team.
Some students might model this class a Class (not association class), this is accepted.",0,1,float,single,,0,
1027642,153710,1,System-Design-Class-Diagram-2025,upload,outcome,1,SUBSCORE-22,Class Developer.,0,1,float,single,,1,
1027642,153710,1,System-Design-Class-Diagram-2025,upload,outcome,1,SUBSCORE-23,Inheritance: Developer inherits from Member.,0,1,float,single,,0,
1027642,153710,1,System-Design-Class-Diagram-2025,upload,outcome,1,SUBSCORE-24,Class Training.,0,1,float,single,,1,
1027642,153710,1,System-Design-Class-Diagram-2025,upload,outcome,1,SUBSCORE-25,Association: Developer attends Training.,0,1,float,single,,1,
1027642,153710,1,System-Design-Class-Diagram-2025,upload,outcome,1,SUBSCORE-26,"Multiplicity: Developer attends * Trainings.
(*, 0..* or 1..* accepted).",0,1,float,single,,1,
1027642,153710,1,System-Design-Class-Diagram-2025,upload,outcome,1,SUBSCORE-27,"Multiplicity: Training attended by * Developers.
(*, 0..* or 1..* accepted).",0,1,float,single,,1,
1027642,153710,1,System-Design-Class-Diagram-2025,upload,outcome,1,SUBSCORE-28,Class Resource.,0,1,float,single,,1,
1027642,153710,1,System-Design-Class-Diagram-2025,upload,outcome,1,SUBSCORE-29,Association: Project requires Resource.,0,1,float,single,,1,
1027642,153710,1,System-Design-Class-Diagram-2025,upload,outcome,1,SUBSCORE-30,"Multiplicity: Project requires * Resources.
(*, 0..* or 1..* accepted).",0,1,float,single,,1,
1027642,153710,1,System-Design-Class-Diagram-2025,upload,outcome,1,SUBSCORE-31,"Multiplicity: Resource used by 1 Project.
We don't specify whether resources can be shared or not, so if the student models this as * or 1..*, this is also accepted.",0,1,float,single,,1,
1027642,153710,1,System-Design-Class-Diagram-2025,upload,outcome,1,SUBSCORE-32,Association: Member allocates Resource.,0,2,float,single,,1,
1027642,153710,1,System-Design-Class-Diagram-2025,upload,outcome,1,SUBSCORE-33,"Multiplicity: Member allocates * Resources.
(*, 0..* or 1..* accepted).",0,1,float,single,,1,
1027642,153710,1,System-Design-Class-Diagram-2025,upload,outcome,1,SUBSCORE-34,Multiplicity: Resource is allocated by 1 Member.,0,2,float,single,,0,
1027642,153710,1,System-Design-Class-Diagram-2025,upload,outcome,1,SUBSCORE-35,Class Resource Type.,0,1,float,single,,0,
1027642,153710,1,System-Design-Class-Diagram-2025,upload,outcome,1,SUBSCORE-36,Association: Resource belongs to Resource Type.,0,1,float,single,,0,
1027642,153710,1,System-Design-Class-Diagram-2025,upload,outcome,1,SUBSCORE-37,Multiplicity: Resource belongs to 1 Resource Type.,0,1,float,single,,0,
1027642,153710,1,System-Design-Class-Diagram-2025,upload,outcome,1,SUBSCORE-38,"Multiplicity: Resource Type has * Resources.
(*, 0..* or 1..* accepted).",0,1,float,single,,0,
1027642,153710,1,System-Design-Class-Diagram-2025,upload,outcome,1,PASSED,,,,boolean,single,0,false,
1027642,153710,1,System-Design-Class-Diagram-2025,upload,outcome,1,MAXSCORE,,,,float,single,40,40,
1027642,153710,1,System-Design-Class-Diagram-2025,upload,template,1,RESPONSE_CORRECTRESPONSE_POINTS,,,,float,single,40,40,
1027642,153710,1,System-Design-Class-Diagram-2025,upload,template,1,RESPONSE-ACTION,,,,float,single,correct,40,
1027642,153710,1,System-Design-Class-Diagram-2025,upload,,0,SCORE,,,,float,single,,25,
1027642,153710,1,System-Design-Class-Diagram-2025,upload,,0,MAX_SCORE,,,,float,single,,40,
1027642,153710,1,System-Design-Class-Diagram-2025,upload,,0,COMPLETION_STATUS,,,,identifier,single,,completed,
1027419,154362,1,System-Design-Class-Diagram-2025,upload,response,1,RESPONSE,,,,file,single,,[REDACTED],[]
1027419,154362,1,System-Design-Class-Diagram-2025,upload,outcome,1,SUBSCORE-1,Class Client.,0,1,float,single,,1,
1027419,154362,1,System-Design-Class-Diagram-2025,upload,outcome,1,SUBSCORE-2,Class Project,0,1,float,single,,1,
1027419,154362,1,System-Design-Class-Diagram-2025,upload,outcome,1,SUBSCORE-3,Association: Client commissions Project.,0,1,float,single,,1,
1027419,154362,1,System-Design-Class-Diagram-2025,upload,outcome,1,SUBSCORE-4,Multiplicity: Client commissions 1..* Projects.,0,1,float,single,,1,
1027419,154362,1,System-Design-Class-Diagram-2025,upload,outcome,1,SUBSCORE-5,Multiplicity: Project is commissioned by 1 Client.,0,1,float,single,,1,
1027419,154362,1,System-Design-Class-Diagram-2025,upload,outcome,1,SUBSCORE-6,Class Deliverable.,0,1,float,single,,1,
1027419,154362,1,System-Design-Class-Diagram-2025,upload,outcome,1,SUBSCORE-7,Association: Project has Deliverable.,0,1,float,single,,1,
1027419,154362,1,System-Design-Class-Diagram-2025,upload,outcome,1,SUBSCORE-8,"Multiplicity: Project has * Deliverables. 
(*, 0..* or 1..* accepted).",0,1,float,single,,1,
1027419,154362,1,System-Design-Class-Diagram-2025,upload,outcome,1,SUBSCORE-9,Multiplicity: Deliverable belongs to 1 project.,0,1,float,single,,1,
1027419,154362,1,System-Design-Class-Diagram-2025,upload,outcome,1,SUBSCORE-10,Class Team.,0,1,float,single,,1,
1027419,154362,1,System-Design-Class-Diagram-2025,upload,outcome,1,SUBSCORE-11,Association: Team works on Project.,0,1,float,single,,1,
1027419,154362,1,System-Design-Class-Diagram-2025,upload,outcome,1,SUBSCORE-12,Multiplicity: Team works on 1..* Projects.,0,1,float,single,,1,
1027419,154362,1,System-Design-Class-Diagram-2025,upload,outcome,1,SUBSCORE-13,Multiplicity: Project is handled by 1 Team.,0,1,float,single,,1,
1027419,154362,1,System-Design-Class-Diagram-2025,upload,outcome,1,SUBSCORE-14,"Class Member.
Some students will create a class Profile also and link Member to Profile, this is accepted.",0,1,float,single,,1,
1027419,154362,1,System-Design-Class-Diagram-2025,upload,outcome,1,SUBSCORE-15,Association: Member belongs to Team.,0,1,float,single,,1,
1027419,154362,1,System-Design-Class-Diagram-2025,upload,outcome,1,SUBSCORE-16,"Multiplicity: Member belongs to * Teams.
(*, 0..* or 1..* accepted).",0,1,float,single,,1,
1027419,154362,1,System-Design-Class-Diagram-2025,upload,outcome,1,SUBSCORE-17,"Multiplicity: Team has 1..* Members.
(*, 0..*, 1..* accepted).",0,1,float,single,,1,
1027419,154362,1,System-Design-Class-Diagram-2025,upload,outcome,1,SUBSCORE-18,Association: Member leads Team.,0,1,float,single,,1,
1027419,154362,1,System-Design-Class-Diagram-2025,upload,outcome,1,SUBSCORE-19,Multiplicity: Member leads 0..* Teams.,0,1,float,single,,0,
1027419,154362,1,System-Design-Class-Diagram-2025,upload,outcome,1,SUBSCORE-20,Multiplicity: Team is led by 1 Member.,0,1,float,single,,1,
1027419,154362,1,System-Design-Class-Diagram-2025,upload,outcome,1,SUBSCORE-21,"Association Class: Membership.
This class will sit between Member and Team and will keep track of the role of the Member in the team, the date they joined and when they left the team.
Some students might model this class a Class (not association class), this is accepted.",0,1,float,single,,1,
1027419,154362,1,System-Design-Class-Diagram-2025,upload,outcome,1,SUBSCORE-22,Class Developer.,0,1,float,single,,1,
1027419,154362,1,System-Design-Class-Diagram-2025,upload,outcome,1,SUBSCORE-23,Inheritance: Developer inherits from Member.,0,1,float,single,,1,
1027419,154362,1,System-Design-Class-Diagram-2025,upload,outcome,1,SUBSCORE-24,Class Training.,0,1,float,single,,1,
1027419,154362,1,System-Design-Class-Diagram-2025,upload,outcome,1,SUBSCORE-25,Association: Developer attends Training.,0,1,float,single,,1,
1027419,154362,1,System-Design-Class-Diagram-2025,upload,outcome,1,SUBSCORE-26,"Multiplicity: Developer attends * Trainings.
(*, 0..* or 1..* accepted).",0,1,float,single,,1,
1027419,154362,1,System-Design-Class-Diagram-2025,upload,outcome,1,SUBSCORE-27,"Multiplicity: Training attended by * Developers.
(*, 0..* or 1..* accepted).",0,1,float,single,,1,
1027419,154362,1,System-Design-Class-Diagram-2025,upload,outcome,1,SUBSCORE-28,Class Resource.,0,1,float,single,,1,
1027419,154362,1,System-Design-Class-Diagram-2025,upload,outcome,1,SUBSCORE-29,Association: Project requires Resource.,0,1,float,single,,0,
1027419,154362,1,System-Design-Class-Diagram-2025,upload,outcome,1,SUBSCORE-30,"Multiplicity: Project requires * Resources.
(*, 0..* or 1..* accepted).",0,1,float,single,,0,
1027419,154362,1,System-Design-Class-Diagram-2025,upload,outcome,1,SUBSCORE-31,"Multiplicity: Resource used by 1 Project.
We don't specify whether resources can be shared or not, so if the student models this as * or 1..*, this is also accepted.",0,1,float,single,,0,
1027419,154362,1,System-Design-Class-Diagram-2025,upload,outcome,1,SUBSCORE-32,Association: Member allocates Resource.,0,2,float,single,,2,
1027419,154362,1,System-Design-Class-Diagram-2025,upload,outcome,1,SUBSCORE-33,"Multiplicity: Member allocates * Resources.
(*, 0..* or 1..* accepted).",0,1,float,single,,1,
1027419,154362,1,System-Design-Class-Diagram-2025,upload,outcome,1,SUBSCORE-34,Multiplicity: Resource is allocated by 1 Member.,0,2,float,single,,2,
1027419,154362,1,System-Design-Class-Diagram-2025,upload,outcome,1,SUBSCORE-35,Class Resource Type.,0,1,float,single,,0,
1027419,154362,1,System-Design-Class-Diagram-2025,upload,outcome,1,SUBSCORE-36,Association: Resource belongs to Resource Type.,0,1,float,single,,0,
1027419,154362,1,System-Design-Class-Diagram-2025,upload,outcome,1,SUBSCORE-37,Multiplicity: Resource belongs to 1 Resource Type.,0,1,float,single,,0,
1027419,154362,1,System-Design-Class-Diagram-2025,upload,outcome,1,SUBSCORE-38,"Multiplicity: Resource Type has * Resources.
(*, 0..* or 1..* accepted).",0,1,float,single,,0,
1027419,154362,1,System-Design-Class-Diagram-2025,upload,outcome,1,PASSED,,,,boolean,single,0,false,
1027419,154362,1,System-Design-Class-Diagram-2025,upload,outcome,1,MAXSCORE,,,,float,single,40,40,
1027419,154362,1,System-Design-Class-Diagram-2025,upload,template,1,RESPONSE_CORRECTRESPONSE_POINTS,,,,float,single,40,40,
1027419,154362,1,System-Design-Class-Diagram-2025,upload,template,1,RESPONSE-ACTION,,,,float,single,correct,40,
1027419,154362,1,System-Design-Class-Diagram-2025,upload,,0,SCORE,,,,float,single,,32,
1027419,154362,1,System-Design-Class-Diagram-2025,upload,,0,MAX_SCORE,,,,float,single,,40,
1027419,154362,1,System-Design-Class-Diagram-2025,upload,,0,COMPLETION_STATUS,,,,identifier,single,,completed,
1027587,153713,1,System-Design-Class-Diagram-2025,upload,response,1,RESPONSE,,,,file,single,,[REDACTED],[]
1027587,153713,1,System-Design-Class-Diagram-2025,upload,outcome,1,SUBSCORE-1,Class Client.,0,1,float,single,,1,
1027587,153713,1,System-Design-Class-Diagram-2025,upload,outcome,1,SUBSCORE-2,Class Project,0,1,float,single,,1,
1027587,153713,1,System-Design-Class-Diagram-2025,upload,outcome,1,SUBSCORE-3,Association: Client commissions Project.,0,1,float,single,,1,
1027587,153713,1,System-Design-Class-Diagram-2025,upload,outcome,1,SUBSCORE-4,Multiplicity: Client commissions 1..* Projects.,0,1,float,single,,1,
1027587,153713,1,System-Design-Class-Diagram-2025,upload,outcome,1,SUBSCORE-5,Multiplicity: Project is commissioned by 1 Client.,0,1,float,single,,1,
1027587,153713,1,System-Design-Class-Diagram-2025,upload,outcome,1,SUBSCORE-6,Class Deliverable.,0,1,float,single,,1,
1027587,153713,1,System-Design-Class-Diagram-2025,upload,outcome,1,SUBSCORE-7,Association: Project has Deliverable.,0,1,float,single,,1,
1027587,153713,1,System-Design-Class-Diagram-2025,upload,outcome,1,SUBSCORE-8,"Multiplicity: Project has * Deliverables. 
(*, 0..* or 1..* accepted).",0,1,float,single,,1,
1027587,153713,1,System-Design-Class-Diagram-2025,upload,outcome,1,SUBSCORE-9,Multiplicity: Deliverable belongs to 1 project.,0,1,float,single,,1,
1027587,153713,1,System-Design-Class-Diagram-2025,upload,outcome,1,SUBSCORE-10,Class Team.,0,1,float,single,,1,
1027587,153713,1,System-Design-Class-Diagram-2025,upload,outcome,1,SUBSCORE-11,Association: Team works on Project.,0,1,float,single,,1,
1027587,153713,1,System-Design-Class-Diagram-2025,upload,outcome,1,SUBSCORE-12,Multiplicity: Team works on 1..* Projects.,0,1,float,single,,1,
1027587,153713,1,System-Design-Class-Diagram-2025,upload,outcome,1,SUBSCORE-13,Multiplicity: Project is handled by 1 Team.,0,1,float,single,,1,
1027587,153713,1,System-Design-Class-Diagram-2025,upload,outcome,1,SUBSCORE-14,"Class Member.
Some students will create a class Profile also and link Member to Profile, this is accepted.",0,1,float,single,,1,
1027587,153713,1,System-Design-Class-Diagram-2025,upload,outcome,1,SUBSCORE-15,Association: Member belongs to Team.,0,1,float,single,,1,
1027587,153713,1,System-Design-Class-Diagram-2025,upload,outcome,1,SUBSCORE-16,"Multiplicity: Member belongs to * Teams.
(*, 0..* or 1..* accepted).",0,1,float,single,,1,
1027587,153713,1,System-Design-Class-Diagram-2025,upload,outcome,1,SUBSCORE-17,"Multiplicity: Team has 1..* Members.
(*, 0..*, 1..* accepted).",0,1,float,single,,1,
1027587,153713,1,System-Design-Class-Diagram-2025,upload,outcome,1,SUBSCORE-18,Association: Member leads Team.,0,1,float,single,,1,
1027587,153713,1,System-Design-Class-Diagram-2025,upload,outcome,1,SUBSCORE-19,Multiplicity: Member leads 0..* Teams.,0,1,float,single,,0,
1027587,153713,1,System-Design-Class-Diagram-2025,upload,outcome,1,SUBSCORE-20,Multiplicity: Team is led by 1 Member.,0,1,float,single,,1,
1027587,153713,1,System-Design-Class-Diagram-2025,upload,outcome,1,SUBSCORE-21,"Association Class: Membership.
This class will sit between Member and Team and will keep track of the role of the Member in the team, the date they joined and when they left the team.
Some students might model this class a Class (not association class), this is accepted.",0,1,float,single,,0,
1027587,153713,1,System-Design-Class-Diagram-2025,upload,outcome,1,SUBSCORE-22,Class Developer.,0,1,float,single,,1,
1027587,153713,1,System-Design-Class-Diagram-2025,upload,outcome,1,SUBSCORE-23,Inheritance: Developer inherits from Member.,0,1,float,single,,1,
1027587,153713,1,System-Design-Class-Diagram-2025,upload,outcome,1,SUBSCORE-24,Class Training.,0,1,float,single,,1,
1027587,153713,1,System-Design-Class-Diagram-2025,upload,outcome,1,SUBSCORE-25,Association: Developer attends Training.,0,1,float,single,,1,
1027587,153713,1,System-Design-Class-Diagram-2025,upload,outcome,1,SUBSCORE-26,"Multiplicity: Developer attends * Trainings.
(*, 0..* or 1..* accepted).",0,1,float,single,,1,
1027587,153713,1,System-Design-Class-Diagram-2025,upload,outcome,1,SUBSCORE-27,"Multiplicity: Training attended by * Developers.
(*, 0..* or 1..* accepted).",0,1,float,single,,1,
1027587,153713,1,System-Design-Class-Diagram-2025,upload,outcome,1,SUBSCORE-28,Class Resource.,0,1,float,single,,1,
1027587,153713,1,System-Design-Class-Diagram-2025,upload,outcome,1,SUBSCORE-29,Association: Project requires Resource.,0,1,float,single,,1,
1027587,153713,1,System-Design-Class-Diagram-2025,upload,outcome,1,SUBSCORE-30,"Multiplicity: Project requires * Resources.
(*, 0..* or 1..* accepted).",0,1,float,single,,1,
1027587,153713,1,System-Design-Class-Diagram-2025,upload,outcome,1,SUBSCORE-31,"Multiplicity: Resource used by 1 Project.
We don't specify whether resources can be shared or not, so if the student models this as * or 1..*, this is also accepted.",0,1,float,single,,1,
1027587,153713,1,System-Design-Class-Diagram-2025,upload,outcome,1,SUBSCORE-32,Association: Member allocates Resource.,0,2,float,single,,0,
1027587,153713,1,System-Design-Class-Diagram-2025,upload,outcome,1,SUBSCORE-33,"Multiplicity: Member allocates * Resources.
(*, 0..* or 1..* accepted).",0,1,float,single,,0,
1027587,153713,1,System-Design-Class-Diagram-2025,upload,outcome,1,SUBSCORE-34,Multiplicity: Resource is allocated by 1 Member.,0,2,float,single,,0,
1027587,153713,1,System-Design-Class-Diagram-2025,upload,outcome,1,SUBSCORE-35,Class Resource Type.,0,1,float,single,,0,
1027587,153713,1,System-Design-Class-Diagram-2025,upload,outcome,1,SUBSCORE-36,Association: Resource belongs to Resource Type.,0,1,float,single,,0,
1027587,153713,1,System-Design-Class-Diagram-2025,upload,outcome,1,SUBSCORE-37,Multiplicity: Resource belongs to 1 Resource Type.,0,1,float,single,,0,
1027587,153713,1,System-Design-Class-Diagram-2025,upload,outcome,1,SUBSCORE-38,"Multiplicity: Resource Type has * Resources.
(*, 0..* or 1..* accepted).",0,1,float,single,,0,
1027587,153713,1,System-Design-Class-Diagram-2025,upload,outcome,1,PASSED,,,,boolean,single,0,false,
1027587,153713,1,System-Design-Class-Diagram-2025,upload,outcome,1,MAXSCORE,,,,float,single,40,40,
1027587,153713,1,System-Design-Class-Diagram-2025,upload,template,1,RESPONSE_CORRECTRESPONSE_POINTS,,,,float,single,40,40,
1027587,153713,1,System-Design-Class-Diagram-2025,upload,template,1,RESPONSE-ACTION,,,,float,single,correct,40,
1027587,153713,1,System-Design-Class-Diagram-2025,upload,,0,SCORE,,,,float,single,,29,
1027587,153713,1,System-Design-Class-Diagram-2025,upload,,0,MAX_SCORE,,,,float,single,,40,
1027587,153713,1,System-Design-Class-Diagram-2025,upload,,0,COMPLETION_STATUS,,,,identifier,single,,completed,
1027380,154852,1,System-Design-Class-Diagram-2025,upload,response,1,RESPONSE,,,,file,single,,[REDACTED],[]
1027380,154852,1,System-Design-Class-Diagram-2025,upload,outcome,1,SUBSCORE-1,Class Client.,0,1,float,single,,1,
1027380,154852,1,System-Design-Class-Diagram-2025,upload,outcome,1,SUBSCORE-2,Class Project,0,1,float,single,,1,
1027380,154852,1,System-Design-Class-Diagram-2025,upload,outcome,1,SUBSCORE-3,Association: Client commissions Project.,0,1,float,single,,1,
1027380,154852,1,System-Design-Class-Diagram-2025,upload,outcome,1,SUBSCORE-4,Multiplicity: Client commissions 1..* Projects.,0,1,float,single,,1,
1027380,154852,1,System-Design-Class-Diagram-2025,upload,outcome,1,SUBSCORE-5,Multiplicity: Project is commissioned by 1 Client.,0,1,float,single,,1,
1027380,154852,1,System-Design-Class-Diagram-2025,upload,outcome,1,SUBSCORE-6,Class Deliverable.,0,1,float,single,,1,
1027380,154852,1,System-Design-Class-Diagram-2025,upload,outcome,1,SUBSCORE-7,Association: Project has Deliverable.,0,1,float,single,,1,
1027380,154852,1,System-Design-Class-Diagram-2025,upload,outcome,1,SUBSCORE-8,"Multiplicity: Project has * Deliverables. 
(*, 0..* or 1..* accepted).",0,1,float,single,,1,
1027380,154852,1,System-Design-Class-Diagram-2025,upload,outcome,1,SUBSCORE-9,Multiplicity: Deliverable belongs to 1 project.,0,1,float,single,,1,
1027380,154852,1,System-Design-Class-Diagram-2025,upload,outcome,1,SUBSCORE-10,Class Team.,0,1,float,single,,1,
1027380,154852,1,System-Design-Class-Diagram-2025,upload,outcome,1,SUBSCORE-11,Association: Team works on Project.,0,1,float,single,,1,
1027380,154852,1,System-Design-Class-Diagram-2025,upload,outcome,1,SUBSCORE-12,Multiplicity: Team works on 1..* Projects.,0,1,float,single,,1,
1027380,154852,1,System-Design-Class-Diagram-2025,upload,outcome,1,SUBSCORE-13,Multiplicity: Project is handled by 1 Team.,0,1,float,single,,1,
1027380,154852,1,System-Design-Class-Diagram-2025,upload,outcome,1,SUBSCORE-14,"Class Member.
Some students will create a class Profile also and link Member to Profile, this is accepted.",0,1,float,single,,1,
1027380,154852,1,System-Design-Class-Diagram-2025,upload,outcome,1,SUBSCORE-15,Association: Member belongs to Team.,0,1,float,single,,1,
1027380,154852,1,System-Design-Class-Diagram-2025,upload,outcome,1,SUBSCORE-16,"Multiplicity: Member belongs to * Teams.
(*, 0..* or 1..* accepted).",0,1,float,single,,1,
1027380,154852,1,System-Design-Class-Diagram-2025,upload,outcome,1,SUBSCORE-17,"Multiplicity: Team has 1..* Members.
(*, 0..*, 1..* accepted).",0,1,float,single,,1,
1027380,154852,1,System-Design-Class-Diagram-2025,upload,outcome,1,SUBSCORE-18,Association: Member leads Team.,0,1,float,single,,1,
1027380,154852,1,System-Design-Class-Diagram-2025,upload,outcome,1,SUBSCORE-19,Multiplicity: Member leads 0..* Teams.,0,1,float,single,,0,
1027380,154852,1,System-Design-Class-Diagram-2025,upload,outcome,1,SUBSCORE-20,Multiplicity: Team is led by 1 Member.,0,1,float,single,,1,
1027380,154852,1,System-Design-Class-Diagram-2025,upload,outcome,1,SUBSCORE-21,"Association Class: Membership.
This class will sit between Member and Team and will keep track of the role of the Member in the team, the date they joined and when they left the team.
Some students might model this class a Class (not association class), this is accepted.",0,1,float,single,,1,
1027380,154852,1,System-Design-Class-Diagram-2025,upload,outcome,1,SUBSCORE-22,Class Developer.,0,1,float,single,,0,
1027380,154852,1,System-Design-Class-Diagram-2025,upload,outcome,1,SUBSCORE-23,Inheritance: Developer inherits from Member.,0,1,float,single,,0,
1027380,154852,1,System-Design-Class-Diagram-2025,upload,outcome,1,SUBSCORE-24,Class Training.,0,1,float,single,,0,
1027380,154852,1,System-Design-Class-Diagram-2025,upload,outcome,1,SUBSCORE-25,Association: Developer attends Training.,0,1,float,single,,0,
1027380,154852,1,System-Design-Class-Diagram-2025,upload,outcome,1,SUBSCORE-26,"Multiplicity: Developer attends * Trainings.
(*, 0..* or 1..* accepted).",0,1,float,single,,0,
1027380,154852,1,System-Design-Class-Diagram-2025,upload,outcome,1,SUBSCORE-27,"Multiplicity: Training attended by * Developers.
(*, 0..* or 1..* accepted).",0,1,float,single,,0,
1027380,154852,1,System-Design-Class-Diagram-2025,upload,outcome,1,SUBSCORE-28,Class Resource.,0,1,float,single,,1,
1027380,154852,1,System-Design-Class-Diagram-2025,upload,outcome,1,SUBSCORE-29,Association: Project requires Resource.,0,1,float,single,,1,
1027380,154852,1,System-Design-Class-Diagram-2025,upload,outcome,1,SUBSCORE-30,"Multiplicity: Project requires * Resources.
(*, 0..* or 1..* accepted).",0,1,float,single,,1,
1027380,154852,1,System-Design-Class-Diagram-2025,upload,outcome,1,SUBSCORE-31,"Multiplicity: Resource used by 1 Project.
We don't specify whether resources can be shared or not, so if the student models this as * or 1..*, this is also accepted.",0,1,float,single,,1,
1027380,154852,1,System-Design-Class-Diagram-2025,upload,outcome,1,SUBSCORE-32,Association: Member allocates Resource.,0,2,float,single,,0,
1027380,154852,1,System-Design-Class-Diagram-2025,upload,outcome,1,SUBSCORE-33,"Multiplicity: Member allocates * Resources.
(*, 0..* or 1..* accepted).",0,1,float,single,,0,
1027380,154852,1,System-Design-Class-Diagram-2025,upload,outcome,1,SUBSCORE-34,Multiplicity: Resource is allocated by 1 Member.,0,2,float,single,,0,
1027380,154852,1,System-Design-Class-Diagram-2025,upload,outcome,1,SUBSCORE-35,Class Resource Type.,0,1,float,single,,0,
1027380,154852,1,System-Design-Class-Diagram-2025,upload,outcome,1,SUBSCORE-36,Association: Resource belongs to Resource Type.,0,1,float,single,,0,
1027380,154852,1,System-Design-Class-Diagram-2025,upload,outcome,1,SUBSCORE-37,Multiplicity: Resource belongs to 1 Resource Type.,0,1,float,single,,0,
1027380,154852,1,System-Design-Class-Diagram-2025,upload,outcome,1,SUBSCORE-38,"Multiplicity: Resource Type has * Resources.
(*, 0..* or 1..* accepted).",0,1,float,single,,0,
1027380,154852,1,System-Design-Class-Diagram-2025,upload,outcome,1,PASSED,,,,boolean,single,0,false,
1027380,154852,1,System-Design-Class-Diagram-2025,upload,outcome,1,MAXSCORE,,,,float,single,40,40,
1027380,154852,1,System-Design-Class-Diagram-2025,upload,template,1,RESPONSE_CORRECTRESPONSE_POINTS,,,,float,single,40,40,
1027380,154852,1,System-Design-Class-Diagram-2025,upload,template,1,RESPONSE-ACTION,,,,float,single,correct,40,
1027380,154852,1,System-Design-Class-Diagram-2025,upload,,0,SCORE,,,,float,single,,24,
1027380,154852,1,System-Design-Class-Diagram-2025,upload,,0,MAX_SCORE,,,,float,single,,40,
1027380,154852,1,System-Design-Class-Diagram-2025,upload,,0,COMPLETION_STATUS,,,,identifier,single,,completed,
1027556,153474,1,System-Design-Class-Diagram-2025,upload,response,1,RESPONSE,,,,file,single,,[REDACTED],[]
1027556,153474,1,System-Design-Class-Diagram-2025,upload,outcome,1,SUBSCORE-1,Class Client.,0,1,float,single,,1,
1027556,153474,1,System-Design-Class-Diagram-2025,upload,outcome,1,SUBSCORE-2,Class Project,0,1,float,single,,1,
1027556,153474,1,System-Design-Class-Diagram-2025,upload,outcome,1,SUBSCORE-3,Association: Client commissions Project.,0,1,float,single,,0.5,
1027556,153474,1,System-Design-Class-Diagram-2025,upload,outcome,1,SUBSCORE-4,Multiplicity: Client commissions 1..* Projects.,0,1,float,single,,0,
1027556,153474,1,System-Design-Class-Diagram-2025,upload,outcome,1,SUBSCORE-5,Multiplicity: Project is commissioned by 1 Client.,0,1,float,single,,1,
1027556,153474,1,System-Design-Class-Diagram-2025,upload,outcome,1,SUBSCORE-6,Class Deliverable.,0,1,float,single,,1,
1027556,153474,1,System-Design-Class-Diagram-2025,upload,outcome,1,SUBSCORE-7,Association: Project has Deliverable.,0,1,float,single,,0.5,
1027556,153474,1,System-Design-Class-Diagram-2025,upload,outcome,1,SUBSCORE-8,"Multiplicity: Project has * Deliverables. 
(*, 0..* or 1..* accepted).",0,1,float,single,,0,
1027556,153474,1,System-Design-Class-Diagram-2025,upload,outcome,1,SUBSCORE-9,Multiplicity: Deliverable belongs to 1 project.,0,1,float,single,,1,
1027556,153474,1,System-Design-Class-Diagram-2025,upload,outcome,1,SUBSCORE-10,Class Team.,0,1,float,single,,1,
1027556,153474,1,System-Design-Class-Diagram-2025,upload,outcome,1,SUBSCORE-11,Association: Team works on Project.,0,1,float,single,,0.5,
1027556,153474,1,System-Design-Class-Diagram-2025,upload,outcome,1,SUBSCORE-12,Multiplicity: Team works on 1..* Projects.,0,1,float,single,,0,
1027556,153474,1,System-Design-Class-Diagram-2025,upload,outcome,1,SUBSCORE-13,Multiplicity: Project is handled by 1 Team.,0,1,float,single,,1,
1027556,153474,1,System-Design-Class-Diagram-2025,upload,outcome,1,SUBSCORE-14,"Class Member.
Some students will create a class Profile also and link Member to Profile, this is accepted.",0,1,float,single,,1,
1027556,153474,1,System-Design-Class-Diagram-2025,upload,outcome,1,SUBSCORE-15,Association: Member belongs to Team.,0,1,float,single,,0.5,
1027556,153474,1,System-Design-Class-Diagram-2025,upload,outcome,1,SUBSCORE-16,"Multiplicity: Member belongs to * Teams.
(*, 0..* or 1..* accepted).",0,1,float,single,,1,
1027556,153474,1,System-Design-Class-Diagram-2025,upload,outcome,1,SUBSCORE-17,"Multiplicity: Team has 1..* Members.
(*, 0..*, 1..* accepted).",0,1,float,single,,0,
1027556,153474,1,System-Design-Class-Diagram-2025,upload,outcome,1,SUBSCORE-18,Association: Member leads Team.,0,1,float,single,,0,
1027556,153474,1,System-Design-Class-Diagram-2025,upload,outcome,1,SUBSCORE-19,Multiplicity: Member leads 0..* Teams.,0,1,float,single,,0,
1027556,153474,1,System-Design-Class-Diagram-2025,upload,outcome,1,SUBSCORE-20,Multiplicity: Team is led by 1 Member.,0,1,float,single,,0,
1027556,153474,1,System-Design-Class-Diagram-2025,upload,outcome,1,SUBSCORE-21,"Association Class: Membership.
This class will sit between Member and Team and will keep track of the role of the Member in the team, the date they joined and when they left the team.
Some students might model this class a Class (not association class), this is accepted.",0,1,float,single,,0,
1027556,153474,1,System-Design-Class-Diagram-2025,upload,outcome,1,SUBSCORE-22,Class Developer.,0,1,float,single,,1,
1027556,153474,1,System-Design-Class-Diagram-2025,upload,outcome,1,SUBSCORE-23,Inheritance: Developer inherits from Member.,0,1,float,single,,0,
1027556,153474,1,System-Design-Class-Diagram-2025,upload,outcome,1,SUBSCORE-24,Class Training.,0,1,float,single,,1,
1027556,153474,1,System-Design-Class-Diagram-2025,upload,outcome,1,SUBSCORE-25,Association: Developer attends Training.,0,1,float,single,,0.5,
1027556,153474,1,System-Design-Class-Diagram-2025,upload,outcome,1,SUBSCORE-26,"Multiplicity: Developer attends * Trainings.
(*, 0..* or 1..* accepted).",0,1,float,single,,1,
1027556,153474,1,System-Design-Class-Diagram-2025,upload,outcome,1,SUBSCORE-27,"Multiplicity: Training attended by * Developers.
(*, 0..* or 1..* accepted).",0,1,float,single,,1,
1027556,153474,1,System-Design-Class-Diagram-2025,upload,outcome,1,SUBSCORE-28,Class Resource.,0,1,float,single,,1,
1027556,153474,1,System-Design-Class-Diagram-2025,upload,outcome,1,SUBSCORE-29,Association: Project requires Resource.,0,1,float,single,,0.5,
1027556,153474,1,System-Design-Class-Diagram-2025,upload,outcome,1,SUBSCORE-30,"Multiplicity: Project requires * Resources.
(*, 0..* or 1..* accepted).",0,1,float,single,,1,
1027556,153474,1,System-Design-Class-Diagram-2025,upload,outcome,1,SUBSCORE-31,"Multiplicity: Resource used by 1 Project.
We don't specify whether resources can be shared or not, so if the student models this as * or 1..*, this is also accepted.",0,1,float,single,,1,
1027556,153474,1,System-Design-Class-Diagram-2025,upload,outcome,1,SUBSCORE-32,Association: Member allocates Resource.,0,2,float,single,,0,
1027556,153474,1,System-Design-Class-Diagram-2025,upload,outcome,1,SUBSCORE-33,"Multiplicity: Member allocates * Resources.
(*, 0..* or 1..* accepted).",0,1,float,single,,0,
1027556,153474,1,System-Design-Class-Diagram-2025,upload,outcome,1,SUBSCORE-34,Multiplicity: Resource is allocated by 1 Member.,0,2,float,single,,0,
1027556,153474,1,System-Design-Class-Diagram-2025,upload,outcome,1,SUBSCORE-35,Class Resource Type.,0,1,float,single,,0,
1027556,153474,1,System-Design-Class-Diagram-2025,upload,outcome,1,SUBSCORE-36,Association: Resource belongs to Resource Type.,0,1,float,single,,0,
1027556,153474,1,System-Design-Class-Diagram-2025,upload,outcome,1,SUBSCORE-37,Multiplicity: Resource belongs to 1 Resource Type.,0,1,float,single,,0,
1027556,153474,1,System-Design-Class-Diagram-2025,upload,outcome,1,SUBSCORE-38,"Multiplicity: Resource Type has * Resources.
(*, 0..* or 1..* accepted).",0,1,float,single,,0,
1027556,153474,1,System-Design-Class-Diagram-2025,upload,outcome,1,PASSED,,,,boolean,single,0,false,
1027556,153474,1,System-Design-Class-Diagram-2025,upload,outcome,1,MAXSCORE,,,,float,single,40,40,
1027556,153474,1,System-Design-Class-Diagram-2025,upload,template,1,RESPONSE_CORRECTRESPONSE_POINTS,,,,float,single,40,40,
1027556,153474,1,System-Design-Class-Diagram-2025,upload,template,1,RESPONSE-ACTION,,,,float,single,correct,40,
1027556,153474,1,System-Design-Class-Diagram-2025,upload,,0,SCORE,,,,float,single,,19,
1027556,153474,1,System-Design-Class-Diagram-2025,upload,,0,MAX_SCORE,,,,float,single,,40,
1027556,153474,1,System-Design-Class-Diagram-2025,upload,,0,COMPLETION_STATUS,,,,identifier,single,,completed,
1027588,154753,1,System-Design-Class-Diagram-2025,upload,response,1,RESPONSE,,,,file,single,,[REDACTED],[]
1027588,154753,1,System-Design-Class-Diagram-2025,upload,outcome,1,SUBSCORE-1,Class Client.,0,1,float,single,,1,
1027588,154753,1,System-Design-Class-Diagram-2025,upload,outcome,1,SUBSCORE-2,Class Project,0,1,float,single,,1,
1027588,154753,1,System-Design-Class-Diagram-2025,upload,outcome,1,SUBSCORE-3,Association: Client commissions Project.,0,1,float,single,,1,
1027588,154753,1,System-Design-Class-Diagram-2025,upload,outcome,1,SUBSCORE-4,Multiplicity: Client commissions 1..* Projects.,0,1,float,single,,1,
1027588,154753,1,System-Design-Class-Diagram-2025,upload,outcome,1,SUBSCORE-5,Multiplicity: Project is commissioned by 1 Client.,0,1,float,single,,1,
1027588,154753,1,System-Design-Class-Diagram-2025,upload,outcome,1,SUBSCORE-6,Class Deliverable.,0,1,float,single,,1,
1027588,154753,1,System-Design-Class-Diagram-2025,upload,outcome,1,SUBSCORE-7,Association: Project has Deliverable.,0,1,float,single,,1,
1027588,154753,1,System-Design-Class-Diagram-2025,upload,outcome,1,SUBSCORE-8,"Multiplicity: Project has * Deliverables. 
(*, 0..* or 1..* accepted).",0,1,float,single,,1,
1027588,154753,1,System-Design-Class-Diagram-2025,upload,outcome,1,SUBSCORE-9,Multiplicity: Deliverable belongs to 1 project.,0,1,float,single,,1,
1027588,154753,1,System-Design-Class-Diagram-2025,upload,outcome,1,SUBSCORE-10,Class Team.,0,1,float,single,,1,
1027588,154753,1,System-Design-Class-Diagram-2025,upload,outcome,1,SUBSCORE-11,Association: Team works on Project.,0,1,float,single,,1,
1027588,154753,1,System-Design-Class-Diagram-2025,upload,outcome,1,SUBSCORE-12,Multiplicity: Team works on 1..* Projects.,0,1,float,single,,1,
1027588,154753,1,System-Design-Class-Diagram-2025,upload,outcome,1,SUBSCORE-13,Multiplicity: Project is handled by 1 Team.,0,1,float,single,,1,
1027588,154753,1,System-Design-Class-Diagram-2025,upload,outcome,1,SUBSCORE-14,"Class Member.
Some students will create a class Profile also and link Member to Profile, this is accepted.",0,1,float,single,,1,
1027588,154753,1,System-Design-Class-Diagram-2025,upload,outcome,1,SUBSCORE-15,Association: Member belongs to Team.,0,1,float,single,,1,
1027588,154753,1,System-Design-Class-Diagram-2025,upload,outcome,1,SUBSCORE-16,"Multiplicity: Member belongs to * Teams.
(*, 0..* or 1..* accepted).",0,1,float,single,,1,
1027588,154753,1,System-Design-Class-Diagram-2025,upload,outcome,1,SUBSCORE-17,"Multiplicity: Team has 1..* Members.
(*, 0..*, 1..* accepted).",0,1,float,single,,1,
1027588,154753,1,System-Design-Class-Diagram-2025,upload,outcome,1,SUBSCORE-18,Association: Member leads Team.,0,1,float,single,,0,
1027588,154753,1,System-Design-Class-Diagram-2025,upload,outcome,1,SUBSCORE-19,Multiplicity: Member leads 0..* Teams.,0,1,float,single,,0,
1027588,154753,1,System-Design-Class-Diagram-2025,upload,outcome,1,SUBSCORE-20,Multiplicity: Team is led by 1 Member.,0,1,float,single,,0,
1027588,154753,1,System-Design-Class-Diagram-2025,upload,outcome,1,SUBSCORE-21,"Association Class: Membership.
This class will sit between Member and Team and will keep track of the role of the Member in the team, the date they joined and when they left the team.
Some students might model this class a Class (not association class), this is accepted.",0,1,float,single,,0,
1027588,154753,1,System-Design-Class-Diagram-2025,upload,outcome,1,SUBSCORE-22,Class Developer.,0,1,float,single,,1,
1027588,154753,1,System-Design-Class-Diagram-2025,upload,outcome,1,SUBSCORE-23,Inheritance: Developer inherits from Member.,0,1,float,single,,1,
1027588,154753,1,System-Design-Class-Diagram-2025,upload,outcome,1,SUBSCORE-24,Class Training.,0,1,float,single,,1,
1027588,154753,1,System-Design-Class-Diagram-2025,upload,outcome,1,SUBSCORE-25,Association: Developer attends Training.,0,1,float,single,,1,
1027588,154753,1,System-Design-Class-Diagram-2025,upload,outcome,1,SUBSCORE-26,"Multiplicity: Developer attends * Trainings.
(*, 0..* or 1..* accepted).",0,1,float,single,,1,
1027588,154753,1,System-Design-Class-Diagram-2025,upload,outcome,1,SUBSCORE-27,"Multiplicity: Training attended by * Developers.
(*, 0..* or 1..* accepted).",0,1,float,single,,1,
1027588,154753,1,System-Design-Class-Diagram-2025,upload,outcome,1,SUBSCORE-28,Class Resource.,0,1,float,single,,1,
1027588,154753,1,System-Design-Class-Diagram-2025,upload,outcome,1,SUBSCORE-29,Association: Project requires Resource.,0,1,float,single,,0.5,
1027588,154753,1,System-Design-Class-Diagram-2025,upload,outcome,1,SUBSCORE-30,"Multiplicity: Project requires * Resources.
(*, 0..* or 1..* accepted).",0,1,float,single,,1,
1027588,154753,1,System-Design-Class-Diagram-2025,upload,outcome,1,SUBSCORE-31,"Multiplicity: Resource used by 1 Project.
We don't specify whether resources can be shared or not, so if the student models this as * or 1..*, this is also accepted.",0,1,float,single,,1,
1027588,154753,1,System-Design-Class-Diagram-2025,upload,outcome,1,SUBSCORE-32,Association: Member allocates Resource.,0,2,float,single,,0,
1027588,154753,1,System-Design-Class-Diagram-2025,upload,outcome,1,SUBSCORE-33,"Multiplicity: Member allocates * Resources.
(*, 0..* or 1..* accepted).",0,1,float,single,,0,
1027588,154753,1,System-Design-Class-Diagram-2025,upload,outcome,1,SUBSCORE-34,Multiplicity: Resource is allocated by 1 Member.,0,2,float,single,,0,
1027588,154753,1,System-Design-Class-Diagram-2025,upload,outcome,1,SUBSCORE-35,Class Resource Type.,0,1,float,single,,0,
1027588,154753,1,System-Design-Class-Diagram-2025,upload,outcome,1,SUBSCORE-36,Association: Resource belongs to Resource Type.,0,1,float,single,,0,
1027588,154753,1,System-Design-Class-Diagram-2025,upload,outcome,1,SUBSCORE-37,Multiplicity: Resource belongs to 1 Resource Type.,0,1,float,single,,0,
1027588,154753,1,System-Design-Class-Diagram-2025,upload,outcome,1,SUBSCORE-38,"Multiplicity: Resource Type has * Resources.
(*, 0..* or 1..* accepted).",0,1,float,single,,0,
1027588,154753,1,System-Design-Class-Diagram-2025,upload,outcome,1,PASSED,,,,boolean,single,0,false,
1027588,154753,1,System-Design-Class-Diagram-2025,upload,outcome,1,MAXSCORE,,,,float,single,40,40,
1027588,154753,1,System-Design-Class-Diagram-2025,upload,template,1,RESPONSE_CORRECTRESPONSE_POINTS,,,,float,single,40,40,
1027588,154753,1,System-Design-Class-Diagram-2025,upload,template,1,RESPONSE-ACTION,,,,float,single,correct,40,
1027588,154753,1,System-Design-Class-Diagram-2025,upload,,0,SCORE,,,,float,single,,26.5,
1027588,154753,1,System-Design-Class-Diagram-2025,upload,,0,MAX_SCORE,,,,float,single,,40,
1027588,154753,1,System-Design-Class-Diagram-2025,upload,,0,COMPLETION_STATUS,,,,identifier,single,,completed,
1027625,153148,1,System-Design-Class-Diagram-2025,upload,response,1,RESPONSE,,,,file,single,,[REDACTED],[]
1027625,153148,1,System-Design-Class-Diagram-2025,upload,outcome,1,SUBSCORE-1,Class Client.,0,1,float,single,,1,
1027625,153148,1,System-Design-Class-Diagram-2025,upload,outcome,1,SUBSCORE-2,Class Project,0,1,float,single,,1,
1027625,153148,1,System-Design-Class-Diagram-2025,upload,outcome,1,SUBSCORE-3,Association: Client commissions Project.,0,1,float,single,,1,
1027625,153148,1,System-Design-Class-Diagram-2025,upload,outcome,1,SUBSCORE-4,Multiplicity: Client commissions 1..* Projects.,0,1,float,single,,1,
1027625,153148,1,System-Design-Class-Diagram-2025,upload,outcome,1,SUBSCORE-5,Multiplicity: Project is commissioned by 1 Client.,0,1,float,single,,1,
1027625,153148,1,System-Design-Class-Diagram-2025,upload,outcome,1,SUBSCORE-6,Class Deliverable.,0,1,float,single,,0,
1027625,153148,1,System-Design-Class-Diagram-2025,upload,outcome,1,SUBSCORE-7,Association: Project has Deliverable.,0,1,float,single,,0,
1027625,153148,1,System-Design-Class-Diagram-2025,upload,outcome,1,SUBSCORE-8,"Multiplicity: Project has * Deliverables. 
(*, 0..* or 1..* accepted).",0,1,float,single,,0,
1027625,153148,1,System-Design-Class-Diagram-2025,upload,outcome,1,SUBSCORE-9,Multiplicity: Deliverable belongs to 1 project.,0,1,float,single,,0,
1027625,153148,1,System-Design-Class-Diagram-2025,upload,outcome,1,SUBSCORE-10,Class Team.,0,1,float,single,,1,
1027625,153148,1,System-Design-Class-Diagram-2025,upload,outcome,1,SUBSCORE-11,Association: Team works on Project.,0,1,float,single,,1,
1027625,153148,1,System-Design-Class-Diagram-2025,upload,outcome,1,SUBSCORE-12,Multiplicity: Team works on 1..* Projects.,0,1,float,single,,1,
1027625,153148,1,System-Design-Class-Diagram-2025,upload,outcome,1,SUBSCORE-13,Multiplicity: Project is handled by 1 Team.,0,1,float,single,,1,
1027625,153148,1,System-Design-Class-Diagram-2025,upload,outcome,1,SUBSCORE-14,"Class Member.
Some students will create a class Profile also and link Member to Profile, this is accepted.",0,1,float,single,,1,
1027625,153148,1,System-Design-Class-Diagram-2025,upload,outcome,1,SUBSCORE-15,Association: Member belongs to Team.,0,1,float,single,,1,
1027625,153148,1,System-Design-Class-Diagram-2025,upload,outcome,1,SUBSCORE-16,"Multiplicity: Member belongs to * Teams.
(*, 0..* or 1..* accepted).",0,1,float,single,,1,
1027625,153148,1,System-Design-Class-Diagram-2025,upload,outcome,1,SUBSCORE-17,"Multiplicity: Team has 1..* Members.
(*, 0..*, 1..* accepted).",0,1,float,single,,1,
1027625,153148,1,System-Design-Class-Diagram-2025,upload,outcome,1,SUBSCORE-18,Association: Member leads Team.,0,1,float,single,,0,
1027625,153148,1,System-Design-Class-Diagram-2025,upload,outcome,1,SUBSCORE-19,Multiplicity: Member leads 0..* Teams.,0,1,float,single,,0,
1027625,153148,1,System-Design-Class-Diagram-2025,upload,outcome,1,SUBSCORE-20,Multiplicity: Team is led by 1 Member.,0,1,float,single,,0.5,
1027625,153148,1,System-Design-Class-Diagram-2025,upload,outcome,1,SUBSCORE-21,"Association Class: Membership.
This class will sit between Member and Team and will keep track of the role of the Member in the team, the date they joined and when they left the team.
Some students might model this class a Class (not association class), this is accepted.",0,1,float,single,,0.5,
1027625,153148,1,System-Design-Class-Diagram-2025,upload,outcome,1,SUBSCORE-22,Class Developer.,0,1,float,single,,1,
1027625,153148,1,System-Design-Class-Diagram-2025,upload,outcome,1,SUBSCORE-23,Inheritance: Developer inherits from Member.,0,1,float,single,,1,
1027625,153148,1,System-Design-Class-Diagram-2025,upload,outcome,1,SUBSCORE-24,Class Training.,0,1,float,single,,1,
1027625,153148,1,System-Design-Class-Diagram-2025,upload,outcome,1,SUBSCORE-25,Association: Developer attends Training.,0,1,float,single,,1,
1027625,153148,1,System-Design-Class-Diagram-2025,upload,outcome,1,SUBSCORE-26,"Multiplicity: Developer attends * Trainings.
(*, 0..* or 1..* accepted).",0,1,float,single,,1,
1027625,153148,1,System-Design-Class-Diagram-2025,upload,outcome,1,SUBSCORE-27,"Multiplicity: Training attended by * Developers.
(*, 0..* or 1..* accepted).",0,1,float,single,,1,
1027625,153148,1,System-Design-Class-Diagram-2025,upload,outcome,1,SUBSCORE-28,Class Resource.,0,1,float,single,,1,
1027625,153148,1,System-Design-Class-Diagram-2025,upload,outcome,1,SUBSCORE-29,Association: Project requires Resource.,0,1,float,single,,1,
1027625,153148,1,System-Design-Class-Diagram-2025,upload,outcome,1,SUBSCORE-30,"Multiplicity: Project requires * Resources.
(*, 0..* or 1..* accepted).",0,1,float,single,,1,
1027625,153148,1,System-Design-Class-Diagram-2025,upload,outcome,1,SUBSCORE-31,"Multiplicity: Resource used by 1 Project.
We don't specify whether resources can be shared or not, so if the student models this as * or 1..*, this is also accepted.",0,1,float,single,,1,
1027625,153148,1,System-Design-Class-Diagram-2025,upload,outcome,1,SUBSCORE-32,Association: Member allocates Resource.,0,2,float,single,,2,
1027625,153148,1,System-Design-Class-Diagram-2025,upload,outcome,1,SUBSCORE-33,"Multiplicity: Member allocates * Resources.
(*, 0..* or 1..* accepted).",0,1,float,single,,1,
1027625,153148,1,System-Design-Class-Diagram-2025,upload,outcome,1,SUBSCORE-34,Multiplicity: Resource is allocated by 1 Member.,0,2,float,single,,2,
1027625,153148,1,System-Design-Class-Diagram-2025,upload,outcome,1,SUBSCORE-35,Class Resource Type.,0,1,float,single,,1,
1027625,153148,1,System-Design-Class-Diagram-2025,upload,outcome,1,SUBSCORE-36,Association: Resource belongs to Resource Type.,0,1,float,single,,0.5,
1027625,153148,1,System-Design-Class-Diagram-2025,upload,outcome,1,SUBSCORE-37,Multiplicity: Resource belongs to 1 Resource Type.,0,1,float,single,,1,
1027625,153148,1,System-Design-Class-Diagram-2025,upload,outcome,1,SUBSCORE-38,"Multiplicity: Resource Type has * Resources.
(*, 0..* or 1..* accepted).",0,1,float,single,,0,
1027625,153148,1,System-Design-Class-Diagram-2025,upload,outcome,1,PASSED,,,,boolean,single,0,false,
1027625,153148,1,System-Design-Class-Diagram-2025,upload,outcome,1,MAXSCORE,,,,float,single,40,40,
1027625,153148,1,System-Design-Class-Diagram-2025,upload,template,1,RESPONSE_CORRECTRESPONSE_POINTS,,,,float,single,40,40,
1027625,153148,1,System-Design-Class-Diagram-2025,upload,template,1,RESPONSE-ACTION,,,,float,single,correct,40,
1027625,153148,1,System-Design-Class-Diagram-2025,upload,,0,SCORE,,,,float,single,,31.5,
1027625,153148,1,System-Design-Class-Diagram-2025,upload,,0,MAX_SCORE,,,,float,single,,40,
1027625,153148,1,System-Design-Class-Diagram-2025,upload,,0,COMPLETION_STATUS,,,,identifier,single,,completed,
1027393,154944,1,System-Design-Class-Diagram-2025,upload,response,1,RESPONSE,,,,file,single,,[REDACTED],[]
1027393,154944,1,System-Design-Class-Diagram-2025,upload,outcome,1,SUBSCORE-1,Class Client.,0,1,float,single,,1,
1027393,154944,1,System-Design-Class-Diagram-2025,upload,outcome,1,SUBSCORE-2,Class Project,0,1,float,single,,1,
1027393,154944,1,System-Design-Class-Diagram-2025,upload,outcome,1,SUBSCORE-3,Association: Client commissions Project.,0,1,float,single,,0.5,
1027393,154944,1,System-Design-Class-Diagram-2025,upload,outcome,1,SUBSCORE-4,Multiplicity: Client commissions 1..* Projects.,0,1,float,single,,1,
1027393,154944,1,System-Design-Class-Diagram-2025,upload,outcome,1,SUBSCORE-5,Multiplicity: Project is commissioned by 1 Client.,0,1,float,single,,0,
1027393,154944,1,System-Design-Class-Diagram-2025,upload,outcome,1,SUBSCORE-6,Class Deliverable.,0,1,float,single,,0,
1027393,154944,1,System-Design-Class-Diagram-2025,upload,outcome,1,SUBSCORE-7,Association: Project has Deliverable.,0,1,float,single,,0,
1027393,154944,1,System-Design-Class-Diagram-2025,upload,outcome,1,SUBSCORE-8,"Multiplicity: Project has * Deliverables. 
(*, 0..* or 1..* accepted).",0,1,float,single,,0,
1027393,154944,1,System-Design-Class-Diagram-2025,upload,outcome,1,SUBSCORE-9,Multiplicity: Deliverable belongs to 1 project.,0,1,float,single,,0,
1027393,154944,1,System-Design-Class-Diagram-2025,upload,outcome,1,SUBSCORE-10,Class Team.,0,1,float,single,,1,
1027393,154944,1,System-Design-Class-Diagram-2025,upload,outcome,1,SUBSCORE-11,Association: Team works on Project.,0,1,float,single,,0.5,
1027393,154944,1,System-Design-Class-Diagram-2025,upload,outcome,1,SUBSCORE-12,Multiplicity: Team works on 1..* Projects.,0,1,float,single,,0,
1027393,154944,1,System-Design-Class-Diagram-2025,upload,outcome,1,SUBSCORE-13,Multiplicity: Project is handled by 1 Team.,0,1,float,single,,1,
1027393,154944,1,System-Design-Class-Diagram-2025,upload,outcome,1,SUBSCORE-14,"Class Member.
Some students will create a class Profile also and link Member to Profile, this is accepted.",0,1,float,single,,1,
1027393,154944,1,System-Design-Class-Diagram-2025,upload,outcome,1,SUBSCORE-15,Association: Member belongs to Team.,0,1,float,single,,0.5,
1027393,154944,1,System-Design-Class-Diagram-2025,upload,outcome,1,SUBSCORE-16,"Multiplicity: Member belongs to * Teams.
(*, 0..* or 1..* accepted).",0,1,float,single,,1,
1027393,154944,1,System-Design-Class-Diagram-2025,upload,outcome,1,SUBSCORE-17,"Multiplicity: Team has 1..* Members.
(*, 0..*, 1..* accepted).",0,1,float,single,,1,
1027393,154944,1,System-Design-Class-Diagram-2025,upload,outcome,1,SUBSCORE-18,Association: Member leads Team.,0,1,float,single,,0,
1027393,154944,1,System-Design-Class-Diagram-2025,upload,outcome,1,SUBSCORE-19,Multiplicity: Member leads 0..* Teams.,0,1,float,single,,0,
1027393,154944,1,System-Design-Class-Diagram-2025,upload,outcome,1,SUBSCORE-20,Multiplicity: Team is led by 1 Member.,0,1,float,single,,0,
1027393,154944,1,System-Design-Class-Diagram-2025,upload,outcome,1,SUBSCORE-21,"Association Class: Membership.
This class will sit between Member and Team and will keep track of the role of the Member in the team, the date they joined and when they left the team.
Some students might model this class a Class (not association class), this is accepted.",0,1,float,single,,0,
1027393,154944,1,System-Design-Class-Diagram-2025,upload,outcome,1,SUBSCORE-22,Class Developer.,0,1,float,single,,1,
1027393,154944,1,System-Design-Class-Diagram-2025,upload,outcome,1,SUBSCORE-23,Inheritance: Developer inherits from Member.,0,1,float,single,,0,
1027393,154944,1,System-Design-Class-Diagram-2025,upload,outcome,1,SUBSCORE-24,Class Training.,0,1,float,single,,1,
1027393,154944,1,System-Design-Class-Diagram-2025,upload,outcome,1,SUBSCORE-25,Association: Developer attends Training.,0,1,float,single,,0.5,
1027393,154944,1,System-Design-Class-Diagram-2025,upload,outcome,1,SUBSCORE-26,"Multiplicity: Developer attends * Trainings.
(*, 0..* or 1..* accepted).",0,1,float,single,,1,
1027393,154944,1,System-Design-Class-Diagram-2025,upload,outcome,1,SUBSCORE-27,"Multiplicity: Training attended by * Developers.
(*, 0..* or 1..* accepted).",0,1,float,single,,1,
1027393,154944,1,System-Design-Class-Diagram-2025,upload,outcome,1,SUBSCORE-28,Class Resource.,0,1,float,single,,1,
1027393,154944,1,System-Design-Class-Diagram-2025,upload,outcome,1,SUBSCORE-29,Association: Project requires Resource.,0,1,float,single,,0,
1027393,154944,1,System-Design-Class-Diagram-2025,upload,outcome,1,SUBSCORE-30,"Multiplicity: Project requires * Resources.
(*, 0..* or 1..* accepted).",0,1,float,single,,0,
1027393,154944,1,System-Design-Class-Diagram-2025,upload,outcome,1,SUBSCORE-31,"Multiplicity: Resource used by 1 Project.
We don't specify whether resources can be shared or not, so if the student models this as * or 1..*, this is also accepted.",0,1,float,single,,0,
1027393,154944,1,System-Design-Class-Diagram-2025,upload,outcome,1,SUBSCORE-32,Association: Member allocates Resource.,0,2,float,single,,0,
1027393,154944,1,System-Design-Class-Diagram-2025,upload,outcome,1,SUBSCORE-33,"Multiplicity: Member allocates * Resources.
(*, 0..* or 1..* accepted).",0,1,float,single,,0,
1027393,154944,1,System-Design-Class-Diagram-2025,upload,outcome,1,SUBSCORE-34,Multiplicity: Resource is allocated by 1 Member.,0,2,float,single,,0,
1027393,154944,1,System-Design-Class-Diagram-2025,upload,outcome,1,SUBSCORE-35,Class Resource Type.,0,1,float,single,,1,
1027393,154944,1,System-Design-Class-Diagram-2025,upload,outcome,1,SUBSCORE-36,Association: Resource belongs to Resource Type.,0,1,float,single,,0,
1027393,154944,1,System-Design-Class-Diagram-2025,upload,outcome,1,SUBSCORE-37,Multiplicity: Resource belongs to 1 Resource Type.,0,1,float,single,,0,
1027393,154944,1,System-Design-Class-Diagram-2025,upload,outcome,1,SUBSCORE-38,"Multiplicity: Resource Type has * Resources.
(*, 0..* or 1..* accepted).",0,1,float,single,,0,
1027393,154944,1,System-Design-Class-Diagram-2025,upload,outcome,1,PASSED,,,,boolean,single,0,false,
1027393,154944,1,System-Design-Class-Diagram-2025,upload,outcome,1,MAXSCORE,,,,float,single,40,40,
1027393,154944,1,System-Design-Class-Diagram-2025,upload,template,1,RESPONSE_CORRECTRESPONSE_POINTS,,,,float,single,40,40,
1027393,154944,1,System-Design-Class-Diagram-2025,upload,template,1,RESPONSE-ACTION,,,,float,single,correct,40,
1027393,154944,1,System-Design-Class-Diagram-2025,upload,,0,SCORE,,,,float,single,,16,
1027393,154944,1,System-Design-Class-Diagram-2025,upload,,0,MAX_SCORE,,,,float,single,,40,
1027393,154944,1,System-Design-Class-Diagram-2025,upload,,0,COMPLETION_STATUS,,,,identifier,single,,completed,
1027329,80417,1,System-Design-Class-Diagram-2025,upload,response,1,RESPONSE,,,,file,single,,[REDACTED],[]
1027329,80417,1,System-Design-Class-Diagram-2025,upload,outcome,1,SUBSCORE-1,Class Client.,0,1,float,single,,1,
1027329,80417,1,System-Design-Class-Diagram-2025,upload,outcome,1,SUBSCORE-2,Class Project,0,1,float,single,,1,
1027329,80417,1,System-Design-Class-Diagram-2025,upload,outcome,1,SUBSCORE-3,Association: Client commissions Project.,0,1,float,single,,1,
1027329,80417,1,System-Design-Class-Diagram-2025,upload,outcome,1,SUBSCORE-4,Multiplicity: Client commissions 1..* Projects.,0,1,float,single,,1,
1027329,80417,1,System-Design-Class-Diagram-2025,upload,outcome,1,SUBSCORE-5,Multiplicity: Project is commissioned by 1 Client.,0,1,float,single,,1,
1027329,80417,1,System-Design-Class-Diagram-2025,upload,outcome,1,SUBSCORE-6,Class Deliverable.,0,1,float,single,,1,
1027329,80417,1,System-Design-Class-Diagram-2025,upload,outcome,1,SUBSCORE-7,Association: Project has Deliverable.,0,1,float,single,,1,
1027329,80417,1,System-Design-Class-Diagram-2025,upload,outcome,1,SUBSCORE-8,"Multiplicity: Project has * Deliverables. 
(*, 0..* or 1..* accepted).",0,1,float,single,,1,
1027329,80417,1,System-Design-Class-Diagram-2025,upload,outcome,1,SUBSCORE-9,Multiplicity: Deliverable belongs to 1 project.,0,1,float,single,,1,
1027329,80417,1,System-Design-Class-Diagram-2025,upload,outcome,1,SUBSCORE-10,Class Team.,0,1,float,single,,1,
1027329,80417,1,System-Design-Class-Diagram-2025,upload,outcome,1,SUBSCORE-11,Association: Team works on Project.,0,1,float,single,,1,
1027329,80417,1,System-Design-Class-Diagram-2025,upload,outcome,1,SUBSCORE-12,Multiplicity: Team works on 1..* Projects.,0,1,float,single,,1,
1027329,80417,1,System-Design-Class-Diagram-2025,upload,outcome,1,SUBSCORE-13,Multiplicity: Project is handled by 1 Team.,0,1,float,single,,1,
1027329,80417,1,System-Design-Class-Diagram-2025,upload,outcome,1,SUBSCORE-14,"Class Member.
Some students will create a class Profile also and link Member to Profile, this is accepted.",0,1,float,single,,1,
1027329,80417,1,System-Design-Class-Diagram-2025,upload,outcome,1,SUBSCORE-15,Association: Member belongs to Team.,0,1,float,single,,1,
1027329,80417,1,System-Design-Class-Diagram-2025,upload,outcome,1,SUBSCORE-16,"Multiplicity: Member belongs to * Teams.
(*, 0..* or 1..* accepted).",0,1,float,single,,1,
1027329,80417,1,System-Design-Class-Diagram-2025,upload,outcome,1,SUBSCORE-17,"Multiplicity: Team has 1..* Members.
(*, 0..*, 1..* accepted).",0,1,float,single,,1,
1027329,80417,1,System-Design-Class-Diagram-2025,upload,outcome,1,SUBSCORE-18,Association: Member leads Team.,0,1,float,single,,1,
1027329,80417,1,System-Design-Class-Diagram-2025,upload,outcome,1,SUBSCORE-19,Multiplicity: Member leads 0..* Teams.,0,1,float,single,,0,
1027329,80417,1,System-Design-Class-Diagram-2025,upload,outcome,1,SUBSCORE-20,Multiplicity: Team is led by 1 Member.,0,1,float,single,,1,
1027329,80417,1,System-Design-Class-Diagram-2025,upload,outcome,1,SUBSCORE-21,"Association Class: Membership.
This class will sit between Member and Team and will keep track of the role of the Member in the team, the date they joined and when they left the team.
Some students might model this class a Class (not association class), this is accepted.",0,1,float,single,,1,
1027329,80417,1,System-Design-Class-Diagram-2025,upload,outcome,1,SUBSCORE-22,Class Developer.,0,1,float,single,,1,
1027329,80417,1,System-Design-Class-Diagram-2025,upload,outcome,1,SUBSCORE-23,Inheritance: Developer inherits from Member.,0,1,float,single,,1,
1027329,80417,1,System-Design-Class-Diagram-2025,upload,outcome,1,SUBSCORE-24,Class Training.,0,1,float,single,,1,
1027329,80417,1,System-Design-Class-Diagram-2025,upload,outcome,1,SUBSCORE-25,Association: Developer attends Training.,0,1,float,single,,1,
1027329,80417,1,System-Design-Class-Diagram-2025,upload,outcome,1,SUBSCORE-26,"Multiplicity: Developer attends * Trainings.
(*, 0..* or 1..* accepted).",0,1,float,single,,1,
1027329,80417,1,System-Design-Class-Diagram-2025,upload,outcome,1,SUBSCORE-27,"Multiplicity: Training attended by * Developers.
(*, 0..* or 1..* accepted).",0,1,float,single,,1,
1027329,80417,1,System-Design-Class-Diagram-2025,upload,outcome,1,SUBSCORE-28,Class Resource.,0,1,float,single,,1,
1027329,80417,1,System-Design-Class-Diagram-2025,upload,outcome,1,SUBSCORE-29,Association: Project requires Resource.,0,1,float,single,,1,
1027329,80417,1,System-Design-Class-Diagram-2025,upload,outcome,1,SUBSCORE-30,"Multiplicity: Project requires * Resources.
(*, 0..* or 1..* accepted).",0,1,float,single,,1,
1027329,80417,1,System-Design-Class-Diagram-2025,upload,outcome,1,SUBSCORE-31,"Multiplicity: Resource used by 1 Project.
We don't specify whether resources can be shared or not, so if the student models this as * or 1..*, this is also accepted.",0,1,float,single,,1,
1027329,80417,1,System-Design-Class-Diagram-2025,upload,outcome,1,SUBSCORE-32,Association: Member allocates Resource.,0,2,float,single,,2,
1027329,80417,1,System-Design-Class-Diagram-2025,upload,outcome,1,SUBSCORE-33,"Multiplicity: Member allocates * Resources.
(*, 0..* or 1..* accepted).",0,1,float,single,,1,
1027329,80417,1,System-Design-Class-Diagram-2025,upload,outcome,1,SUBSCORE-34,Multiplicity: Resource is allocated by 1 Member.,0,2,float,single,,2,
1027329,80417,1,System-Design-Class-Diagram-2025,upload,outcome,1,SUBSCORE-35,Class Resource Type.,0,1,float,single,,0,
1027329,80417,1,System-Design-Class-Diagram-2025,upload,outcome,1,SUBSCORE-36,Association: Resource belongs to Resource Type.,0,1,float,single,,0,
1027329,80417,1,System-Design-Class-Diagram-2025,upload,outcome,1,SUBSCORE-37,Multiplicity: Resource belongs to 1 Resource Type.,0,1,float,single,,0,
1027329,80417,1,System-Design-Class-Diagram-2025,upload,outcome,1,SUBSCORE-38,"Multiplicity: Resource Type has * Resources.
(*, 0..* or 1..* accepted).",0,1,float,single,,0,
1027329,80417,1,System-Design-Class-Diagram-2025,upload,outcome,1,PASSED,,,,boolean,single,0,false,
1027329,80417,1,System-Design-Class-Diagram-2025,upload,outcome,1,MAXSCORE,,,,float,single,40,40,
1027329,80417,1,System-Design-Class-Diagram-2025,upload,template,1,RESPONSE_CORRECTRESPONSE_POINTS,,,,float,single,40,40,
1027329,80417,1,System-Design-Class-Diagram-2025,upload,template,1,RESPONSE-ACTION,,,,float,single,correct,40,
1027329,80417,1,System-Design-Class-Diagram-2025,upload,,0,SCORE,,,,float,single,,35,
1027329,80417,1,System-Design-Class-Diagram-2025,upload,,0,MAX_SCORE,,,,float,single,,40,
1027329,80417,1,System-Design-Class-Diagram-2025,upload,,0,COMPLETION_STATUS,,,,identifier,single,,completed,
1027671,152612,1,System-Design-Class-Diagram-2025,upload,response,1,RESPONSE,,,,file,single,,[REDACTED],[]
1027671,152612,1,System-Design-Class-Diagram-2025,upload,outcome,1,SUBSCORE-1,Class Client.,0,1,float,single,,1,
1027671,152612,1,System-Design-Class-Diagram-2025,upload,outcome,1,SUBSCORE-2,Class Project,0,1,float,single,,1,
1027671,152612,1,System-Design-Class-Diagram-2025,upload,outcome,1,SUBSCORE-3,Association: Client commissions Project.,0,1,float,single,,1,
1027671,152612,1,System-Design-Class-Diagram-2025,upload,outcome,1,SUBSCORE-4,Multiplicity: Client commissions 1..* Projects.,0,1,float,single,,0,
1027671,152612,1,System-Design-Class-Diagram-2025,upload,outcome,1,SUBSCORE-5,Multiplicity: Project is commissioned by 1 Client.,0,1,float,single,,1,
1027671,152612,1,System-Design-Class-Diagram-2025,upload,outcome,1,SUBSCORE-6,Class Deliverable.,0,1,float,single,,1,
1027671,152612,1,System-Design-Class-Diagram-2025,upload,outcome,1,SUBSCORE-7,Association: Project has Deliverable.,0,1,float,single,,1,
1027671,152612,1,System-Design-Class-Diagram-2025,upload,outcome,1,SUBSCORE-8,"Multiplicity: Project has * Deliverables. 
(*, 0..* or 1..* accepted).",0,1,float,single,,1,
1027671,152612,1,System-Design-Class-Diagram-2025,upload,outcome,1,SUBSCORE-9,Multiplicity: Deliverable belongs to 1 project.,0,1,float,single,,1,
1027671,152612,1,System-Design-Class-Diagram-2025,upload,outcome,1,SUBSCORE-10,Class Team.,0,1,float,single,,1,
1027671,152612,1,System-Design-Class-Diagram-2025,upload,outcome,1,SUBSCORE-11,Association: Team works on Project.,0,1,float,single,,1,
1027671,152612,1,System-Design-Class-Diagram-2025,upload,outcome,1,SUBSCORE-12,Multiplicity: Team works on 1..* Projects.,0,1,float,single,,0,
1027671,152612,1,System-Design-Class-Diagram-2025,upload,outcome,1,SUBSCORE-13,Multiplicity: Project is handled by 1 Team.,0,1,float,single,,1,
1027671,152612,1,System-Design-Class-Diagram-2025,upload,outcome,1,SUBSCORE-14,"Class Member.
Some students will create a class Profile also and link Member to Profile, this is accepted.",0,1,float,single,,1,
1027671,152612,1,System-Design-Class-Diagram-2025,upload,outcome,1,SUBSCORE-15,Association: Member belongs to Team.,0,1,float,single,,1,
1027671,152612,1,System-Design-Class-Diagram-2025,upload,outcome,1,SUBSCORE-16,"Multiplicity: Member belongs to * Teams.
(*, 0..* or 1..* accepted).",0,1,float,single,,1,
1027671,152612,1,System-Design-Class-Diagram-2025,upload,outcome,1,SUBSCORE-17,"Multiplicity: Team has 1..* Members.
(*, 0..*, 1..* accepted).",0,1,float,single,,1,
1027671,152612,1,System-Design-Class-Diagram-2025,upload,outcome,1,SUBSCORE-18,Association: Member leads Team.,0,1,float,single,,1,
1027671,152612,1,System-Design-Class-Diagram-2025,upload,outcome,1,SUBSCORE-19,Multiplicity: Member leads 0..* Teams.,0,1,float,single,,1,
1027671,152612,1,System-Design-Class-Diagram-2025,upload,outcome,1,SUBSCORE-20,Multiplicity: Team is led by 1 Member.,0,1,float,single,,1,
1027671,152612,1,System-Design-Class-Diagram-2025,upload,outcome,1,SUBSCORE-21,"Association Class: Membership.
This class will sit between Member and Team and will keep track of the role of the Member in the team, the date they joined and when they left the team.
Some students might model this class a Class (not association class), this is accepted.",0,1,float,single,,1,
1027671,152612,1,System-Design-Class-Diagram-2025,upload,outcome,1,SUBSCORE-22,Class Developer.,0,1,float,single,,1,
1027671,152612,1,System-Design-Class-Diagram-2025,upload,outcome,1,SUBSCORE-23,Inheritance: Developer inherits from Member.,0,1,float,single,,1,
1027671,152612,1,System-Design-Class-Diagram-2025,upload,outcome,1,SUBSCORE-24,Class Training.,0,1,float,single,,1,
1027671,152612,1,System-Design-Class-Diagram-2025,upload,outcome,1,SUBSCORE-25,Association: Developer attends Training.,0,1,float,single,,0.5,
1027671,152612,1,System-Design-Class-Diagram-2025,upload,outcome,1,SUBSCORE-26,"Multiplicity: Developer attends * Trainings.
(*, 0..* or 1..* accepted).",0,1,float,single,,1,
1027671,152612,1,System-Design-Class-Diagram-2025,upload,outcome,1,SUBSCORE-27,"Multiplicity: Training attended by * Developers.
(*, 0..* or 1..* accepted).",0,1,float,single,,1,
1027671,152612,1,System-Design-Class-Diagram-2025,upload,outcome,1,SUBSCORE-28,Class Resource.,0,1,float,single,,1,
1027671,152612,1,System-Design-Class-Diagram-2025,upload,outcome,1,SUBSCORE-29,Association: Project requires Resource.,0,1,float,single,,0.5,
1027671,152612,1,System-Design-Class-Diagram-2025,upload,outcome,1,SUBSCORE-30,"Multiplicity: Project requires * Resources.
(*, 0..* or 1..* accepted).",0,1,float,single,,1,
1027671,152612,1,System-Design-Class-Diagram-2025,upload,outcome,1,SUBSCORE-31,"Multiplicity: Resource used by 1 Project.
We don't specify whether resources can be shared or not, so if the student models this as * or 1..*, this is also accepted.",0,1,float,single,,1,
1027671,152612,1,System-Design-Class-Diagram-2025,upload,outcome,1,SUBSCORE-32,Association: Member allocates Resource.,0,2,float,single,,2,
1027671,152612,1,System-Design-Class-Diagram-2025,upload,outcome,1,SUBSCORE-33,"Multiplicity: Member allocates * Resources.
(*, 0..* or 1..* accepted).",0,1,float,single,,1,
1027671,152612,1,System-Design-Class-Diagram-2025,upload,outcome,1,SUBSCORE-34,Multiplicity: Resource is allocated by 1 Member.,0,2,float,single,,0,
1027671,152612,1,System-Design-Class-Diagram-2025,upload,outcome,1,SUBSCORE-35,Class Resource Type.,0,1,float,single,,0,
1027671,152612,1,System-Design-Class-Diagram-2025,upload,outcome,1,SUBSCORE-36,Association: Resource belongs to Resource Type.,0,1,float,single,,0,
1027671,152612,1,System-Design-Class-Diagram-2025,upload,outcome,1,SUBSCORE-37,Multiplicity: Resource belongs to 1 Resource Type.,0,1,float,single,,0,
1027671,152612,1,System-Design-Class-Diagram-2025,upload,outcome,1,SUBSCORE-38,"Multiplicity: Resource Type has * Resources.
(*, 0..* or 1..* accepted).",0,1,float,single,,0,
1027671,152612,1,System-Design-Class-Diagram-2025,upload,outcome,1,PASSED,,,,boolean,single,0,false,
1027671,152612,1,System-Design-Class-Diagram-2025,upload,outcome,1,MAXSCORE,,,,float,single,40,40,
1027671,152612,1,System-Design-Class-Diagram-2025,upload,template,1,RESPONSE_CORRECTRESPONSE_POINTS,,,,float,single,40,40,
1027671,152612,1,System-Design-Class-Diagram-2025,upload,template,1,RESPONSE-ACTION,,,,float,single,correct,40,
1027671,152612,1,System-Design-Class-Diagram-2025,upload,,0,SCORE,,,,float,single,,31,
1027671,152612,1,System-Design-Class-Diagram-2025,upload,,0,MAX_SCORE,,,,float,single,,40,
1027671,152612,1,System-Design-Class-Diagram-2025,upload,,0,COMPLETION_STATUS,,,,identifier,single,,completed,
1027649,152522,1,System-Design-Class-Diagram-2025,upload,response,1,RESPONSE,,,,file,single,,[REDACTED],[]
1027649,152522,1,System-Design-Class-Diagram-2025,upload,outcome,1,SUBSCORE-1,Class Client.,0,1,float,single,,1,
1027649,152522,1,System-Design-Class-Diagram-2025,upload,outcome,1,SUBSCORE-2,Class Project,0,1,float,single,,1,
1027649,152522,1,System-Design-Class-Diagram-2025,upload,outcome,1,SUBSCORE-3,Association: Client commissions Project.,0,1,float,single,,1,
1027649,152522,1,System-Design-Class-Diagram-2025,upload,outcome,1,SUBSCORE-4,Multiplicity: Client commissions 1..* Projects.,0,1,float,single,,1,
1027649,152522,1,System-Design-Class-Diagram-2025,upload,outcome,1,SUBSCORE-5,Multiplicity: Project is commissioned by 1 Client.,0,1,float,single,,1,
1027649,152522,1,System-Design-Class-Diagram-2025,upload,outcome,1,SUBSCORE-6,Class Deliverable.,0,1,float,single,,1,
1027649,152522,1,System-Design-Class-Diagram-2025,upload,outcome,1,SUBSCORE-7,Association: Project has Deliverable.,0,1,float,single,,1,
1027649,152522,1,System-Design-Class-Diagram-2025,upload,outcome,1,SUBSCORE-8,"Multiplicity: Project has * Deliverables. 
(*, 0..* or 1..* accepted).",0,1,float,single,,1,
1027649,152522,1,System-Design-Class-Diagram-2025,upload,outcome,1,SUBSCORE-9,Multiplicity: Deliverable belongs to 1 project.,0,1,float,single,,1,
1027649,152522,1,System-Design-Class-Diagram-2025,upload,outcome,1,SUBSCORE-10,Class Team.,0,1,float,single,,1,
1027649,152522,1,System-Design-Class-Diagram-2025,upload,outcome,1,SUBSCORE-11,Association: Team works on Project.,0,1,float,single,,1,
1027649,152522,1,System-Design-Class-Diagram-2025,upload,outcome,1,SUBSCORE-12,Multiplicity: Team works on 1..* Projects.,0,1,float,single,,0,
1027649,152522,1,System-Design-Class-Diagram-2025,upload,outcome,1,SUBSCORE-13,Multiplicity: Project is handled by 1 Team.,0,1,float,single,,1,
1027649,152522,1,System-Design-Class-Diagram-2025,upload,outcome,1,SUBSCORE-14,"Class Member.
Some students will create a class Profile also and link Member to Profile, this is accepted.",0,1,float,single,,1,
1027649,152522,1,System-Design-Class-Diagram-2025,upload,outcome,1,SUBSCORE-15,Association: Member belongs to Team.,0,1,float,single,,1,
1027649,152522,1,System-Design-Class-Diagram-2025,upload,outcome,1,SUBSCORE-16,"Multiplicity: Member belongs to * Teams.
(*, 0..* or 1..* accepted).",0,1,float,single,,1,
1027649,152522,1,System-Design-Class-Diagram-2025,upload,outcome,1,SUBSCORE-17,"Multiplicity: Team has 1..* Members.
(*, 0..*, 1..* accepted).",0,1,float,single,,1,
1027649,152522,1,System-Design-Class-Diagram-2025,upload,outcome,1,SUBSCORE-18,Association: Member leads Team.,0,1,float,single,,1,
1027649,152522,1,System-Design-Class-Diagram-2025,upload,outcome,1,SUBSCORE-19,Multiplicity: Member leads 0..* Teams.,0,1,float,single,,1,
1027649,152522,1,System-Design-Class-Diagram-2025,upload,outcome,1,SUBSCORE-20,Multiplicity: Team is led by 1 Member.,0,1,float,single,,1,
1027649,152522,1,System-Design-Class-Diagram-2025,upload,outcome,1,SUBSCORE-21,"Association Class: Membership.
This class will sit between Member and Team and will keep track of the role of the Member in the team, the date they joined and when they left the team.
Some students might model this class a Class (not association class), this is accepted.",0,1,float,single,,1,
1027649,152522,1,System-Design-Class-Diagram-2025,upload,outcome,1,SUBSCORE-22,Class Developer.,0,1,float,single,,1,
1027649,152522,1,System-Design-Class-Diagram-2025,upload,outcome,1,SUBSCORE-23,Inheritance: Developer inherits from Member.,0,1,float,single,,1,
1027649,152522,1,System-Design-Class-Diagram-2025,upload,outcome,1,SUBSCORE-24,Class Training.,0,1,float,single,,1,
1027649,152522,1,System-Design-Class-Diagram-2025,upload,outcome,1,SUBSCORE-25,Association: Developer attends Training.,0,1,float,single,,1,
1027649,152522,1,System-Design-Class-Diagram-2025,upload,outcome,1,SUBSCORE-26,"Multiplicity: Developer attends * Trainings.
(*, 0..* or 1..* accepted).",0,1,float,single,,1,
1027649,152522,1,System-Design-Class-Diagram-2025,upload,outcome,1,SUBSCORE-27,"Multiplicity: Training attended by * Developers.
(*, 0..* or 1..* accepted).",0,1,float,single,,1,
1027649,152522,1,System-Design-Class-Diagram-2025,upload,outcome,1,SUBSCORE-28,Class Resource.,0,1,float,single,,1,
1027649,152522,1,System-Design-Class-Diagram-2025,upload,outcome,1,SUBSCORE-29,Association: Project requires Resource.,0,1,float,single,,1,
1027649,152522,1,System-Design-Class-Diagram-2025,upload,outcome,1,SUBSCORE-30,"Multiplicity: Project requires * Resources.
(*, 0..* or 1..* accepted).",0,1,float,single,,1,
1027649,152522,1,System-Design-Class-Diagram-2025,upload,outcome,1,SUBSCORE-31,"Multiplicity: Resource used by 1 Project.
We don't specify whether resources can be shared or not, so if the student models this as * or 1..*, this is also accepted.",0,1,float,single,,1,
1027649,152522,1,System-Design-Class-Diagram-2025,upload,outcome,1,SUBSCORE-32,Association: Member allocates Resource.,0,2,float,single,,2,
1027649,152522,1,System-Design-Class-Diagram-2025,upload,outcome,1,SUBSCORE-33,"Multiplicity: Member allocates * Resources.
(*, 0..* or 1..* accepted).",0,1,float,single,,1,
1027649,152522,1,System-Design-Class-Diagram-2025,upload,outcome,1,SUBSCORE-34,Multiplicity: Resource is allocated by 1 Member.,0,2,float,single,,2,
1027649,152522,1,System-Design-Class-Diagram-2025,upload,outcome,1,SUBSCORE-35,Class Resource Type.,0,1,float,single,,1,
1027649,152522,1,System-Design-Class-Diagram-2025,upload,outcome,1,SUBSCORE-36,Association: Resource belongs to Resource Type.,0,1,float,single,,1,
1027649,152522,1,System-Design-Class-Diagram-2025,upload,outcome,1,SUBSCORE-37,Multiplicity: Resource belongs to 1 Resource Type.,0,1,float,single,,1,
1027649,152522,1,System-Design-Class-Diagram-2025,upload,outcome,1,SUBSCORE-38,"Multiplicity: Resource Type has * Resources.
(*, 0..* or 1..* accepted).",0,1,float,single,,1,
1027649,152522,1,System-Design-Class-Diagram-2025,upload,outcome,1,PASSED,,,,boolean,single,0,false,
1027649,152522,1,System-Design-Class-Diagram-2025,upload,outcome,1,MAXSCORE,,,,float,single,40,40,
1027649,152522,1,System-Design-Class-Diagram-2025,upload,template,1,RESPONSE_CORRECTRESPONSE_POINTS,,,,float,single,40,40,
1027649,152522,1,System-Design-Class-Diagram-2025,upload,template,1,RESPONSE-ACTION,,,,float,single,correct,40,
1027649,152522,1,System-Design-Class-Diagram-2025,upload,,0,SCORE,,,,float,single,,39,
1027649,152522,1,System-Design-Class-Diagram-2025,upload,,0,MAX_SCORE,,,,float,single,,40,
1027649,152522,1,System-Design-Class-Diagram-2025,upload,,0,COMPLETION_STATUS,,,,identifier,single,,completed,
1027657,155236,1,System-Design-Class-Diagram-2025,upload,response,1,RESPONSE,,,,file,single,,[REDACTED],[]
1027657,155236,1,System-Design-Class-Diagram-2025,upload,outcome,1,SUBSCORE-1,Class Client.,0,1,float,single,,1,
1027657,155236,1,System-Design-Class-Diagram-2025,upload,outcome,1,SUBSCORE-2,Class Project,0,1,float,single,,1,
1027657,155236,1,System-Design-Class-Diagram-2025,upload,outcome,1,SUBSCORE-3,Association: Client commissions Project.,0,1,float,single,,1,
1027657,155236,1,System-Design-Class-Diagram-2025,upload,outcome,1,SUBSCORE-4,Multiplicity: Client commissions 1..* Projects.,0,1,float,single,,1,
1027657,155236,1,System-Design-Class-Diagram-2025,upload,outcome,1,SUBSCORE-5,Multiplicity: Project is commissioned by 1 Client.,0,1,float,single,,1,
1027657,155236,1,System-Design-Class-Diagram-2025,upload,outcome,1,SUBSCORE-6,Class Deliverable.,0,1,float,single,,1,
1027657,155236,1,System-Design-Class-Diagram-2025,upload,outcome,1,SUBSCORE-7,Association: Project has Deliverable.,0,1,float,single,,1,
1027657,155236,1,System-Design-Class-Diagram-2025,upload,outcome,1,SUBSCORE-8,"Multiplicity: Project has * Deliverables. 
(*, 0..* or 1..* accepted).",0,1,float,single,,1,
1027657,155236,1,System-Design-Class-Diagram-2025,upload,outcome,1,SUBSCORE-9,Multiplicity: Deliverable belongs to 1 project.,0,1,float,single,,1,
1027657,155236,1,System-Design-Class-Diagram-2025,upload,outcome,1,SUBSCORE-10,Class Team.,0,1,float,single,,1,
1027657,155236,1,System-Design-Class-Diagram-2025,upload,outcome,1,SUBSCORE-11,Association: Team works on Project.,0,1,float,single,,1,
1027657,155236,1,System-Design-Class-Diagram-2025,upload,outcome,1,SUBSCORE-12,Multiplicity: Team works on 1..* Projects.,0,1,float,single,,1,
1027657,155236,1,System-Design-Class-Diagram-2025,upload,outcome,1,SUBSCORE-13,Multiplicity: Project is handled by 1 Team.,0,1,float,single,,1,
1027657,155236,1,System-Design-Class-Diagram-2025,upload,outcome,1,SUBSCORE-14,"Class Member.
Some students will create a class Profile also and link Member to Profile, this is accepted.",0,1,float,single,,1,
1027657,155236,1,System-Design-Class-Diagram-2025,upload,outcome,1,SUBSCORE-15,Association: Member belongs to Team.,0,1,float,single,,1,
1027657,155236,1,System-Design-Class-Diagram-2025,upload,outcome,1,SUBSCORE-16,"Multiplicity: Member belongs to * Teams.
(*, 0..* or 1..* accepted).",0,1,float,single,,1,
1027657,155236,1,System-Design-Class-Diagram-2025,upload,outcome,1,SUBSCORE-17,"Multiplicity: Team has 1..* Members.
(*, 0..*, 1..* accepted).",0,1,float,single,,1,
1027657,155236,1,System-Design-Class-Diagram-2025,upload,outcome,1,SUBSCORE-18,Association: Member leads Team.,0,1,float,single,,0,
1027657,155236,1,System-Design-Class-Diagram-2025,upload,outcome,1,SUBSCORE-19,Multiplicity: Member leads 0..* Teams.,0,1,float,single,,0,
1027657,155236,1,System-Design-Class-Diagram-2025,upload,outcome,1,SUBSCORE-20,Multiplicity: Team is led by 1 Member.,0,1,float,single,,0,
1027657,155236,1,System-Design-Class-Diagram-2025,upload,outcome,1,SUBSCORE-21,"Association Class: Membership.
This class will sit between Member and Team and will keep track of the role of the Member in the team, the date they joined and when they left the team.
Some students might model this class a Class (not association class), this is accepted.",0,1,float,single,,0,
1027657,155236,1,System-Design-Class-Diagram-2025,upload,outcome,1,SUBSCORE-22,Class Developer.,0,1,float,single,,1,
1027657,155236,1,System-Design-Class-Diagram-2025,upload,outcome,1,SUBSCORE-23,Inheritance: Developer inherits from Member.,0,1,float,single,,1,
1027657,155236,1,System-Design-Class-Diagram-2025,upload,outcome,1,SUBSCORE-24,Class Training.,0,1,float,single,,1,
1027657,155236,1,System-Design-Class-Diagram-2025,upload,outcome,1,SUBSCORE-25,Association: Developer attends Training.,0,1,float,single,,1,
1027657,155236,1,System-Design-Class-Diagram-2025,upload,outcome,1,SUBSCORE-26,"Multiplicity: Developer attends * Trainings.
(*, 0..* or 1..* accepted).",0,1,float,single,,1,
1027657,155236,1,System-Design-Class-Diagram-2025,upload,outcome,1,SUBSCORE-27,"Multiplicity: Training attended by * Developers.
(*, 0..* or 1..* accepted).",0,1,float,single,,1,
1027657,155236,1,System-Design-Class-Diagram-2025,upload,outcome,1,SUBSCORE-28,Class Resource.,0,1,float,single,,1,
1027657,155236,1,System-Design-Class-Diagram-2025,upload,outcome,1,SUBSCORE-29,Association: Project requires Resource.,0,1,float,single,,1,
1027657,155236,1,System-Design-Class-Diagram-2025,upload,outcome,1,SUBSCORE-30,"Multiplicity: Project requires * Resources.
(*, 0..* or 1..* accepted).",0,1,float,single,,1,
1027657,155236,1,System-Design-Class-Diagram-2025,upload,outcome,1,SUBSCORE-31,"Multiplicity: Resource used by 1 Project.
We don't specify whether resources can be shared or not, so if the student models this as * or 1..*, this is also accepted.",0,1,float,single,,0,
1027657,155236,1,System-Design-Class-Diagram-2025,upload,outcome,1,SUBSCORE-32,Association: Member allocates Resource.,0,2,float,single,,0,
1027657,155236,1,System-Design-Class-Diagram-2025,upload,outcome,1,SUBSCORE-33,"Multiplicity: Member allocates * Resources.
(*, 0..* or 1..* accepted).",0,1,float,single,,0,
1027657,155236,1,System-Design-Class-Diagram-2025,upload,outcome,1,SUBSCORE-34,Multiplicity: Resource is allocated by 1 Member.,0,2,float,single,,0,
1027657,155236,1,System-Design-Class-Diagram-2025,upload,outcome,1,SUBSCORE-35,Class Resource Type.,0,1,float,single,,1,
1027657,155236,1,System-Design-Class-Diagram-2025,upload,outcome,1,SUBSCORE-36,Association: Resource belongs to Resource Type.,0,1,float,single,,1,
1027657,155236,1,System-Design-Class-Diagram-2025,upload,outcome,1,SUBSCORE-37,Multiplicity: Resource belongs to 1 Resource Type.,0,1,float,single,,1,
1027657,155236,1,System-Design-Class-Diagram-2025,upload,outcome,1,SUBSCORE-38,"Multiplicity: Resource Type has * Resources.
(*, 0..* or 1..* accepted).",0,1,float,single,,1,
1027657,155236,1,System-Design-Class-Diagram-2025,upload,outcome,1,PASSED,,,,boolean,single,0,false,
1027657,155236,1,System-Design-Class-Diagram-2025,upload,outcome,1,MAXSCORE,,,,float,single,40,40,
1027657,155236,1,System-Design-Class-Diagram-2025,upload,template,1,RESPONSE_CORRECTRESPONSE_POINTS,,,,float,single,40,40,
1027657,155236,1,System-Design-Class-Diagram-2025,upload,template,1,RESPONSE-ACTION,,,,float,single,correct,40,
1027657,155236,1,System-Design-Class-Diagram-2025,upload,,0,SCORE,,,,float,single,,30,
1027657,155236,1,System-Design-Class-Diagram-2025,upload,,0,MAX_SCORE,,,,float,single,,40,
1027657,155236,1,System-Design-Class-Diagram-2025,upload,,0,COMPLETION_STATUS,,,,identifier,single,,completed,
1027394,152444,1,System-Design-Class-Diagram-2025,upload,response,1,RESPONSE,,,,file,single,,[REDACTED],[]
1027394,152444,1,System-Design-Class-Diagram-2025,upload,outcome,1,SUBSCORE-1,Class Client.,0,1,float,single,,1,
1027394,152444,1,System-Design-Class-Diagram-2025,upload,outcome,1,SUBSCORE-2,Class Project,0,1,float,single,,1,
1027394,152444,1,System-Design-Class-Diagram-2025,upload,outcome,1,SUBSCORE-3,Association: Client commissions Project.,0,1,float,single,,1,
1027394,152444,1,System-Design-Class-Diagram-2025,upload,outcome,1,SUBSCORE-4,Multiplicity: Client commissions 1..* Projects.,0,1,float,single,,1,
1027394,152444,1,System-Design-Class-Diagram-2025,upload,outcome,1,SUBSCORE-5,Multiplicity: Project is commissioned by 1 Client.,0,1,float,single,,1,
1027394,152444,1,System-Design-Class-Diagram-2025,upload,outcome,1,SUBSCORE-6,Class Deliverable.,0,1,float,single,,1,
1027394,152444,1,System-Design-Class-Diagram-2025,upload,outcome,1,SUBSCORE-7,Association: Project has Deliverable.,0,1,float,single,,1,
1027394,152444,1,System-Design-Class-Diagram-2025,upload,outcome,1,SUBSCORE-8,"Multiplicity: Project has * Deliverables. 
(*, 0..* or 1..* accepted).",0,1,float,single,,1,
1027394,152444,1,System-Design-Class-Diagram-2025,upload,outcome,1,SUBSCORE-9,Multiplicity: Deliverable belongs to 1 project.,0,1,float,single,,1,
1027394,152444,1,System-Design-Class-Diagram-2025,upload,outcome,1,SUBSCORE-10,Class Team.,0,1,float,single,,1,
1027394,152444,1,System-Design-Class-Diagram-2025,upload,outcome,1,SUBSCORE-11,Association: Team works on Project.,0,1,float,single,,1,
1027394,152444,1,System-Design-Class-Diagram-2025,upload,outcome,1,SUBSCORE-12,Multiplicity: Team works on 1..* Projects.,0,1,float,single,,1,
1027394,152444,1,System-Design-Class-Diagram-2025,upload,outcome,1,SUBSCORE-13,Multiplicity: Project is handled by 1 Team.,0,1,float,single,,1,
1027394,152444,1,System-Design-Class-Diagram-2025,upload,outcome,1,SUBSCORE-14,"Class Member.
Some students will create a class Profile also and link Member to Profile, this is accepted.",0,1,float,single,,1,
1027394,152444,1,System-Design-Class-Diagram-2025,upload,outcome,1,SUBSCORE-15,Association: Member belongs to Team.,0,1,float,single,,1,
1027394,152444,1,System-Design-Class-Diagram-2025,upload,outcome,1,SUBSCORE-16,"Multiplicity: Member belongs to * Teams.
(*, 0..* or 1..* accepted).",0,1,float,single,,1,
1027394,152444,1,System-Design-Class-Diagram-2025,upload,outcome,1,SUBSCORE-17,"Multiplicity: Team has 1..* Members.
(*, 0..*, 1..* accepted).",0,1,float,single,,1,
1027394,152444,1,System-Design-Class-Diagram-2025,upload,outcome,1,SUBSCORE-18,Association: Member leads Team.,0,1,float,single,,1,
1027394,152444,1,System-Design-Class-Diagram-2025,upload,outcome,1,SUBSCORE-19,Multiplicity: Member leads 0..* Teams.,0,1,float,single,,0,
1027394,152444,1,System-Design-Class-Diagram-2025,upload,outcome,1,SUBSCORE-20,Multiplicity: Team is led by 1 Member.,0,1,float,single,,1,
1027394,152444,1,System-Design-Class-Diagram-2025,upload,outcome,1,SUBSCORE-21,"Association Class: Membership.
This class will sit between Member and Team and will keep track of the role of the Member in the team, the date they joined and when they left the team.
Some students might model this class a Class (not association class), this is accepted.",0,1,float,single,,1,
1027394,152444,1,System-Design-Class-Diagram-2025,upload,outcome,1,SUBSCORE-22,Class Developer.,0,1,float,single,,1,
1027394,152444,1,System-Design-Class-Diagram-2025,upload,outcome,1,SUBSCORE-23,Inheritance: Developer inherits from Member.,0,1,float,single,,1,
1027394,152444,1,System-Design-Class-Diagram-2025,upload,outcome,1,SUBSCORE-24,Class Training.,0,1,float,single,,1,
1027394,152444,1,System-Design-Class-Diagram-2025,upload,outcome,1,SUBSCORE-25,Association: Developer attends Training.,0,1,float,single,,1,
1027394,152444,1,System-Design-Class-Diagram-2025,upload,outcome,1,SUBSCORE-26,"Multiplicity: Developer attends * Trainings.
(*, 0..* or 1..* accepted).",0,1,float,single,,1,
1027394,152444,1,System-Design-Class-Diagram-2025,upload,outcome,1,SUBSCORE-27,"Multiplicity: Training attended by * Developers.
(*, 0..* or 1..* accepted).",0,1,float,single,,1,
1027394,152444,1,System-Design-Class-Diagram-2025,upload,outcome,1,SUBSCORE-28,Class Resource.,0,1,float,single,,1,
1027394,152444,1,System-Design-Class-Diagram-2025,upload,outcome,1,SUBSCORE-29,Association: Project requires Resource.,0,1,float,single,,1,
1027394,152444,1,System-Design-Class-Diagram-2025,upload,outcome,1,SUBSCORE-30,"Multiplicity: Project requires * Resources.
(*, 0..* or 1..* accepted).",0,1,float,single,,1,
1027394,152444,1,System-Design-Class-Diagram-2025,upload,outcome,1,SUBSCORE-31,"Multiplicity: Resource used by 1 Project.
We don't specify whether resources can be shared or not, so if the student models this as * or 1..*, this is also accepted.",0,1,float,single,,1,
1027394,152444,1,System-Design-Class-Diagram-2025,upload,outcome,1,SUBSCORE-32,Association: Member allocates Resource.,0,2,float,single,,2,
1027394,152444,1,System-Design-Class-Diagram-2025,upload,outcome,1,SUBSCORE-33,"Multiplicity: Member allocates * Resources.
(*, 0..* or 1..* accepted).",0,1,float,single,,1,
1027394,152444,1,System-Design-Class-Diagram-2025,upload,outcome,1,SUBSCORE-34,Multiplicity: Resource is allocated by 1 Member.,0,2,float,single,,0,
1027394,152444,1,System-Design-Class-Diagram-2025,upload,outcome,1,SUBSCORE-35,Class Resource Type.,0,1,float,single,,1,
1027394,152444,1,System-Design-Class-Diagram-2025,upload,outcome,1,SUBSCORE-36,Association: Resource belongs to Resource Type.,0,1,float,single,,1,
1027394,152444,1,System-Design-Class-Diagram-2025,upload,outcome,1,SUBSCORE-37,Multiplicity: Resource belongs to 1 Resource Type.,0,1,float,single,,1,
1027394,152444,1,System-Design-Class-Diagram-2025,upload,outcome,1,SUBSCORE-38,"Multiplicity: Resource Type has * Resources.
(*, 0..* or 1..* accepted).",0,1,float,single,,1,
1027394,152444,1,System-Design-Class-Diagram-2025,upload,outcome,1,PASSED,,,,boolean,single,0,false,
1027394,152444,1,System-Design-Class-Diagram-2025,upload,outcome,1,MAXSCORE,,,,float,single,40,40,
1027394,152444,1,System-Design-Class-Diagram-2025,upload,template,1,RESPONSE_CORRECTRESPONSE_POINTS,,,,float,single,40,40,
1027394,152444,1,System-Design-Class-Diagram-2025,upload,template,1,RESPONSE-ACTION,,,,float,single,correct,40,
1027394,152444,1,System-Design-Class-Diagram-2025,upload,,0,SCORE,,,,float,single,,37,
1027394,152444,1,System-Design-Class-Diagram-2025,upload,,0,MAX_SCORE,,,,float,single,,40,
1027394,152444,1,System-Design-Class-Diagram-2025,upload,,0,COMPLETION_STATUS,,,,identifier,single,,completed,
1027554,144512,1,System-Design-Class-Diagram-2025,upload,response,1,RESPONSE,,,,file,single,,[REDACTED],[]
1027554,144512,1,System-Design-Class-Diagram-2025,upload,outcome,1,SUBSCORE-1,Class Client.,0,1,float,single,,1,
1027554,144512,1,System-Design-Class-Diagram-2025,upload,outcome,1,SUBSCORE-2,Class Project,0,1,float,single,,1,
1027554,144512,1,System-Design-Class-Diagram-2025,upload,outcome,1,SUBSCORE-3,Association: Client commissions Project.,0,1,float,single,,1,
1027554,144512,1,System-Design-Class-Diagram-2025,upload,outcome,1,SUBSCORE-4,Multiplicity: Client commissions 1..* Projects.,0,1,float,single,,1,
1027554,144512,1,System-Design-Class-Diagram-2025,upload,outcome,1,SUBSCORE-5,Multiplicity: Project is commissioned by 1 Client.,0,1,float,single,,1,
1027554,144512,1,System-Design-Class-Diagram-2025,upload,outcome,1,SUBSCORE-6,Class Deliverable.,0,1,float,single,,1,
1027554,144512,1,System-Design-Class-Diagram-2025,upload,outcome,1,SUBSCORE-7,Association: Project has Deliverable.,0,1,float,single,,0.5,
1027554,144512,1,System-Design-Class-Diagram-2025,upload,outcome,1,SUBSCORE-8,"Multiplicity: Project has * Deliverables. 
(*, 0..* or 1..* accepted).",0,1,float,single,,1,
1027554,144512,1,System-Design-Class-Diagram-2025,upload,outcome,1,SUBSCORE-9,Multiplicity: Deliverable belongs to 1 project.,0,1,float,single,,1,
1027554,144512,1,System-Design-Class-Diagram-2025,upload,outcome,1,SUBSCORE-10,Class Team.,0,1,float,single,,1,
1027554,144512,1,System-Design-Class-Diagram-2025,upload,outcome,1,SUBSCORE-11,Association: Team works on Project.,0,1,float,single,,1,
1027554,144512,1,System-Design-Class-Diagram-2025,upload,outcome,1,SUBSCORE-12,Multiplicity: Team works on 1..* Projects.,0,1,float,single,,1,
1027554,144512,1,System-Design-Class-Diagram-2025,upload,outcome,1,SUBSCORE-13,Multiplicity: Project is handled by 1 Team.,0,1,float,single,,1,
1027554,144512,1,System-Design-Class-Diagram-2025,upload,outcome,1,SUBSCORE-14,"Class Member.
Some students will create a class Profile also and link Member to Profile, this is accepted.",0,1,float,single,,1,
1027554,144512,1,System-Design-Class-Diagram-2025,upload,outcome,1,SUBSCORE-15,Association: Member belongs to Team.,0,1,float,single,,1,
1027554,144512,1,System-Design-Class-Diagram-2025,upload,outcome,1,SUBSCORE-16,"Multiplicity: Member belongs to * Teams.
(*, 0..* or 1..* accepted).",0,1,float,single,,1,
1027554,144512,1,System-Design-Class-Diagram-2025,upload,outcome,1,SUBSCORE-17,"Multiplicity: Team has 1..* Members.
(*, 0..*, 1..* accepted).",0,1,float,single,,0.5,
1027554,144512,1,System-Design-Class-Diagram-2025,upload,outcome,1,SUBSCORE-18,Association: Member leads Team.,0,1,float,single,,0,
1027554,144512,1,System-Design-Class-Diagram-2025,upload,outcome,1,SUBSCORE-19,Multiplicity: Member leads 0..* Teams.,0,1,float,single,,0,
1027554,144512,1,System-Design-Class-Diagram-2025,upload,outcome,1,SUBSCORE-20,Multiplicity: Team is led by 1 Member.,0,1,float,single,,0,
1027554,144512,1,System-Design-Class-Diagram-2025,upload,outcome,1,SUBSCORE-21,"Association Class: Membership.
This class will sit between Member and Team and will keep track of the role of the Member in the team, the date they joined and when they left the team.
Some students might model this class a Class (not association class), this is accepted.",0,1,float,single,,1,
1027554,144512,1,System-Design-Class-Diagram-2025,upload,outcome,1,SUBSCORE-22,Class Developer.,0,1,float,single,,1,
1027554,144512,1,System-Design-Class-Diagram-2025,upload,outcome,1,SUBSCORE-23,Inheritance: Developer inherits from Member.,0,1,float,single,,0,
1027554,144512,1,System-Design-Class-Diagram-2025,upload,outcome,1,SUBSCORE-24,Class Training.,0,1,float,single,,1,
1027554,144512,1,System-Design-Class-Diagram-2025,upload,outcome,1,SUBSCORE-25,Association: Developer attends Training.,0,1,float,single,,1,
1027554,144512,1,System-Design-Class-Diagram-2025,upload,outcome,1,SUBSCORE-26,"Multiplicity: Developer attends * Trainings.
(*, 0..* or 1..* accepted).",0,1,float,single,,1,
1027554,144512,1,System-Design-Class-Diagram-2025,upload,outcome,1,SUBSCORE-27,"Multiplicity: Training attended by * Developers.
(*, 0..* or 1..* accepted).",0,1,float,single,,0,
1027554,144512,1,System-Design-Class-Diagram-2025,upload,outcome,1,SUBSCORE-28,Class Resource.,0,1,float,single,,1,
1027554,144512,1,System-Design-Class-Diagram-2025,upload,outcome,1,SUBSCORE-29,Association: Project requires Resource.,0,1,float,single,,1,
1027554,144512,1,System-Design-Class-Diagram-2025,upload,outcome,1,SUBSCORE-30,"Multiplicity: Project requires * Resources.
(*, 0..* or 1..* accepted).",0,1,float,single,,1,
1027554,144512,1,System-Design-Class-Diagram-2025,upload,outcome,1,SUBSCORE-31,"Multiplicity: Resource used by 1 Project.
We don't specify whether resources can be shared or not, so if the student models this as * or 1..*, this is also accepted.",0,1,float,single,,1,
1027554,144512,1,System-Design-Class-Diagram-2025,upload,outcome,1,SUBSCORE-32,Association: Member allocates Resource.,0,2,float,single,,1,
1027554,144512,1,System-Design-Class-Diagram-2025,upload,outcome,1,SUBSCORE-33,"Multiplicity: Member allocates * Resources.
(*, 0..* or 1..* accepted).",0,1,float,single,,1,
1027554,144512,1,System-Design-Class-Diagram-2025,upload,outcome,1,SUBSCORE-34,Multiplicity: Resource is allocated by 1 Member.,0,2,float,single,,2,
1027554,144512,1,System-Design-Class-Diagram-2025,upload,outcome,1,SUBSCORE-35,Class Resource Type.,0,1,float,single,,0,
1027554,144512,1,System-Design-Class-Diagram-2025,upload,outcome,1,SUBSCORE-36,Association: Resource belongs to Resource Type.,0,1,float,single,,0,
1027554,144512,1,System-Design-Class-Diagram-2025,upload,outcome,1,SUBSCORE-37,Multiplicity: Resource belongs to 1 Resource Type.,0,1,float,single,,0,
1027554,144512,1,System-Design-Class-Diagram-2025,upload,outcome,1,SUBSCORE-38,"Multiplicity: Resource Type has * Resources.
(*, 0..* or 1..* accepted).",0,1,float,single,,0,
1027554,144512,1,System-Design-Class-Diagram-2025,upload,outcome,1,PASSED,,,,boolean,single,0,false,
1027554,144512,1,System-Design-Class-Diagram-2025,upload,outcome,1,MAXSCORE,,,,float,single,40,40,
1027554,144512,1,System-Design-Class-Diagram-2025,upload,template,1,RESPONSE_CORRECTRESPONSE_POINTS,,,,float,single,40,40,
1027554,144512,1,System-Design-Class-Diagram-2025,upload,template,1,RESPONSE-ACTION,,,,float,single,correct,40,
1027554,144512,1,System-Design-Class-Diagram-2025,upload,,0,SCORE,,,,float,single,,29,
1027554,144512,1,System-Design-Class-Diagram-2025,upload,,0,MAX_SCORE,,,,float,single,,40,
1027554,144512,1,System-Design-Class-Diagram-2025,upload,,0,COMPLETION_STATUS,,,,identifier,single,,completed,
1027552,68989,1,System-Design-Class-Diagram-2025,upload,response,1,RESPONSE,,,,file,single,,[REDACTED],[]
1027552,68989,1,System-Design-Class-Diagram-2025,upload,outcome,1,SUBSCORE-1,Class Client.,0,1,float,single,,1,
1027552,68989,1,System-Design-Class-Diagram-2025,upload,outcome,1,SUBSCORE-2,Class Project,0,1,float,single,,1,
1027552,68989,1,System-Design-Class-Diagram-2025,upload,outcome,1,SUBSCORE-3,Association: Client commissions Project.,0,1,float,single,,0.5,
1027552,68989,1,System-Design-Class-Diagram-2025,upload,outcome,1,SUBSCORE-4,Multiplicity: Client commissions 1..* Projects.,0,1,float,single,,0,
1027552,68989,1,System-Design-Class-Diagram-2025,upload,outcome,1,SUBSCORE-5,Multiplicity: Project is commissioned by 1 Client.,0,1,float,single,,0,
1027552,68989,1,System-Design-Class-Diagram-2025,upload,outcome,1,SUBSCORE-6,Class Deliverable.,0,1,float,single,,1,
1027552,68989,1,System-Design-Class-Diagram-2025,upload,outcome,1,SUBSCORE-7,Association: Project has Deliverable.,0,1,float,single,,0.5,
1027552,68989,1,System-Design-Class-Diagram-2025,upload,outcome,1,SUBSCORE-8,"Multiplicity: Project has * Deliverables. 
(*, 0..* or 1..* accepted).",0,1,float,single,,0,
1027552,68989,1,System-Design-Class-Diagram-2025,upload,outcome,1,SUBSCORE-9,Multiplicity: Deliverable belongs to 1 project.,0,1,float,single,,0,
1027552,68989,1,System-Design-Class-Diagram-2025,upload,outcome,1,SUBSCORE-10,Class Team.,0,1,float,single,,1,
1027552,68989,1,System-Design-Class-Diagram-2025,upload,outcome,1,SUBSCORE-11,Association: Team works on Project.,0,1,float,single,,0.5,
1027552,68989,1,System-Design-Class-Diagram-2025,upload,outcome,1,SUBSCORE-12,Multiplicity: Team works on 1..* Projects.,0,1,float,single,,0,
1027552,68989,1,System-Design-Class-Diagram-2025,upload,outcome,1,SUBSCORE-13,Multiplicity: Project is handled by 1 Team.,0,1,float,single,,0,
1027552,68989,1,System-Design-Class-Diagram-2025,upload,outcome,1,SUBSCORE-14,"Class Member.
Some students will create a class Profile also and link Member to Profile, this is accepted.",0,1,float,single,,1,
1027552,68989,1,System-Design-Class-Diagram-2025,upload,outcome,1,SUBSCORE-15,Association: Member belongs to Team.,0,1,float,single,,0.5,
1027552,68989,1,System-Design-Class-Diagram-2025,upload,outcome,1,SUBSCORE-16,"Multiplicity: Member belongs to * Teams.
(*, 0..* or 1..* accepted).",0,1,float,single,,1,
1027552,68989,1,System-Design-Class-Diagram-2025,upload,outcome,1,SUBSCORE-17,"Multiplicity: Team has 1..* Members.
(*, 0..*, 1..* accepted).",0,1,float,single,,1,
1027552,68989,1,System-Design-Class-Diagram-2025,upload,outcome,1,SUBSCORE-18,Association: Member leads Team.,0,1,float,single,,0,
1027552,68989,1,System-Design-Class-Diagram-2025,upload,outcome,1,SUBSCORE-19,Multiplicity: Member leads 0..* Teams.,0,1,float,single,,0,
1027552,68989,1,System-Design-Class-Diagram-2025,upload,outcome,1,SUBSCORE-20,Multiplicity: Team is led by 1 Member.,0,1,float,single,,0,
1027552,68989,1,System-Design-Class-Diagram-2025,upload,outcome,1,SUBSCORE-21,"Association Class: Membership.
This class will sit between Member and Team and will keep track of the role of the Member in the team, the date they joined and when they left the team.
Some students might model this class a Class (not association class), this is accepted.",0,1,float,single,,0,
1027552,68989,1,System-Design-Class-Diagram-2025,upload,outcome,1,SUBSCORE-22,Class Developer.,0,1,float,single,,0,
1027552,68989,1,System-Design-Class-Diagram-2025,upload,outcome,1,SUBSCORE-23,Inheritance: Developer inherits from Member.,0,1,float,single,,0,
1027552,68989,1,System-Design-Class-Diagram-2025,upload,outcome,1,SUBSCORE-24,Class Training.,0,1,float,single,,0,
1027552,68989,1,System-Design-Class-Diagram-2025,upload,outcome,1,SUBSCORE-25,Association: Developer attends Training.,0,1,float,single,,0,
1027552,68989,1,System-Design-Class-Diagram-2025,upload,outcome,1,SUBSCORE-26,"Multiplicity: Developer attends * Trainings.
(*, 0..* or 1..* accepted).",0,1,float,single,,0,
1027552,68989,1,System-Design-Class-Diagram-2025,upload,outcome,1,SUBSCORE-27,"Multiplicity: Training attended by * Developers.
(*, 0..* or 1..* accepted).",0,1,float,single,,0,
1027552,68989,1,System-Design-Class-Diagram-2025,upload,outcome,1,SUBSCORE-28,Class Resource.,0,1,float,single,,1,
1027552,68989,1,System-Design-Class-Diagram-2025,upload,outcome,1,SUBSCORE-29,Association: Project requires Resource.,0,1,float,single,,0.5,
1027552,68989,1,System-Design-Class-Diagram-2025,upload,outcome,1,SUBSCORE-30,"Multiplicity: Project requires * Resources.
(*, 0..* or 1..* accepted).",0,1,float,single,,1,
1027552,68989,1,System-Design-Class-Diagram-2025,upload,outcome,1,SUBSCORE-31,"Multiplicity: Resource used by 1 Project.
We don't specify whether resources can be shared or not, so if the student models this as * or 1..*, this is also accepted.",0,1,float,single,,1,
1027552,68989,1,System-Design-Class-Diagram-2025,upload,outcome,1,SUBSCORE-32,Association: Member allocates Resource.,0,2,float,single,,0,
1027552,68989,1,System-Design-Class-Diagram-2025,upload,outcome,1,SUBSCORE-33,"Multiplicity: Member allocates * Resources.
(*, 0..* or 1..* accepted).",0,1,float,single,,0,
1027552,68989,1,System-Design-Class-Diagram-2025,upload,outcome,1,SUBSCORE-34,Multiplicity: Resource is allocated by 1 Member.,0,2,float,single,,0,
1027552,68989,1,System-Design-Class-Diagram-2025,upload,outcome,1,SUBSCORE-35,Class Resource Type.,0,1,float,single,,0,
1027552,68989,1,System-Design-Class-Diagram-2025,upload,outcome,1,SUBSCORE-36,Association: Resource belongs to Resource Type.,0,1,float,single,,0,
1027552,68989,1,System-Design-Class-Diagram-2025,upload,outcome,1,SUBSCORE-37,Multiplicity: Resource belongs to 1 Resource Type.,0,1,float,single,,0,
1027552,68989,1,System-Design-Class-Diagram-2025,upload,outcome,1,SUBSCORE-38,"Multiplicity: Resource Type has * Resources.
(*, 0..* or 1..* accepted).",0,1,float,single,,0,
1027552,68989,1,System-Design-Class-Diagram-2025,upload,outcome,1,PASSED,,,,boolean,single,0,false,
1027552,68989,1,System-Design-Class-Diagram-2025,upload,outcome,1,MAXSCORE,,,,float,single,40,40,
1027552,68989,1,System-Design-Class-Diagram-2025,upload,template,1,RESPONSE_CORRECTRESPONSE_POINTS,,,,float,single,40,40,
1027552,68989,1,System-Design-Class-Diagram-2025,upload,template,1,RESPONSE-ACTION,,,,float,single,correct,40,
1027552,68989,1,System-Design-Class-Diagram-2025,upload,,0,SCORE,,,,float,single,,12.5,
1027552,68989,1,System-Design-Class-Diagram-2025,upload,,0,MAX_SCORE,,,,float,single,,40,
1027552,68989,1,System-Design-Class-Diagram-2025,upload,,0,COMPLETION_STATUS,,,,identifier,single,,completed,
1027366,152654,1,System-Design-Class-Diagram-2025,upload,response,1,RESPONSE,,,,file,single,,[REDACTED],[]
1027366,152654,1,System-Design-Class-Diagram-2025,upload,outcome,1,SUBSCORE-1,Class Client.,0,1,float,single,,1,
1027366,152654,1,System-Design-Class-Diagram-2025,upload,outcome,1,SUBSCORE-2,Class Project,0,1,float,single,,1,
1027366,152654,1,System-Design-Class-Diagram-2025,upload,outcome,1,SUBSCORE-3,Association: Client commissions Project.,0,1,float,single,,1,
1027366,152654,1,System-Design-Class-Diagram-2025,upload,outcome,1,SUBSCORE-4,Multiplicity: Client commissions 1..* Projects.,0,1,float,single,,1,
1027366,152654,1,System-Design-Class-Diagram-2025,upload,outcome,1,SUBSCORE-5,Multiplicity: Project is commissioned by 1 Client.,0,1,float,single,,1,
1027366,152654,1,System-Design-Class-Diagram-2025,upload,outcome,1,SUBSCORE-6,Class Deliverable.,0,1,float,single,,1,
1027366,152654,1,System-Design-Class-Diagram-2025,upload,outcome,1,SUBSCORE-7,Association: Project has Deliverable.,0,1,float,single,,1,
1027366,152654,1,System-Design-Class-Diagram-2025,upload,outcome,1,SUBSCORE-8,"Multiplicity: Project has * Deliverables. 
(*, 0..* or 1..* accepted).",0,1,float,single,,1,
1027366,152654,1,System-Design-Class-Diagram-2025,upload,outcome,1,SUBSCORE-9,Multiplicity: Deliverable belongs to 1 project.,0,1,float,single,,1,
1027366,152654,1,System-Design-Class-Diagram-2025,upload,outcome,1,SUBSCORE-10,Class Team.,0,1,float,single,,1,
1027366,152654,1,System-Design-Class-Diagram-2025,upload,outcome,1,SUBSCORE-11,Association: Team works on Project.,0,1,float,single,,1,
1027366,152654,1,System-Design-Class-Diagram-2025,upload,outcome,1,SUBSCORE-12,Multiplicity: Team works on 1..* Projects.,0,1,float,single,,0,
1027366,152654,1,System-Design-Class-Diagram-2025,upload,outcome,1,SUBSCORE-13,Multiplicity: Project is handled by 1 Team.,0,1,float,single,,1,
1027366,152654,1,System-Design-Class-Diagram-2025,upload,outcome,1,SUBSCORE-14,"Class Member.
Some students will create a class Profile also and link Member to Profile, this is accepted.",0,1,float,single,,1,
1027366,152654,1,System-Design-Class-Diagram-2025,upload,outcome,1,SUBSCORE-15,Association: Member belongs to Team.,0,1,float,single,,1,
1027366,152654,1,System-Design-Class-Diagram-2025,upload,outcome,1,SUBSCORE-16,"Multiplicity: Member belongs to * Teams.
(*, 0..* or 1..* accepted).",0,1,float,single,,1,
1027366,152654,1,System-Design-Class-Diagram-2025,upload,outcome,1,SUBSCORE-17,"Multiplicity: Team has 1..* Members.
(*, 0..*, 1..* accepted).",0,1,float,single,,1,
1027366,152654,1,System-Design-Class-Diagram-2025,upload,outcome,1,SUBSCORE-18,Association: Member leads Team.,0,1,float,single,,0,
1027366,152654,1,System-Design-Class-Diagram-2025,upload,outcome,1,SUBSCORE-19,Multiplicity: Member leads 0..* Teams.,0,1,float,single,,0,
1027366,152654,1,System-Design-Class-Diagram-2025,upload,outcome,1,SUBSCORE-20,Multiplicity: Team is led by 1 Member.,0,1,float,single,,0,
1027366,152654,1,System-Design-Class-Diagram-2025,upload,outcome,1,SUBSCORE-21,"Association Class: Membership.
This class will sit between Member and Team and will keep track of the role of the Member in the team, the date they joined and when they left the team.
Some students might model this class a Class (not association class), this is accepted.",0,1,float,single,,1,
1027366,152654,1,System-Design-Class-Diagram-2025,upload,outcome,1,SUBSCORE-22,Class Developer.,0,1,float,single,,1,
1027366,152654,1,System-Design-Class-Diagram-2025,upload,outcome,1,SUBSCORE-23,Inheritance: Developer inherits from Member.,0,1,float,single,,1,
1027366,152654,1,System-Design-Class-Diagram-2025,upload,outcome,1,SUBSCORE-24,Class Training.,0,1,float,single,,1,
1027366,152654,1,System-Design-Class-Diagram-2025,upload,outcome,1,SUBSCORE-25,Association: Developer attends Training.,0,1,float,single,,1,
1027366,152654,1,System-Design-Class-Diagram-2025,upload,outcome,1,SUBSCORE-26,"Multiplicity: Developer attends * Trainings.
(*, 0..* or 1..* accepted).",0,1,float,single,,1,
1027366,152654,1,System-Design-Class-Diagram-2025,upload,outcome,1,SUBSCORE-27,"Multiplicity: Training attended by * Developers.
(*, 0..* or 1..* accepted).",0,1,float,single,,1,
1027366,152654,1,System-Design-Class-Diagram-2025,upload,outcome,1,SUBSCORE-28,Class Resource.,0,1,float,single,,1,
1027366,152654,1,System-Design-Class-Diagram-2025,upload,outcome,1,SUBSCORE-29,Association: Project requires Resource.,0,1,float,single,,1,
1027366,152654,1,System-Design-Class-Diagram-2025,upload,outcome,1,SUBSCORE-30,"Multiplicity: Project requires * Resources.
(*, 0..* or 1..* accepted).",0,1,float,single,,1,
1027366,152654,1,System-Design-Class-Diagram-2025,upload,outcome,1,SUBSCORE-31,"Multiplicity: Resource used by 1 Project.
We don't specify whether resources can be shared or not, so if the student models this as * or 1..*, this is also accepted.",0,1,float,single,,1,
1027366,152654,1,System-Design-Class-Diagram-2025,upload,outcome,1,SUBSCORE-32,Association: Member allocates Resource.,0,2,float,single,,0,
1027366,152654,1,System-Design-Class-Diagram-2025,upload,outcome,1,SUBSCORE-33,"Multiplicity: Member allocates * Resources.
(*, 0..* or 1..* accepted).",0,1,float,single,,0,
1027366,152654,1,System-Design-Class-Diagram-2025,upload,outcome,1,SUBSCORE-34,Multiplicity: Resource is allocated by 1 Member.,0,2,float,single,,0,
1027366,152654,1,System-Design-Class-Diagram-2025,upload,outcome,1,SUBSCORE-35,Class Resource Type.,0,1,float,single,,1,
1027366,152654,1,System-Design-Class-Diagram-2025,upload,outcome,1,SUBSCORE-36,Association: Resource belongs to Resource Type.,0,1,float,single,,1,
1027366,152654,1,System-Design-Class-Diagram-2025,upload,outcome,1,SUBSCORE-37,Multiplicity: Resource belongs to 1 Resource Type.,0,1,float,single,,1,
1027366,152654,1,System-Design-Class-Diagram-2025,upload,outcome,1,SUBSCORE-38,"Multiplicity: Resource Type has * Resources.
(*, 0..* or 1..* accepted).",0,1,float,single,,1,
1027366,152654,1,System-Design-Class-Diagram-2025,upload,outcome,1,PASSED,,,,boolean,single,0,false,
1027366,152654,1,System-Design-Class-Diagram-2025,upload,outcome,1,MAXSCORE,,,,float,single,40,40,
1027366,152654,1,System-Design-Class-Diagram-2025,upload,template,1,RESPONSE_CORRECTRESPONSE_POINTS,,,,float,single,40,40,
1027366,152654,1,System-Design-Class-Diagram-2025,upload,template,1,RESPONSE-ACTION,,,,float,single,correct,40,
1027366,152654,1,System-Design-Class-Diagram-2025,upload,,0,SCORE,,,,float,single,,31,
1027366,152654,1,System-Design-Class-Diagram-2025,upload,,0,MAX_SCORE,,,,float,single,,40,
1027366,152654,1,System-Design-Class-Diagram-2025,upload,,0,COMPLETION_STATUS,,,,identifier,single,,completed,
1027626,154229,1,System-Design-Class-Diagram-2025,upload,response,1,RESPONSE,,,,file,single,,[REDACTED],[]
1027626,154229,1,System-Design-Class-Diagram-2025,upload,outcome,1,SUBSCORE-1,Class Client.,0,1,float,single,,1,
1027626,154229,1,System-Design-Class-Diagram-2025,upload,outcome,1,SUBSCORE-2,Class Project,0,1,float,single,,1,
1027626,154229,1,System-Design-Class-Diagram-2025,upload,outcome,1,SUBSCORE-3,Association: Client commissions Project.,0,1,float,single,,0.5,
1027626,154229,1,System-Design-Class-Diagram-2025,upload,outcome,1,SUBSCORE-4,Multiplicity: Client commissions 1..* Projects.,0,1,float,single,,1,
1027626,154229,1,System-Design-Class-Diagram-2025,upload,outcome,1,SUBSCORE-5,Multiplicity: Project is commissioned by 1 Client.,0,1,float,single,,1,
1027626,154229,1,System-Design-Class-Diagram-2025,upload,outcome,1,SUBSCORE-6,Class Deliverable.,0,1,float,single,,1,
1027626,154229,1,System-Design-Class-Diagram-2025,upload,outcome,1,SUBSCORE-7,Association: Project has Deliverable.,0,1,float,single,,0.5,
1027626,154229,1,System-Design-Class-Diagram-2025,upload,outcome,1,SUBSCORE-8,"Multiplicity: Project has * Deliverables. 
(*, 0..* or 1..* accepted).",0,1,float,single,,1,
1027626,154229,1,System-Design-Class-Diagram-2025,upload,outcome,1,SUBSCORE-9,Multiplicity: Deliverable belongs to 1 project.,0,1,float,single,,1,
1027626,154229,1,System-Design-Class-Diagram-2025,upload,outcome,1,SUBSCORE-10,Class Team.,0,1,float,single,,1,
1027626,154229,1,System-Design-Class-Diagram-2025,upload,outcome,1,SUBSCORE-11,Association: Team works on Project.,0,1,float,single,,0.5,
1027626,154229,1,System-Design-Class-Diagram-2025,upload,outcome,1,SUBSCORE-12,Multiplicity: Team works on 1..* Projects.,0,1,float,single,,0,
1027626,154229,1,System-Design-Class-Diagram-2025,upload,outcome,1,SUBSCORE-13,Multiplicity: Project is handled by 1 Team.,0,1,float,single,,1,
1027626,154229,1,System-Design-Class-Diagram-2025,upload,outcome,1,SUBSCORE-14,"Class Member.
Some students will create a class Profile also and link Member to Profile, this is accepted.",0,1,float,single,,1,
1027626,154229,1,System-Design-Class-Diagram-2025,upload,outcome,1,SUBSCORE-15,Association: Member belongs to Team.,0,1,float,single,,0.5,
1027626,154229,1,System-Design-Class-Diagram-2025,upload,outcome,1,SUBSCORE-16,"Multiplicity: Member belongs to * Teams.
(*, 0..* or 1..* accepted).",0,1,float,single,,1,
1027626,154229,1,System-Design-Class-Diagram-2025,upload,outcome,1,SUBSCORE-17,"Multiplicity: Team has 1..* Members.
(*, 0..*, 1..* accepted).",0,1,float,single,,1,
1027626,154229,1,System-Design-Class-Diagram-2025,upload,outcome,1,SUBSCORE-18,Association: Member leads Team.,0,1,float,single,,0,
1027626,154229,1,System-Design-Class-Diagram-2025,upload,outcome,1,SUBSCORE-19,Multiplicity: Member leads 0..* Teams.,0,1,float,single,,0,
1027626,154229,1,System-Design-Class-Diagram-2025,upload,outcome,1,SUBSCORE-20,Multiplicity: Team is led by 1 Member.,0,1,float,single,,0,
1027626,154229,1,System-Design-Class-Diagram-2025,upload,outcome,1,SUBSCORE-21,"Association Class: Membership.
This class will sit between Member and Team and will keep track of the role of the Member in the team, the date they joined and when they left the team.
Some students might model this class a Class (not association class), this is accepted.",0,1,float,single,,0,
1027626,154229,1,System-Design-Class-Diagram-2025,upload,outcome,1,SUBSCORE-22,Class Developer.,0,1,float,single,,1,
1027626,154229,1,System-Design-Class-Diagram-2025,upload,outcome,1,SUBSCORE-23,Inheritance: Developer inherits from Member.,0,1,float,single,,1,
1027626,154229,1,System-Design-Class-Diagram-2025,upload,outcome,1,SUBSCORE-24,Class Training.,0,1,float,single,,1,
1027626,154229,1,System-Design-Class-Diagram-2025,upload,outcome,1,SUBSCORE-25,Association: Developer attends Training.,0,1,float,single,,0.5,
1027626,154229,1,System-Design-Class-Diagram-2025,upload,outcome,1,SUBSCORE-26,"Multiplicity: Developer attends * Trainings.
(*, 0..* or 1..* accepted).",0,1,float,single,,1,
1027626,154229,1,System-Design-Class-Diagram-2025,upload,outcome,1,SUBSCORE-27,"Multiplicity: Training attended by * Developers.
(*, 0..* or 1..* accepted).",0,1,float,single,,1,
1027626,154229,1,System-Design-Class-Diagram-2025,upload,outcome,1,SUBSCORE-28,Class Resource.,0,1,float,single,,1,
1027626,154229,1,System-Design-Class-Diagram-2025,upload,outcome,1,SUBSCORE-29,Association: Project requires Resource.,0,1,float,single,,0.5,
1027626,154229,1,System-Design-Class-Diagram-2025,upload,outcome,1,SUBSCORE-30,"Multiplicity: Project requires * Resources.
(*, 0..* or 1..* accepted).",0,1,float,single,,1,
1027626,154229,1,System-Design-Class-Diagram-2025,upload,outcome,1,SUBSCORE-31,"Multiplicity: Resource used by 1 Project.
We don't specify whether resources can be shared or not, so if the student models this as * or 1..*, this is also accepted.",0,1,float,single,,1,
1027626,154229,1,System-Design-Class-Diagram-2025,upload,outcome,1,SUBSCORE-32,Association: Member allocates Resource.,0,2,float,single,,0,
1027626,154229,1,System-Design-Class-Diagram-2025,upload,outcome,1,SUBSCORE-33,"Multiplicity: Member allocates * Resources.
(*, 0..* or 1..* accepted).",0,1,float,single,,0,
1027626,154229,1,System-Design-Class-Diagram-2025,upload,outcome,1,SUBSCORE-34,Multiplicity: Resource is allocated by 1 Member.,0,2,float,single,,0,
1027626,154229,1,System-Design-Class-Diagram-2025,upload,outcome,1,SUBSCORE-35,Class Resource Type.,0,1,float,single,,1,
1027626,154229,1,System-Design-Class-Diagram-2025,upload,outcome,1,SUBSCORE-36,Association: Resource belongs to Resource Type.,0,1,float,single,,0.5,
1027626,154229,1,System-Design-Class-Diagram-2025,upload,outcome,1,SUBSCORE-37,Multiplicity: Resource belongs to 1 Resource Type.,0,1,float,single,,1,
1027626,154229,1,System-Design-Class-Diagram-2025,upload,outcome,1,SUBSCORE-38,"Multiplicity: Resource Type has * Resources.
(*, 0..* or 1..* accepted).",0,1,float,single,,1,
1027626,154229,1,System-Design-Class-Diagram-2025,upload,outcome,1,PASSED,,,,boolean,single,0,false,
1027626,154229,1,System-Design-Class-Diagram-2025,upload,outcome,1,MAXSCORE,,,,float,single,40,40,
1027626,154229,1,System-Design-Class-Diagram-2025,upload,template,1,RESPONSE_CORRECTRESPONSE_POINTS,,,,float,single,40,40,
1027626,154229,1,System-Design-Class-Diagram-2025,upload,template,1,RESPONSE-ACTION,,,,float,single,correct,40,
1027626,154229,1,System-Design-Class-Diagram-2025,upload,,0,SCORE,,,,float,single,,26.5,
1027626,154229,1,System-Design-Class-Diagram-2025,upload,,0,MAX_SCORE,,,,float,single,,40,
1027626,154229,1,System-Design-Class-Diagram-2025,upload,,0,COMPLETION_STATUS,,,,identifier,single,,completed,
1027437,149844,1,System-Design-Class-Diagram-2025,upload,response,1,RESPONSE,,,,file,single,,[REDACTED],[]
1027437,149844,1,System-Design-Class-Diagram-2025,upload,outcome,1,SUBSCORE-1,Class Client.,0,1,float,single,,1,
1027437,149844,1,System-Design-Class-Diagram-2025,upload,outcome,1,SUBSCORE-2,Class Project,0,1,float,single,,1,
1027437,149844,1,System-Design-Class-Diagram-2025,upload,outcome,1,SUBSCORE-3,Association: Client commissions Project.,0,1,float,single,,0.5,
1027437,149844,1,System-Design-Class-Diagram-2025,upload,outcome,1,SUBSCORE-4,Multiplicity: Client commissions 1..* Projects.,0,1,float,single,,1,
1027437,149844,1,System-Design-Class-Diagram-2025,upload,outcome,1,SUBSCORE-5,Multiplicity: Project is commissioned by 1 Client.,0,1,float,single,,1,
1027437,149844,1,System-Design-Class-Diagram-2025,upload,outcome,1,SUBSCORE-6,Class Deliverable.,0,1,float,single,,1,
1027437,149844,1,System-Design-Class-Diagram-2025,upload,outcome,1,SUBSCORE-7,Association: Project has Deliverable.,0,1,float,single,,0.5,
1027437,149844,1,System-Design-Class-Diagram-2025,upload,outcome,1,SUBSCORE-8,"Multiplicity: Project has * Deliverables. 
(*, 0..* or 1..* accepted).",0,1,float,single,,0,
1027437,149844,1,System-Design-Class-Diagram-2025,upload,outcome,1,SUBSCORE-9,Multiplicity: Deliverable belongs to 1 project.,0,1,float,single,,0,
1027437,149844,1,System-Design-Class-Diagram-2025,upload,outcome,1,SUBSCORE-10,Class Team.,0,1,float,single,,1,
1027437,149844,1,System-Design-Class-Diagram-2025,upload,outcome,1,SUBSCORE-11,Association: Team works on Project.,0,1,float,single,,0.5,
1027437,149844,1,System-Design-Class-Diagram-2025,upload,outcome,1,SUBSCORE-12,Multiplicity: Team works on 1..* Projects.,0,1,float,single,,1,
1027437,149844,1,System-Design-Class-Diagram-2025,upload,outcome,1,SUBSCORE-13,Multiplicity: Project is handled by 1 Team.,0,1,float,single,,1,
1027437,149844,1,System-Design-Class-Diagram-2025,upload,outcome,1,SUBSCORE-14,"Class Member.
Some students will create a class Profile also and link Member to Profile, this is accepted.",0,1,float,single,,1,
1027437,149844,1,System-Design-Class-Diagram-2025,upload,outcome,1,SUBSCORE-15,Association: Member belongs to Team.,0,1,float,single,,0.5,
1027437,149844,1,System-Design-Class-Diagram-2025,upload,outcome,1,SUBSCORE-16,"Multiplicity: Member belongs to * Teams.
(*, 0..* or 1..* accepted).",0,1,float,single,,1,
1027437,149844,1,System-Design-Class-Diagram-2025,upload,outcome,1,SUBSCORE-17,"Multiplicity: Team has 1..* Members.
(*, 0..*, 1..* accepted).",0,1,float,single,,1,
1027437,149844,1,System-Design-Class-Diagram-2025,upload,outcome,1,SUBSCORE-18,Association: Member leads Team.,0,1,float,single,,0,
1027437,149844,1,System-Design-Class-Diagram-2025,upload,outcome,1,SUBSCORE-19,Multiplicity: Member leads 0..* Teams.,0,1,float,single,,0,
1027437,149844,1,System-Design-Class-Diagram-2025,upload,outcome,1,SUBSCORE-20,Multiplicity: Team is led by 1 Member.,0,1,float,single,,0,
1027437,149844,1,System-Design-Class-Diagram-2025,upload,outcome,1,SUBSCORE-21,"Association Class: Membership.
This class will sit between Member and Team and will keep track of the role of the Member in the team, the date they joined and when they left the team.
Some students might model this class a Class (not association class), this is accepted.",0,1,float,single,,1,
1027437,149844,1,System-Design-Class-Diagram-2025,upload,outcome,1,SUBSCORE-22,Class Developer.,0,1,float,single,,1,
1027437,149844,1,System-Design-Class-Diagram-2025,upload,outcome,1,SUBSCORE-23,Inheritance: Developer inherits from Member.,0,1,float,single,,0,
1027437,149844,1,System-Design-Class-Diagram-2025,upload,outcome,1,SUBSCORE-24,Class Training.,0,1,float,single,,1,
1027437,149844,1,System-Design-Class-Diagram-2025,upload,outcome,1,SUBSCORE-25,Association: Developer attends Training.,0,1,float,single,,1,
1027437,149844,1,System-Design-Class-Diagram-2025,upload,outcome,1,SUBSCORE-26,"Multiplicity: Developer attends * Trainings.
(*, 0..* or 1..* accepted).",0,1,float,single,,1,
1027437,149844,1,System-Design-Class-Diagram-2025,upload,outcome,1,SUBSCORE-27,"Multiplicity: Training attended by * Developers.
(*, 0..* or 1..* accepted).",0,1,float,single,,1,
1027437,149844,1,System-Design-Class-Diagram-2025,upload,outcome,1,SUBSCORE-28,Class Resource.,0,1,float,single,,1,
1027437,149844,1,System-Design-Class-Diagram-2025,upload,outcome,1,SUBSCORE-29,Association: Project requires Resource.,0,1,float,single,,0.5,
1027437,149844,1,System-Design-Class-Diagram-2025,upload,outcome,1,SUBSCORE-30,"Multiplicity: Project requires * Resources.
(*, 0..* or 1..* accepted).",0,1,float,single,,1,
1027437,149844,1,System-Design-Class-Diagram-2025,upload,outcome,1,SUBSCORE-31,"Multiplicity: Resource used by 1 Project.
We don't specify whether resources can be shared or not, so if the student models this as * or 1..*, this is also accepted.",0,1,float,single,,1,
1027437,149844,1,System-Design-Class-Diagram-2025,upload,outcome,1,SUBSCORE-32,Association: Member allocates Resource.,0,2,float,single,,0,
1027437,149844,1,System-Design-Class-Diagram-2025,upload,outcome,1,SUBSCORE-33,"Multiplicity: Member allocates * Resources.
(*, 0..* or 1..* accepted).",0,1,float,single,,0,
1027437,149844,1,System-Design-Class-Diagram-2025,upload,outcome,1,SUBSCORE-34,Multiplicity: Resource is allocated by 1 Member.,0,2,float,single,,0,
1027437,149844,1,System-Design-Class-Diagram-2025,upload,outcome,1,SUBSCORE-35,Class Resource Type.,0,1,float,single,,1,
1027437,149844,1,System-Design-Class-Diagram-2025,upload,outcome,1,SUBSCORE-36,Association: Resource belongs to Resource Type.,0,1,float,single,,0.5,
1027437,149844,1,System-Design-Class-Diagram-2025,upload,outcome,1,SUBSCORE-37,Multiplicity: Resource belongs to 1 Resource Type.,0,1,float,single,,1,
1027437,149844,1,System-Design-Class-Diagram-2025,upload,outcome,1,SUBSCORE-38,"Multiplicity: Resource Type has * Resources.
(*, 0..* or 1..* accepted).",0,1,float,single,,0,
1027437,149844,1,System-Design-Class-Diagram-2025,upload,outcome,1,PASSED,,,,boolean,single,0,false,
1027437,149844,1,System-Design-Class-Diagram-2025,upload,outcome,1,MAXSCORE,,,,float,single,40,40,
1027437,149844,1,System-Design-Class-Diagram-2025,upload,template,1,RESPONSE_CORRECTRESPONSE_POINTS,,,,float,single,40,40,
1027437,149844,1,System-Design-Class-Diagram-2025,upload,template,1,RESPONSE-ACTION,,,,float,single,correct,40,
1027437,149844,1,System-Design-Class-Diagram-2025,upload,,0,SCORE,,,,float,single,,25,
1027437,149844,1,System-Design-Class-Diagram-2025,upload,,0,MAX_SCORE,,,,float,single,,40,
1027437,149844,1,System-Design-Class-Diagram-2025,upload,,0,COMPLETION_STATUS,,,,identifier,single,,completed,
1027601,155024,1,System-Design-Class-Diagram-2025,upload,response,1,RESPONSE,,,,file,single,,[REDACTED],[]
1027601,155024,1,System-Design-Class-Diagram-2025,upload,outcome,1,SUBSCORE-1,Class Client.,0,1,float,single,,1,
1027601,155024,1,System-Design-Class-Diagram-2025,upload,outcome,1,SUBSCORE-2,Class Project,0,1,float,single,,1,
1027601,155024,1,System-Design-Class-Diagram-2025,upload,outcome,1,SUBSCORE-3,Association: Client commissions Project.,0,1,float,single,,1,
1027601,155024,1,System-Design-Class-Diagram-2025,upload,outcome,1,SUBSCORE-4,Multiplicity: Client commissions 1..* Projects.,0,1,float,single,,1,
1027601,155024,1,System-Design-Class-Diagram-2025,upload,outcome,1,SUBSCORE-5,Multiplicity: Project is commissioned by 1 Client.,0,1,float,single,,1,
1027601,155024,1,System-Design-Class-Diagram-2025,upload,outcome,1,SUBSCORE-6,Class Deliverable.,0,1,float,single,,1,
1027601,155024,1,System-Design-Class-Diagram-2025,upload,outcome,1,SUBSCORE-7,Association: Project has Deliverable.,0,1,float,single,,1,
1027601,155024,1,System-Design-Class-Diagram-2025,upload,outcome,1,SUBSCORE-8,"Multiplicity: Project has * Deliverables. 
(*, 0..* or 1..* accepted).",0,1,float,single,,1,
1027601,155024,1,System-Design-Class-Diagram-2025,upload,outcome,1,SUBSCORE-9,Multiplicity: Deliverable belongs to 1 project.,0,1,float,single,,1,
1027601,155024,1,System-Design-Class-Diagram-2025,upload,outcome,1,SUBSCORE-10,Class Team.,0,1,float,single,,1,
1027601,155024,1,System-Design-Class-Diagram-2025,upload,outcome,1,SUBSCORE-11,Association: Team works on Project.,0,1,float,single,,1,
1027601,155024,1,System-Design-Class-Diagram-2025,upload,outcome,1,SUBSCORE-12,Multiplicity: Team works on 1..* Projects.,0,1,float,single,,0,
1027601,155024,1,System-Design-Class-Diagram-2025,upload,outcome,1,SUBSCORE-13,Multiplicity: Project is handled by 1 Team.,0,1,float,single,,1,
1027601,155024,1,System-Design-Class-Diagram-2025,upload,outcome,1,SUBSCORE-14,"Class Member.
Some students will create a class Profile also and link Member to Profile, this is accepted.",0,1,float,single,,1,
1027601,155024,1,System-Design-Class-Diagram-2025,upload,outcome,1,SUBSCORE-15,Association: Member belongs to Team.,0,1,float,single,,1,
1027601,155024,1,System-Design-Class-Diagram-2025,upload,outcome,1,SUBSCORE-16,"Multiplicity: Member belongs to * Teams.
(*, 0..* or 1..* accepted).",0,1,float,single,,1,
1027601,155024,1,System-Design-Class-Diagram-2025,upload,outcome,1,SUBSCORE-17,"Multiplicity: Team has 1..* Members.
(*, 0..*, 1..* accepted).",0,1,float,single,,0,
1027601,155024,1,System-Design-Class-Diagram-2025,upload,outcome,1,SUBSCORE-18,Association: Member leads Team.,0,1,float,single,,1,
1027601,155024,1,System-Design-Class-Diagram-2025,upload,outcome,1,SUBSCORE-19,Multiplicity: Member leads 0..* Teams.,0,1,float,single,,0,
1027601,155024,1,System-Design-Class-Diagram-2025,upload,outcome,1,SUBSCORE-20,Multiplicity: Team is led by 1 Member.,0,1,float,single,,1,
1027601,155024,1,System-Design-Class-Diagram-2025,upload,outcome,1,SUBSCORE-21,"Association Class: Membership.
This class will sit between Member and Team and will keep track of the role of the Member in the team, the date they joined and when they left the team.
Some students might model this class a Class (not association class), this is accepted.",0,1,float,single,,0,
1027601,155024,1,System-Design-Class-Diagram-2025,upload,outcome,1,SUBSCORE-22,Class Developer.,0,1,float,single,,1,
1027601,155024,1,System-Design-Class-Diagram-2025,upload,outcome,1,SUBSCORE-23,Inheritance: Developer inherits from Member.,0,1,float,single,,1,
1027601,155024,1,System-Design-Class-Diagram-2025,upload,outcome,1,SUBSCORE-24,Class Training.,0,1,float,single,,1,
1027601,155024,1,System-Design-Class-Diagram-2025,upload,outcome,1,SUBSCORE-25,Association: Developer attends Training.,0,1,float,single,,1,
1027601,155024,1,System-Design-Class-Diagram-2025,upload,outcome,1,SUBSCORE-26,"Multiplicity: Developer attends * Trainings.
(*, 0..* or 1..* accepted).",0,1,float,single,,1,
1027601,155024,1,System-Design-Class-Diagram-2025,upload,outcome,1,SUBSCORE-27,"Multiplicity: Training attended by * Developers.
(*, 0..* or 1..* accepted).",0,1,float,single,,1,
1027601,155024,1,System-Design-Class-Diagram-2025,upload,outcome,1,SUBSCORE-28,Class Resource.,0,1,float,single,,1,
1027601,155024,1,System-Design-Class-Diagram-2025,upload,outcome,1,SUBSCORE-29,Association: Project requires Resource.,0,1,float,single,,0.5,
1027601,155024,1,System-Design-Class-Diagram-2025,upload,outcome,1,SUBSCORE-30,"Multiplicity: Project requires * Resources.
(*, 0..* or 1..* accepted).",0,1,float,single,,1,
1027601,155024,1,System-Design-Class-Diagram-2025,upload,outcome,1,SUBSCORE-31,"Multiplicity: Resource used by 1 Project.
We don't specify whether resources can be shared or not, so if the student models this as * or 1..*, this is also accepted.",0,1,float,single,,1,
1027601,155024,1,System-Design-Class-Diagram-2025,upload,outcome,1,SUBSCORE-32,Association: Member allocates Resource.,0,2,float,single,,2,
1027601,155024,1,System-Design-Class-Diagram-2025,upload,outcome,1,SUBSCORE-33,"Multiplicity: Member allocates * Resources.
(*, 0..* or 1..* accepted).",0,1,float,single,,1,
1027601,155024,1,System-Design-Class-Diagram-2025,upload,outcome,1,SUBSCORE-34,Multiplicity: Resource is allocated by 1 Member.,0,2,float,single,,2,
1027601,155024,1,System-Design-Class-Diagram-2025,upload,outcome,1,SUBSCORE-35,Class Resource Type.,0,1,float,single,,1,
1027601,155024,1,System-Design-Class-Diagram-2025,upload,outcome,1,SUBSCORE-36,Association: Resource belongs to Resource Type.,0,1,float,single,,1,
1027601,155024,1,System-Design-Class-Diagram-2025,upload,outcome,1,SUBSCORE-37,Multiplicity: Resource belongs to 1 Resource Type.,0,1,float,single,,1,
1027601,155024,1,System-Design-Class-Diagram-2025,upload,outcome,1,SUBSCORE-38,"Multiplicity: Resource Type has * Resources.
(*, 0..* or 1..* accepted).",0,1,float,single,,1,
1027601,155024,1,System-Design-Class-Diagram-2025,upload,outcome,1,PASSED,,,,boolean,single,0,false,
1027601,155024,1,System-Design-Class-Diagram-2025,upload,outcome,1,MAXSCORE,,,,float,single,40,40,
1027601,155024,1,System-Design-Class-Diagram-2025,upload,template,1,RESPONSE_CORRECTRESPONSE_POINTS,,,,float,single,40,40,
1027601,155024,1,System-Design-Class-Diagram-2025,upload,template,1,RESPONSE-ACTION,,,,float,single,correct,40,
1027601,155024,1,System-Design-Class-Diagram-2025,upload,,0,SCORE,,,,float,single,,35.5,
1027601,155024,1,System-Design-Class-Diagram-2025,upload,,0,MAX_SCORE,,,,float,single,,40,
1027601,155024,1,System-Design-Class-Diagram-2025,upload,,0,COMPLETION_STATUS,,,,identifier,single,,completed,
1027569,153251,1,System-Design-Class-Diagram-2025,upload,response,1,RESPONSE,,,,file,single,,[REDACTED],[]
1027569,153251,1,System-Design-Class-Diagram-2025,upload,outcome,1,SUBSCORE-1,Class Client.,0,1,float,single,,1,
1027569,153251,1,System-Design-Class-Diagram-2025,upload,outcome,1,SUBSCORE-2,Class Project,0,1,float,single,,1,
1027569,153251,1,System-Design-Class-Diagram-2025,upload,outcome,1,SUBSCORE-3,Association: Client commissions Project.,0,1,float,single,,1,
1027569,153251,1,System-Design-Class-Diagram-2025,upload,outcome,1,SUBSCORE-4,Multiplicity: Client commissions 1..* Projects.,0,1,float,single,,1,
1027569,153251,1,System-Design-Class-Diagram-2025,upload,outcome,1,SUBSCORE-5,Multiplicity: Project is commissioned by 1 Client.,0,1,float,single,,1,
1027569,153251,1,System-Design-Class-Diagram-2025,upload,outcome,1,SUBSCORE-6,Class Deliverable.,0,1,float,single,,1,
1027569,153251,1,System-Design-Class-Diagram-2025,upload,outcome,1,SUBSCORE-7,Association: Project has Deliverable.,0,1,float,single,,1,
1027569,153251,1,System-Design-Class-Diagram-2025,upload,outcome,1,SUBSCORE-8,"Multiplicity: Project has * Deliverables. 
(*, 0..* or 1..* accepted).",0,1,float,single,,1,
1027569,153251,1,System-Design-Class-Diagram-2025,upload,outcome,1,SUBSCORE-9,Multiplicity: Deliverable belongs to 1 project.,0,1,float,single,,1,
1027569,153251,1,System-Design-Class-Diagram-2025,upload,outcome,1,SUBSCORE-10,Class Team.,0,1,float,single,,1,
1027569,153251,1,System-Design-Class-Diagram-2025,upload,outcome,1,SUBSCORE-11,Association: Team works on Project.,0,1,float,single,,1,
1027569,153251,1,System-Design-Class-Diagram-2025,upload,outcome,1,SUBSCORE-12,Multiplicity: Team works on 1..* Projects.,0,1,float,single,,1,
1027569,153251,1,System-Design-Class-Diagram-2025,upload,outcome,1,SUBSCORE-13,Multiplicity: Project is handled by 1 Team.,0,1,float,single,,1,
1027569,153251,1,System-Design-Class-Diagram-2025,upload,outcome,1,SUBSCORE-14,"Class Member.
Some students will create a class Profile also and link Member to Profile, this is accepted.",0,1,float,single,,1,
1027569,153251,1,System-Design-Class-Diagram-2025,upload,outcome,1,SUBSCORE-15,Association: Member belongs to Team.,0,1,float,single,,0.5,
1027569,153251,1,System-Design-Class-Diagram-2025,upload,outcome,1,SUBSCORE-16,"Multiplicity: Member belongs to * Teams.
(*, 0..* or 1..* accepted).",0,1,float,single,,1,
1027569,153251,1,System-Design-Class-Diagram-2025,upload,outcome,1,SUBSCORE-17,"Multiplicity: Team has 1..* Members.
(*, 0..*, 1..* accepted).",0,1,float,single,,0,
1027569,153251,1,System-Design-Class-Diagram-2025,upload,outcome,1,SUBSCORE-18,Association: Member leads Team.,0,1,float,single,,0,
1027569,153251,1,System-Design-Class-Diagram-2025,upload,outcome,1,SUBSCORE-19,Multiplicity: Member leads 0..* Teams.,0,1,float,single,,0,
1027569,153251,1,System-Design-Class-Diagram-2025,upload,outcome,1,SUBSCORE-20,Multiplicity: Team is led by 1 Member.,0,1,float,single,,0,
1027569,153251,1,System-Design-Class-Diagram-2025,upload,outcome,1,SUBSCORE-21,"Association Class: Membership.
This class will sit between Member and Team and will keep track of the role of the Member in the team, the date they joined and when they left the team.
Some students might model this class a Class (not association class), this is accepted.",0,1,float,single,,0.5,
1027569,153251,1,System-Design-Class-Diagram-2025,upload,outcome,1,SUBSCORE-22,Class Developer.,0,1,float,single,,1,
1027569,153251,1,System-Design-Class-Diagram-2025,upload,outcome,1,SUBSCORE-23,Inheritance: Developer inherits from Member.,0,1,float,single,,1,
1027569,153251,1,System-Design-Class-Diagram-2025,upload,outcome,1,SUBSCORE-24,Class Training.,0,1,float,single,,1,
1027569,153251,1,System-Design-Class-Diagram-2025,upload,outcome,1,SUBSCORE-25,Association: Developer attends Training.,0,1,float,single,,1,
1027569,153251,1,System-Design-Class-Diagram-2025,upload,outcome,1,SUBSCORE-26,"Multiplicity: Developer attends * Trainings.
(*, 0..* or 1..* accepted).",0,1,float,single,,1,
1027569,153251,1,System-Design-Class-Diagram-2025,upload,outcome,1,SUBSCORE-27,"Multiplicity: Training attended by * Developers.
(*, 0..* or 1..* accepted).",0,1,float,single,,1,
1027569,153251,1,System-Design-Class-Diagram-2025,upload,outcome,1,SUBSCORE-28,Class Resource.,0,1,float,single,,1,
1027569,153251,1,System-Design-Class-Diagram-2025,upload,outcome,1,SUBSCORE-29,Association: Project requires Resource.,0,1,float,single,,1,
1027569,153251,1,System-Design-Class-Diagram-2025,upload,outcome,1,SUBSCORE-30,"Multiplicity: Project requires * Resources.
(*, 0..* or 1..* accepted).",0,1,float,single,,1,
1027569,153251,1,System-Design-Class-Diagram-2025,upload,outcome,1,SUBSCORE-31,"Multiplicity: Resource used by 1 Project.
We don't specify whether resources can be shared or not, so if the student models this as * or 1..*, this is also accepted.",0,1,float,single,,1,
1027569,153251,1,System-Design-Class-Diagram-2025,upload,outcome,1,SUBSCORE-32,Association: Member allocates Resource.,0,2,float,single,,2,
1027569,153251,1,System-Design-Class-Diagram-2025,upload,outcome,1,SUBSCORE-33,"Multiplicity: Member allocates * Resources.
(*, 0..* or 1..* accepted).",0,1,float,single,,1,
1027569,153251,1,System-Design-Class-Diagram-2025,upload,outcome,1,SUBSCORE-34,Multiplicity: Resource is allocated by 1 Member.,0,2,float,single,,2,
1027569,153251,1,System-Design-Class-Diagram-2025,upload,outcome,1,SUBSCORE-35,Class Resource Type.,0,1,float,single,,1,
1027569,153251,1,System-Design-Class-Diagram-2025,upload,outcome,1,SUBSCORE-36,Association: Resource belongs to Resource Type.,0,1,float,single,,1,
1027569,153251,1,System-Design-Class-Diagram-2025,upload,outcome,1,SUBSCORE-37,Multiplicity: Resource belongs to 1 Resource Type.,0,1,float,single,,1,
1027569,153251,1,System-Design-Class-Diagram-2025,upload,outcome,1,SUBSCORE-38,"Multiplicity: Resource Type has * Resources.
(*, 0..* or 1..* accepted).",0,1,float,single,,1,
1027569,153251,1,System-Design-Class-Diagram-2025,upload,outcome,1,PASSED,,,,boolean,single,0,false,
1027569,153251,1,System-Design-Class-Diagram-2025,upload,outcome,1,MAXSCORE,,,,float,single,40,40,
1027569,153251,1,System-Design-Class-Diagram-2025,upload,template,1,RESPONSE_CORRECTRESPONSE_POINTS,,,,float,single,40,40,
1027569,153251,1,System-Design-Class-Diagram-2025,upload,template,1,RESPONSE-ACTION,,,,float,single,correct,40,
1027569,153251,1,System-Design-Class-Diagram-2025,upload,,0,SCORE,,,,float,single,,35,
1027569,153251,1,System-Design-Class-Diagram-2025,upload,,0,MAX_SCORE,,,,float,single,,40,
1027569,153251,1,System-Design-Class-Diagram-2025,upload,,0,COMPLETION_STATUS,,,,identifier,single,,completed,
1027412,154634,1,System-Design-Class-Diagram-2025,upload,response,1,RESPONSE,,,,file,single,,[REDACTED],[]
1027412,154634,1,System-Design-Class-Diagram-2025,upload,outcome,1,SUBSCORE-1,Class Client.,0,1,float,single,,1,
1027412,154634,1,System-Design-Class-Diagram-2025,upload,outcome,1,SUBSCORE-2,Class Project,0,1,float,single,,1,
1027412,154634,1,System-Design-Class-Diagram-2025,upload,outcome,1,SUBSCORE-3,Association: Client commissions Project.,0,1,float,single,,1,
1027412,154634,1,System-Design-Class-Diagram-2025,upload,outcome,1,SUBSCORE-4,Multiplicity: Client commissions 1..* Projects.,0,1,float,single,,1,
1027412,154634,1,System-Design-Class-Diagram-2025,upload,outcome,1,SUBSCORE-5,Multiplicity: Project is commissioned by 1 Client.,0,1,float,single,,1,
1027412,154634,1,System-Design-Class-Diagram-2025,upload,outcome,1,SUBSCORE-6,Class Deliverable.,0,1,float,single,,1,
1027412,154634,1,System-Design-Class-Diagram-2025,upload,outcome,1,SUBSCORE-7,Association: Project has Deliverable.,0,1,float,single,,1,
1027412,154634,1,System-Design-Class-Diagram-2025,upload,outcome,1,SUBSCORE-8,"Multiplicity: Project has * Deliverables. 
(*, 0..* or 1..* accepted).",0,1,float,single,,1,
1027412,154634,1,System-Design-Class-Diagram-2025,upload,outcome,1,SUBSCORE-9,Multiplicity: Deliverable belongs to 1 project.,0,1,float,single,,1,
1027412,154634,1,System-Design-Class-Diagram-2025,upload,outcome,1,SUBSCORE-10,Class Team.,0,1,float,single,,1,
1027412,154634,1,System-Design-Class-Diagram-2025,upload,outcome,1,SUBSCORE-11,Association: Team works on Project.,0,1,float,single,,1,
1027412,154634,1,System-Design-Class-Diagram-2025,upload,outcome,1,SUBSCORE-12,Multiplicity: Team works on 1..* Projects.,0,1,float,single,,0,
1027412,154634,1,System-Design-Class-Diagram-2025,upload,outcome,1,SUBSCORE-13,Multiplicity: Project is handled by 1 Team.,0,1,float,single,,1,
1027412,154634,1,System-Design-Class-Diagram-2025,upload,outcome,1,SUBSCORE-14,"Class Member.
Some students will create a class Profile also and link Member to Profile, this is accepted.",0,1,float,single,,1,
1027412,154634,1,System-Design-Class-Diagram-2025,upload,outcome,1,SUBSCORE-15,Association: Member belongs to Team.,0,1,float,single,,1,
1027412,154634,1,System-Design-Class-Diagram-2025,upload,outcome,1,SUBSCORE-16,"Multiplicity: Member belongs to * Teams.
(*, 0..* or 1..* accepted).",0,1,float,single,,1,
1027412,154634,1,System-Design-Class-Diagram-2025,upload,outcome,1,SUBSCORE-17,"Multiplicity: Team has 1..* Members.
(*, 0..*, 1..* accepted).",0,1,float,single,,1,
1027412,154634,1,System-Design-Class-Diagram-2025,upload,outcome,1,SUBSCORE-18,Association: Member leads Team.,0,1,float,single,,1,
1027412,154634,1,System-Design-Class-Diagram-2025,upload,outcome,1,SUBSCORE-19,Multiplicity: Member leads 0..* Teams.,0,1,float,single,,0,
1027412,154634,1,System-Design-Class-Diagram-2025,upload,outcome,1,SUBSCORE-20,Multiplicity: Team is led by 1 Member.,0,1,float,single,,1,
1027412,154634,1,System-Design-Class-Diagram-2025,upload,outcome,1,SUBSCORE-21,"Association Class: Membership.
This class will sit between Member and Team and will keep track of the role of the Member in the team, the date they joined and when they left the team.
Some students might model this class a Class (not association class), this is accepted.",0,1,float,single,,1,
1027412,154634,1,System-Design-Class-Diagram-2025,upload,outcome,1,SUBSCORE-22,Class Developer.,0,1,float,single,,1,
1027412,154634,1,System-Design-Class-Diagram-2025,upload,outcome,1,SUBSCORE-23,Inheritance: Developer inherits from Member.,0,1,float,single,,1,
1027412,154634,1,System-Design-Class-Diagram-2025,upload,outcome,1,SUBSCORE-24,Class Training.,0,1,float,single,,1,
1027412,154634,1,System-Design-Class-Diagram-2025,upload,outcome,1,SUBSCORE-25,Association: Developer attends Training.,0,1,float,single,,1,
1027412,154634,1,System-Design-Class-Diagram-2025,upload,outcome,1,SUBSCORE-26,"Multiplicity: Developer attends * Trainings.
(*, 0..* or 1..* accepted).",0,1,float,single,,1,
1027412,154634,1,System-Design-Class-Diagram-2025,upload,outcome,1,SUBSCORE-27,"Multiplicity: Training attended by * Developers.
(*, 0..* or 1..* accepted).",0,1,float,single,,1,
1027412,154634,1,System-Design-Class-Diagram-2025,upload,outcome,1,SUBSCORE-28,Class Resource.,0,1,float,single,,1,
1027412,154634,1,System-Design-Class-Diagram-2025,upload,outcome,1,SUBSCORE-29,Association: Project requires Resource.,0,1,float,single,,1,
1027412,154634,1,System-Design-Class-Diagram-2025,upload,outcome,1,SUBSCORE-30,"Multiplicity: Project requires * Resources.
(*, 0..* or 1..* accepted).",0,1,float,single,,1,
1027412,154634,1,System-Design-Class-Diagram-2025,upload,outcome,1,SUBSCORE-31,"Multiplicity: Resource used by 1 Project.
We don't specify whether resources can be shared or not, so if the student models this as * or 1..*, this is also accepted.",0,1,float,single,,1,
1027412,154634,1,System-Design-Class-Diagram-2025,upload,outcome,1,SUBSCORE-32,Association: Member allocates Resource.,0,2,float,single,,0.5,
1027412,154634,1,System-Design-Class-Diagram-2025,upload,outcome,1,SUBSCORE-33,"Multiplicity: Member allocates * Resources.
(*, 0..* or 1..* accepted).",0,1,float,single,,0.5,
1027412,154634,1,System-Design-Class-Diagram-2025,upload,outcome,1,SUBSCORE-34,Multiplicity: Resource is allocated by 1 Member.,0,2,float,single,,0.5,
1027412,154634,1,System-Design-Class-Diagram-2025,upload,outcome,1,SUBSCORE-35,Class Resource Type.,0,1,float,single,,1,
1027412,154634,1,System-Design-Class-Diagram-2025,upload,outcome,1,SUBSCORE-36,Association: Resource belongs to Resource Type.,0,1,float,single,,1,
1027412,154634,1,System-Design-Class-Diagram-2025,upload,outcome,1,SUBSCORE-37,Multiplicity: Resource belongs to 1 Resource Type.,0,1,float,single,,1,
1027412,154634,1,System-Design-Class-Diagram-2025,upload,outcome,1,SUBSCORE-38,"Multiplicity: Resource Type has * Resources.
(*, 0..* or 1..* accepted).",0,1,float,single,,0,
1027412,154634,1,System-Design-Class-Diagram-2025,upload,outcome,1,PASSED,,,,boolean,single,0,false,
1027412,154634,1,System-Design-Class-Diagram-2025,upload,outcome,1,MAXSCORE,,,,float,single,40,40,
1027412,154634,1,System-Design-Class-Diagram-2025,upload,template,1,RESPONSE_CORRECTRESPONSE_POINTS,,,,float,single,40,40,
1027412,154634,1,System-Design-Class-Diagram-2025,upload,template,1,RESPONSE-ACTION,,,,float,single,correct,40,
1027412,154634,1,System-Design-Class-Diagram-2025,upload,,0,SCORE,,,,float,single,,33.5,
1027412,154634,1,System-Design-Class-Diagram-2025,upload,,0,MAX_SCORE,,,,float,single,,40,
1027412,154634,1,System-Design-Class-Diagram-2025,upload,,0,COMPLETION_STATUS,,,,identifier,single,,completed,
1027363,128998,1,System-Design-Class-Diagram-2025,upload,response,1,RESPONSE,,,,file,single,,[REDACTED],[]
1027363,128998,1,System-Design-Class-Diagram-2025,upload,outcome,1,SUBSCORE-1,Class Client.,0,1,float,single,,1,
1027363,128998,1,System-Design-Class-Diagram-2025,upload,outcome,1,SUBSCORE-2,Class Project,0,1,float,single,,1,
1027363,128998,1,System-Design-Class-Diagram-2025,upload,outcome,1,SUBSCORE-3,Association: Client commissions Project.,0,1,float,single,,0.5,
1027363,128998,1,System-Design-Class-Diagram-2025,upload,outcome,1,SUBSCORE-4,Multiplicity: Client commissions 1..* Projects.,0,1,float,single,,1,
1027363,128998,1,System-Design-Class-Diagram-2025,upload,outcome,1,SUBSCORE-5,Multiplicity: Project is commissioned by 1 Client.,0,1,float,single,,1,
1027363,128998,1,System-Design-Class-Diagram-2025,upload,outcome,1,SUBSCORE-6,Class Deliverable.,0,1,float,single,,0,
1027363,128998,1,System-Design-Class-Diagram-2025,upload,outcome,1,SUBSCORE-7,Association: Project has Deliverable.,0,1,float,single,,0,
1027363,128998,1,System-Design-Class-Diagram-2025,upload,outcome,1,SUBSCORE-8,"Multiplicity: Project has * Deliverables. 
(*, 0..* or 1..* accepted).",0,1,float,single,,0,
1027363,128998,1,System-Design-Class-Diagram-2025,upload,outcome,1,SUBSCORE-9,Multiplicity: Deliverable belongs to 1 project.,0,1,float,single,,0,
1027363,128998,1,System-Design-Class-Diagram-2025,upload,outcome,1,SUBSCORE-10,Class Team.,0,1,float,single,,1,
1027363,128998,1,System-Design-Class-Diagram-2025,upload,outcome,1,SUBSCORE-11,Association: Team works on Project.,0,1,float,single,,0.5,
1027363,128998,1,System-Design-Class-Diagram-2025,upload,outcome,1,SUBSCORE-12,Multiplicity: Team works on 1..* Projects.,0,1,float,single,,0.5,
1027363,128998,1,System-Design-Class-Diagram-2025,upload,outcome,1,SUBSCORE-13,Multiplicity: Project is handled by 1 Team.,0,1,float,single,,0.5,
1027363,128998,1,System-Design-Class-Diagram-2025,upload,outcome,1,SUBSCORE-14,"Class Member.
Some students will create a class Profile also and link Member to Profile, this is accepted.",0,1,float,single,,1,
1027363,128998,1,System-Design-Class-Diagram-2025,upload,outcome,1,SUBSCORE-15,Association: Member belongs to Team.,0,1,float,single,,1,
1027363,128998,1,System-Design-Class-Diagram-2025,upload,outcome,1,SUBSCORE-16,"Multiplicity: Member belongs to * Teams.
(*, 0..* or 1..* accepted).",0,1,float,single,,1,
1027363,128998,1,System-Design-Class-Diagram-2025,upload,outcome,1,SUBSCORE-17,"Multiplicity: Team has 1..* Members.
(*, 0..*, 1..* accepted).",0,1,float,single,,1,
1027363,128998,1,System-Design-Class-Diagram-2025,upload,outcome,1,SUBSCORE-18,Association: Member leads Team.,0,1,float,single,,0,
1027363,128998,1,System-Design-Class-Diagram-2025,upload,outcome,1,SUBSCORE-19,Multiplicity: Member leads 0..* Teams.,0,1,float,single,,0,
1027363,128998,1,System-Design-Class-Diagram-2025,upload,outcome,1,SUBSCORE-20,Multiplicity: Team is led by 1 Member.,0,1,float,single,,0,
1027363,128998,1,System-Design-Class-Diagram-2025,upload,outcome,1,SUBSCORE-21,"Association Class: Membership.
This class will sit between Member and Team and will keep track of the role of the Member in the team, the date they joined and when they left the team.
Some students might model this class a Class (not association class), this is accepted.",0,1,float,single,,0,
1027363,128998,1,System-Design-Class-Diagram-2025,upload,outcome,1,SUBSCORE-22,Class Developer.,0,1,float,single,,1,
1027363,128998,1,System-Design-Class-Diagram-2025,upload,outcome,1,SUBSCORE-23,Inheritance: Developer inherits from Member.,0,1,float,single,,0,
1027363,128998,1,System-Design-Class-Diagram-2025,upload,outcome,1,SUBSCORE-24,Class Training.,0,1,float,single,,1,
1027363,128998,1,System-Design-Class-Diagram-2025,upload,outcome,1,SUBSCORE-25,Association: Developer attends Training.,0,1,float,single,,0.5,
1027363,128998,1,System-Design-Class-Diagram-2025,upload,outcome,1,SUBSCORE-26,"Multiplicity: Developer attends * Trainings.
(*, 0..* or 1..* accepted).",0,1,float,single,,1,
1027363,128998,1,System-Design-Class-Diagram-2025,upload,outcome,1,SUBSCORE-27,"Multiplicity: Training attended by * Developers.
(*, 0..* or 1..* accepted).",0,1,float,single,,1,
1027363,128998,1,System-Design-Class-Diagram-2025,upload,outcome,1,SUBSCORE-28,Class Resource.,0,1,float,single,,1,
1027363,128998,1,System-Design-Class-Diagram-2025,upload,outcome,1,SUBSCORE-29,Association: Project requires Resource.,0,1,float,single,,0.5,
1027363,128998,1,System-Design-Class-Diagram-2025,upload,outcome,1,SUBSCORE-30,"Multiplicity: Project requires * Resources.
(*, 0..* or 1..* accepted).",0,1,float,single,,1,
1027363,128998,1,System-Design-Class-Diagram-2025,upload,outcome,1,SUBSCORE-31,"Multiplicity: Resource used by 1 Project.
We don't specify whether resources can be shared or not, so if the student models this as * or 1..*, this is also accepted.",0,1,float,single,,1,
1027363,128998,1,System-Design-Class-Diagram-2025,upload,outcome,1,SUBSCORE-32,Association: Member allocates Resource.,0,2,float,single,,0,
1027363,128998,1,System-Design-Class-Diagram-2025,upload,outcome,1,SUBSCORE-33,"Multiplicity: Member allocates * Resources.
(*, 0..* or 1..* accepted).",0,1,float,single,,0,
1027363,128998,1,System-Design-Class-Diagram-2025,upload,outcome,1,SUBSCORE-34,Multiplicity: Resource is allocated by 1 Member.,0,2,float,single,,0,
1027363,128998,1,System-Design-Class-Diagram-2025,upload,outcome,1,SUBSCORE-35,Class Resource Type.,0,1,float,single,,1,
1027363,128998,1,System-Design-Class-Diagram-2025,upload,outcome,1,SUBSCORE-36,Association: Resource belongs to Resource Type.,0,1,float,single,,0.5,
1027363,128998,1,System-Design-Class-Diagram-2025,upload,outcome,1,SUBSCORE-37,Multiplicity: Resource belongs to 1 Resource Type.,0,1,float,single,,1,
1027363,128998,1,System-Design-Class-Diagram-2025,upload,outcome,1,SUBSCORE-38,"Multiplicity: Resource Type has * Resources.
(*, 0..* or 1..* accepted).",0,1,float,single,,0,
1027363,128998,1,System-Design-Class-Diagram-2025,upload,outcome,1,PASSED,,,,boolean,single,0,false,
1027363,128998,1,System-Design-Class-Diagram-2025,upload,outcome,1,MAXSCORE,,,,float,single,40,40,
1027363,128998,1,System-Design-Class-Diagram-2025,upload,template,1,RESPONSE_CORRECTRESPONSE_POINTS,,,,float,single,40,40,
1027363,128998,1,System-Design-Class-Diagram-2025,upload,template,1,RESPONSE-ACTION,,,,float,single,correct,40,
1027363,128998,1,System-Design-Class-Diagram-2025,upload,,0,SCORE,,,,float,single,,21.5,
1027363,128998,1,System-Design-Class-Diagram-2025,upload,,0,MAX_SCORE,,,,float,single,,40,
1027363,128998,1,System-Design-Class-Diagram-2025,upload,,0,COMPLETION_STATUS,,,,identifier,single,,completed,
1027367,153281,1,System-Design-Class-Diagram-2025,upload,response,1,RESPONSE,,,,file,single,,[REDACTED],[]
1027367,153281,1,System-Design-Class-Diagram-2025,upload,outcome,1,SUBSCORE-1,Class Client.,0,1,float,single,,1,
1027367,153281,1,System-Design-Class-Diagram-2025,upload,outcome,1,SUBSCORE-2,Class Project,0,1,float,single,,1,
1027367,153281,1,System-Design-Class-Diagram-2025,upload,outcome,1,SUBSCORE-3,Association: Client commissions Project.,0,1,float,single,,1,
1027367,153281,1,System-Design-Class-Diagram-2025,upload,outcome,1,SUBSCORE-4,Multiplicity: Client commissions 1..* Projects.,0,1,float,single,,0,
1027367,153281,1,System-Design-Class-Diagram-2025,upload,outcome,1,SUBSCORE-5,Multiplicity: Project is commissioned by 1 Client.,0,1,float,single,,1,
1027367,153281,1,System-Design-Class-Diagram-2025,upload,outcome,1,SUBSCORE-6,Class Deliverable.,0,1,float,single,,1,
1027367,153281,1,System-Design-Class-Diagram-2025,upload,outcome,1,SUBSCORE-7,Association: Project has Deliverable.,0,1,float,single,,1,
1027367,153281,1,System-Design-Class-Diagram-2025,upload,outcome,1,SUBSCORE-8,"Multiplicity: Project has * Deliverables. 
(*, 0..* or 1..* accepted).",0,1,float,single,,1,
1027367,153281,1,System-Design-Class-Diagram-2025,upload,outcome,1,SUBSCORE-9,Multiplicity: Deliverable belongs to 1 project.,0,1,float,single,,1,
1027367,153281,1,System-Design-Class-Diagram-2025,upload,outcome,1,SUBSCORE-10,Class Team.,0,1,float,single,,1,
1027367,153281,1,System-Design-Class-Diagram-2025,upload,outcome,1,SUBSCORE-11,Association: Team works on Project.,0,1,float,single,,1,
1027367,153281,1,System-Design-Class-Diagram-2025,upload,outcome,1,SUBSCORE-12,Multiplicity: Team works on 1..* Projects.,0,1,float,single,,1,
1027367,153281,1,System-Design-Class-Diagram-2025,upload,outcome,1,SUBSCORE-13,Multiplicity: Project is handled by 1 Team.,0,1,float,single,,1,
1027367,153281,1,System-Design-Class-Diagram-2025,upload,outcome,1,SUBSCORE-14,"Class Member.
Some students will create a class Profile also and link Member to Profile, this is accepted.",0,1,float,single,,1,
1027367,153281,1,System-Design-Class-Diagram-2025,upload,outcome,1,SUBSCORE-15,Association: Member belongs to Team.,0,1,float,single,,1,
1027367,153281,1,System-Design-Class-Diagram-2025,upload,outcome,1,SUBSCORE-16,"Multiplicity: Member belongs to * Teams.
(*, 0..* or 1..* accepted).",0,1,float,single,,1,
1027367,153281,1,System-Design-Class-Diagram-2025,upload,outcome,1,SUBSCORE-17,"Multiplicity: Team has 1..* Members.
(*, 0..*, 1..* accepted).",0,1,float,single,,1,
1027367,153281,1,System-Design-Class-Diagram-2025,upload,outcome,1,SUBSCORE-18,Association: Member leads Team.,0,1,float,single,,0,
1027367,153281,1,System-Design-Class-Diagram-2025,upload,outcome,1,SUBSCORE-19,Multiplicity: Member leads 0..* Teams.,0,1,float,single,,0,
1027367,153281,1,System-Design-Class-Diagram-2025,upload,outcome,1,SUBSCORE-20,Multiplicity: Team is led by 1 Member.,0,1,float,single,,0,
1027367,153281,1,System-Design-Class-Diagram-2025,upload,outcome,1,SUBSCORE-21,"Association Class: Membership.
This class will sit between Member and Team and will keep track of the role of the Member in the team, the date they joined and when they left the team.
Some students might model this class a Class (not association class), this is accepted.",0,1,float,single,,0,
1027367,153281,1,System-Design-Class-Diagram-2025,upload,outcome,1,SUBSCORE-22,Class Developer.,0,1,float,single,,0,
1027367,153281,1,System-Design-Class-Diagram-2025,upload,outcome,1,SUBSCORE-23,Inheritance: Developer inherits from Member.,0,1,float,single,,0,
1027367,153281,1,System-Design-Class-Diagram-2025,upload,outcome,1,SUBSCORE-24,Class Training.,0,1,float,single,,1,
1027367,153281,1,System-Design-Class-Diagram-2025,upload,outcome,1,SUBSCORE-25,Association: Developer attends Training.,0,1,float,single,,0,
1027367,153281,1,System-Design-Class-Diagram-2025,upload,outcome,1,SUBSCORE-26,"Multiplicity: Developer attends * Trainings.
(*, 0..* or 1..* accepted).",0,1,float,single,,0,
1027367,153281,1,System-Design-Class-Diagram-2025,upload,outcome,1,SUBSCORE-27,"Multiplicity: Training attended by * Developers.
(*, 0..* or 1..* accepted).",0,1,float,single,,0,
1027367,153281,1,System-Design-Class-Diagram-2025,upload,outcome,1,SUBSCORE-28,Class Resource.,0,1,float,single,,1,
1027367,153281,1,System-Design-Class-Diagram-2025,upload,outcome,1,SUBSCORE-29,Association: Project requires Resource.,0,1,float,single,,1,
1027367,153281,1,System-Design-Class-Diagram-2025,upload,outcome,1,SUBSCORE-30,"Multiplicity: Project requires * Resources.
(*, 0..* or 1..* accepted).",0,1,float,single,,1,
1027367,153281,1,System-Design-Class-Diagram-2025,upload,outcome,1,SUBSCORE-31,"Multiplicity: Resource used by 1 Project.
We don't specify whether resources can be shared or not, so if the student models this as * or 1..*, this is also accepted.",0,1,float,single,,0,
1027367,153281,1,System-Design-Class-Diagram-2025,upload,outcome,1,SUBSCORE-32,Association: Member allocates Resource.,0,2,float,single,,0,
1027367,153281,1,System-Design-Class-Diagram-2025,upload,outcome,1,SUBSCORE-33,"Multiplicity: Member allocates * Resources.
(*, 0..* or 1..* accepted).",0,1,float,single,,0,
1027367,153281,1,System-Design-Class-Diagram-2025,upload,outcome,1,SUBSCORE-34,Multiplicity: Resource is allocated by 1 Member.,0,2,float,single,,0,
1027367,153281,1,System-Design-Class-Diagram-2025,upload,outcome,1,SUBSCORE-35,Class Resource Type.,0,1,float,single,,0,
1027367,153281,1,System-Design-Class-Diagram-2025,upload,outcome,1,SUBSCORE-36,Association: Resource belongs to Resource Type.,0,1,float,single,,0,
1027367,153281,1,System-Design-Class-Diagram-2025,upload,outcome,1,SUBSCORE-37,Multiplicity: Resource belongs to 1 Resource Type.,0,1,float,single,,0,
1027367,153281,1,System-Design-Class-Diagram-2025,upload,outcome,1,SUBSCORE-38,"Multiplicity: Resource Type has * Resources.
(*, 0..* or 1..* accepted).",0,1,float,single,,0,
1027367,153281,1,System-Design-Class-Diagram-2025,upload,outcome,1,PASSED,,,,boolean,single,0,false,
1027367,153281,1,System-Design-Class-Diagram-2025,upload,outcome,1,MAXSCORE,,,,float,single,40,40,
1027367,153281,1,System-Design-Class-Diagram-2025,upload,template,1,RESPONSE_CORRECTRESPONSE_POINTS,,,,float,single,40,40,
1027367,153281,1,System-Design-Class-Diagram-2025,upload,template,1,RESPONSE-ACTION,,,,float,single,correct,40,
1027367,153281,1,System-Design-Class-Diagram-2025,upload,,0,SCORE,,,,float,single,,20,
1027367,153281,1,System-Design-Class-Diagram-2025,upload,,0,MAX_SCORE,,,,float,single,,40,
1027367,153281,1,System-Design-Class-Diagram-2025,upload,,0,COMPLETION_STATUS,,,,identifier,single,,completed,
1027403,154305,1,System-Design-Class-Diagram-2025,upload,response,1,RESPONSE,,,,file,single,,[REDACTED],[]
1027403,154305,1,System-Design-Class-Diagram-2025,upload,outcome,1,SUBSCORE-1,Class Client.,0,1,float,single,,1,
1027403,154305,1,System-Design-Class-Diagram-2025,upload,outcome,1,SUBSCORE-2,Class Project,0,1,float,single,,1,
1027403,154305,1,System-Design-Class-Diagram-2025,upload,outcome,1,SUBSCORE-3,Association: Client commissions Project.,0,1,float,single,,1,
1027403,154305,1,System-Design-Class-Diagram-2025,upload,outcome,1,SUBSCORE-4,Multiplicity: Client commissions 1..* Projects.,0,1,float,single,,1,
1027403,154305,1,System-Design-Class-Diagram-2025,upload,outcome,1,SUBSCORE-5,Multiplicity: Project is commissioned by 1 Client.,0,1,float,single,,1,
1027403,154305,1,System-Design-Class-Diagram-2025,upload,outcome,1,SUBSCORE-6,Class Deliverable.,0,1,float,single,,1,
1027403,154305,1,System-Design-Class-Diagram-2025,upload,outcome,1,SUBSCORE-7,Association: Project has Deliverable.,0,1,float,single,,0,
1027403,154305,1,System-Design-Class-Diagram-2025,upload,outcome,1,SUBSCORE-8,"Multiplicity: Project has * Deliverables. 
(*, 0..* or 1..* accepted).",0,1,float,single,,0,
1027403,154305,1,System-Design-Class-Diagram-2025,upload,outcome,1,SUBSCORE-9,Multiplicity: Deliverable belongs to 1 project.,0,1,float,single,,0,
1027403,154305,1,System-Design-Class-Diagram-2025,upload,outcome,1,SUBSCORE-10,Class Team.,0,1,float,single,,1,
1027403,154305,1,System-Design-Class-Diagram-2025,upload,outcome,1,SUBSCORE-11,Association: Team works on Project.,0,1,float,single,,0.5,
1027403,154305,1,System-Design-Class-Diagram-2025,upload,outcome,1,SUBSCORE-12,Multiplicity: Team works on 1..* Projects.,0,1,float,single,,0,
1027403,154305,1,System-Design-Class-Diagram-2025,upload,outcome,1,SUBSCORE-13,Multiplicity: Project is handled by 1 Team.,0,1,float,single,,0,
1027403,154305,1,System-Design-Class-Diagram-2025,upload,outcome,1,SUBSCORE-14,"Class Member.
Some students will create a class Profile also and link Member to Profile, this is accepted.",0,1,float,single,,1,
1027403,154305,1,System-Design-Class-Diagram-2025,upload,outcome,1,SUBSCORE-15,Association: Member belongs to Team.,0,1,float,single,,1,
1027403,154305,1,System-Design-Class-Diagram-2025,upload,outcome,1,SUBSCORE-16,"Multiplicity: Member belongs to * Teams.
(*, 0..* or 1..* accepted).",0,1,float,single,,0,
1027403,154305,1,System-Design-Class-Diagram-2025,upload,outcome,1,SUBSCORE-17,"Multiplicity: Team has 1..* Members.
(*, 0..*, 1..* accepted).",0,1,float,single,,0,
1027403,154305,1,System-Design-Class-Diagram-2025,upload,outcome,1,SUBSCORE-18,Association: Member leads Team.,0,1,float,single,,0,
1027403,154305,1,System-Design-Class-Diagram-2025,upload,outcome,1,SUBSCORE-19,Multiplicity: Member leads 0..* Teams.,0,1,float,single,,0,
1027403,154305,1,System-Design-Class-Diagram-2025,upload,outcome,1,SUBSCORE-20,Multiplicity: Team is led by 1 Member.,0,1,float,single,,0,
1027403,154305,1,System-Design-Class-Diagram-2025,upload,outcome,1,SUBSCORE-21,"Association Class: Membership.
This class will sit between Member and Team and will keep track of the role of the Member in the team, the date they joined and when they left the team.
Some students might model this class a Class (not association class), this is accepted.",0,1,float,single,,0,
1027403,154305,1,System-Design-Class-Diagram-2025,upload,outcome,1,SUBSCORE-22,Class Developer.,0,1,float,single,,1,
1027403,154305,1,System-Design-Class-Diagram-2025,upload,outcome,1,SUBSCORE-23,Inheritance: Developer inherits from Member.,0,1,float,single,,1,
1027403,154305,1,System-Design-Class-Diagram-2025,upload,outcome,1,SUBSCORE-24,Class Training.,0,1,float,single,,1,
1027403,154305,1,System-Design-Class-Diagram-2025,upload,outcome,1,SUBSCORE-25,Association: Developer attends Training.,0,1,float,single,,1,
1027403,154305,1,System-Design-Class-Diagram-2025,upload,outcome,1,SUBSCORE-26,"Multiplicity: Developer attends * Trainings.
(*, 0..* or 1..* accepted).",0,1,float,single,,1,
1027403,154305,1,System-Design-Class-Diagram-2025,upload,outcome,1,SUBSCORE-27,"Multiplicity: Training attended by * Developers.
(*, 0..* or 1..* accepted).",0,1,float,single,,0,
1027403,154305,1,System-Design-Class-Diagram-2025,upload,outcome,1,SUBSCORE-28,Class Resource.,0,1,float,single,,1,
1027403,154305,1,System-Design-Class-Diagram-2025,upload,outcome,1,SUBSCORE-29,Association: Project requires Resource.,0,1,float,single,,1,
1027403,154305,1,System-Design-Class-Diagram-2025,upload,outcome,1,SUBSCORE-30,"Multiplicity: Project requires * Resources.
(*, 0..* or 1..* accepted).",0,1,float,single,,1,
1027403,154305,1,System-Design-Class-Diagram-2025,upload,outcome,1,SUBSCORE-31,"Multiplicity: Resource used by 1 Project.
We don't specify whether resources can be shared or not, so if the student models this as * or 1..*, this is also accepted.",0,1,float,single,,1,
1027403,154305,1,System-Design-Class-Diagram-2025,upload,outcome,1,SUBSCORE-32,Association: Member allocates Resource.,0,2,float,single,,0,
1027403,154305,1,System-Design-Class-Diagram-2025,upload,outcome,1,SUBSCORE-33,"Multiplicity: Member allocates * Resources.
(*, 0..* or 1..* accepted).",0,1,float,single,,0,
1027403,154305,1,System-Design-Class-Diagram-2025,upload,outcome,1,SUBSCORE-34,Multiplicity: Resource is allocated by 1 Member.,0,2,float,single,,0,
1027403,154305,1,System-Design-Class-Diagram-2025,upload,outcome,1,SUBSCORE-35,Class Resource Type.,0,1,float,single,,0,
1027403,154305,1,System-Design-Class-Diagram-2025,upload,outcome,1,SUBSCORE-36,Association: Resource belongs to Resource Type.,0,1,float,single,,0,
1027403,154305,1,System-Design-Class-Diagram-2025,upload,outcome,1,SUBSCORE-37,Multiplicity: Resource belongs to 1 Resource Type.,0,1,float,single,,0,
1027403,154305,1,System-Design-Class-Diagram-2025,upload,outcome,1,SUBSCORE-38,"Multiplicity: Resource Type has * Resources.
(*, 0..* or 1..* accepted).",0,1,float,single,,0,
1027403,154305,1,System-Design-Class-Diagram-2025,upload,outcome,1,PASSED,,,,boolean,single,0,false,
1027403,154305,1,System-Design-Class-Diagram-2025,upload,outcome,1,MAXSCORE,,,,float,single,40,40,
1027403,154305,1,System-Design-Class-Diagram-2025,upload,template,1,RESPONSE_CORRECTRESPONSE_POINTS,,,,float,single,40,40,
1027403,154305,1,System-Design-Class-Diagram-2025,upload,template,1,RESPONSE-ACTION,,,,float,single,correct,40,
1027403,154305,1,System-Design-Class-Diagram-2025,upload,,0,SCORE,,,,float,single,,18.5,
1027403,154305,1,System-Design-Class-Diagram-2025,upload,,0,MAX_SCORE,,,,float,single,,40,
1027403,154305,1,System-Design-Class-Diagram-2025,upload,,0,COMPLETION_STATUS,,,,identifier,single,,completed,
1027411,152988,1,System-Design-Class-Diagram-2025,upload,response,1,RESPONSE,,,,file,single,,[REDACTED],[]
1027411,152988,1,System-Design-Class-Diagram-2025,upload,outcome,1,SUBSCORE-1,Class Client.,0,1,float,single,,1,
1027411,152988,1,System-Design-Class-Diagram-2025,upload,outcome,1,SUBSCORE-2,Class Project,0,1,float,single,,1,
1027411,152988,1,System-Design-Class-Diagram-2025,upload,outcome,1,SUBSCORE-3,Association: Client commissions Project.,0,1,float,single,,1,
1027411,152988,1,System-Design-Class-Diagram-2025,upload,outcome,1,SUBSCORE-4,Multiplicity: Client commissions 1..* Projects.,0,1,float,single,,0,
1027411,152988,1,System-Design-Class-Diagram-2025,upload,outcome,1,SUBSCORE-5,Multiplicity: Project is commissioned by 1 Client.,0,1,float,single,,1,
1027411,152988,1,System-Design-Class-Diagram-2025,upload,outcome,1,SUBSCORE-6,Class Deliverable.,0,1,float,single,,1,
1027411,152988,1,System-Design-Class-Diagram-2025,upload,outcome,1,SUBSCORE-7,Association: Project has Deliverable.,0,1,float,single,,0.5,
1027411,152988,1,System-Design-Class-Diagram-2025,upload,outcome,1,SUBSCORE-8,"Multiplicity: Project has * Deliverables. 
(*, 0..* or 1..* accepted).",0,1,float,single,,1,
1027411,152988,1,System-Design-Class-Diagram-2025,upload,outcome,1,SUBSCORE-9,Multiplicity: Deliverable belongs to 1 project.,0,1,float,single,,1,
1027411,152988,1,System-Design-Class-Diagram-2025,upload,outcome,1,SUBSCORE-10,Class Team.,0,1,float,single,,1,
1027411,152988,1,System-Design-Class-Diagram-2025,upload,outcome,1,SUBSCORE-11,Association: Team works on Project.,0,1,float,single,,1,
1027411,152988,1,System-Design-Class-Diagram-2025,upload,outcome,1,SUBSCORE-12,Multiplicity: Team works on 1..* Projects.,0,1,float,single,,0,
1027411,152988,1,System-Design-Class-Diagram-2025,upload,outcome,1,SUBSCORE-13,Multiplicity: Project is handled by 1 Team.,0,1,float,single,,1,
1027411,152988,1,System-Design-Class-Diagram-2025,upload,outcome,1,SUBSCORE-14,"Class Member.
Some students will create a class Profile also and link Member to Profile, this is accepted.",0,1,float,single,,1,
1027411,152988,1,System-Design-Class-Diagram-2025,upload,outcome,1,SUBSCORE-15,Association: Member belongs to Team.,0,1,float,single,,1,
1027411,152988,1,System-Design-Class-Diagram-2025,upload,outcome,1,SUBSCORE-16,"Multiplicity: Member belongs to * Teams.
(*, 0..* or 1..* accepted).",0,1,float,single,,1,
1027411,152988,1,System-Design-Class-Diagram-2025,upload,outcome,1,SUBSCORE-17,"Multiplicity: Team has 1..* Members.
(*, 0..*, 1..* accepted).",0,1,float,single,,1,
1027411,152988,1,System-Design-Class-Diagram-2025,upload,outcome,1,SUBSCORE-18,Association: Member leads Team.,0,1,float,single,,0,
1027411,152988,1,System-Design-Class-Diagram-2025,upload,outcome,1,SUBSCORE-19,Multiplicity: Member leads 0..* Teams.,0,1,float,single,,0,
1027411,152988,1,System-Design-Class-Diagram-2025,upload,outcome,1,SUBSCORE-20,Multiplicity: Team is led by 1 Member.,0,1,float,single,,0,
1027411,152988,1,System-Design-Class-Diagram-2025,upload,outcome,1,SUBSCORE-21,"Association Class: Membership.
This class will sit between Member and Team and will keep track of the role of the Member in the team, the date they joined and when they left the team.
Some students might model this class a Class (not association class), this is accepted.",0,1,float,single,,0,
1027411,152988,1,System-Design-Class-Diagram-2025,upload,outcome,1,SUBSCORE-22,Class Developer.,0,1,float,single,,1,
1027411,152988,1,System-Design-Class-Diagram-2025,upload,outcome,1,SUBSCORE-23,Inheritance: Developer inherits from Member.,0,1,float,single,,1,
1027411,152988,1,System-Design-Class-Diagram-2025,upload,outcome,1,SUBSCORE-24,Class Training.,0,1,float,single,,1,
1027411,152988,1,System-Design-Class-Diagram-2025,upload,outcome,1,SUBSCORE-25,Association: Developer attends Training.,0,1,float,single,,0.5,
1027411,152988,1,System-Design-Class-Diagram-2025,upload,outcome,1,SUBSCORE-26,"Multiplicity: Developer attends * Trainings.
(*, 0..* or 1..* accepted).",0,1,float,single,,1,
1027411,152988,1,System-Design-Class-Diagram-2025,upload,outcome,1,SUBSCORE-27,"Multiplicity: Training attended by * Developers.
(*, 0..* or 1..* accepted).",0,1,float,single,,1,
1027411,152988,1,System-Design-Class-Diagram-2025,upload,outcome,1,SUBSCORE-28,Class Resource.,0,1,float,single,,1,
1027411,152988,1,System-Design-Class-Diagram-2025,upload,outcome,1,SUBSCORE-29,Association: Project requires Resource.,0,1,float,single,,1,
1027411,152988,1,System-Design-Class-Diagram-2025,upload,outcome,1,SUBSCORE-30,"Multiplicity: Project requires * Resources.
(*, 0..* or 1..* accepted).",0,1,float,single,,0,
1027411,152988,1,System-Design-Class-Diagram-2025,upload,outcome,1,SUBSCORE-31,"Multiplicity: Resource used by 1 Project.
We don't specify whether resources can be shared or not, so if the student models this as * or 1..*, this is also accepted.",0,1,float,single,,1,
1027411,152988,1,System-Design-Class-Diagram-2025,upload,outcome,1,SUBSCORE-32,Association: Member allocates Resource.,0,2,float,single,,2,
1027411,152988,1,System-Design-Class-Diagram-2025,upload,outcome,1,SUBSCORE-33,"Multiplicity: Member allocates * Resources.
(*, 0..* or 1..* accepted).",0,1,float,single,,0,
1027411,152988,1,System-Design-Class-Diagram-2025,upload,outcome,1,SUBSCORE-34,Multiplicity: Resource is allocated by 1 Member.,0,2,float,single,,2,
1027411,152988,1,System-Design-Class-Diagram-2025,upload,outcome,1,SUBSCORE-35,Class Resource Type.,0,1,float,single,,0,
1027411,152988,1,System-Design-Class-Diagram-2025,upload,outcome,1,SUBSCORE-36,Association: Resource belongs to Resource Type.,0,1,float,single,,0,
1027411,152988,1,System-Design-Class-Diagram-2025,upload,outcome,1,SUBSCORE-37,Multiplicity: Resource belongs to 1 Resource Type.,0,1,float,single,,0,
1027411,152988,1,System-Design-Class-Diagram-2025,upload,outcome,1,SUBSCORE-38,"Multiplicity: Resource Type has * Resources.
(*, 0..* or 1..* accepted).",0,1,float,single,,0,
1027411,152988,1,System-Design-Class-Diagram-2025,upload,outcome,1,PASSED,,,,boolean,single,0,false,
1027411,152988,1,System-Design-Class-Diagram-2025,upload,outcome,1,MAXSCORE,,,,float,single,40,40,
1027411,152988,1,System-Design-Class-Diagram-2025,upload,template,1,RESPONSE_CORRECTRESPONSE_POINTS,,,,float,single,40,40,
1027411,152988,1,System-Design-Class-Diagram-2025,upload,template,1,RESPONSE-ACTION,,,,float,single,correct,40,
1027411,152988,1,System-Design-Class-Diagram-2025,upload,,0,SCORE,,,,float,single,,27,
1027411,152988,1,System-Design-Class-Diagram-2025,upload,,0,MAX_SCORE,,,,float,single,,40,
1027411,152988,1,System-Design-Class-Diagram-2025,upload,,0,COMPLETION_STATUS,,,,identifier,single,,completed,
1027392,153271,1,System-Design-Class-Diagram-2025,upload,response,1,RESPONSE,,,,file,single,,[REDACTED],[]
1027392,153271,1,System-Design-Class-Diagram-2025,upload,outcome,1,SUBSCORE-1,Class Client.,0,1,float,single,,1,
1027392,153271,1,System-Design-Class-Diagram-2025,upload,outcome,1,SUBSCORE-2,Class Project,0,1,float,single,,1,
1027392,153271,1,System-Design-Class-Diagram-2025,upload,outcome,1,SUBSCORE-3,Association: Client commissions Project.,0,1,float,single,,1,
1027392,153271,1,System-Design-Class-Diagram-2025,upload,outcome,1,SUBSCORE-4,Multiplicity: Client commissions 1..* Projects.,0,1,float,single,,0,
1027392,153271,1,System-Design-Class-Diagram-2025,upload,outcome,1,SUBSCORE-5,Multiplicity: Project is commissioned by 1 Client.,0,1,float,single,,0,
1027392,153271,1,System-Design-Class-Diagram-2025,upload,outcome,1,SUBSCORE-6,Class Deliverable.,0,1,float,single,,0,
1027392,153271,1,System-Design-Class-Diagram-2025,upload,outcome,1,SUBSCORE-7,Association: Project has Deliverable.,0,1,float,single,,0,
1027392,153271,1,System-Design-Class-Diagram-2025,upload,outcome,1,SUBSCORE-8,"Multiplicity: Project has * Deliverables. 
(*, 0..* or 1..* accepted).",0,1,float,single,,0,
1027392,153271,1,System-Design-Class-Diagram-2025,upload,outcome,1,SUBSCORE-9,Multiplicity: Deliverable belongs to 1 project.,0,1,float,single,,0,
1027392,153271,1,System-Design-Class-Diagram-2025,upload,outcome,1,SUBSCORE-10,Class Team.,0,1,float,single,,1,
1027392,153271,1,System-Design-Class-Diagram-2025,upload,outcome,1,SUBSCORE-11,Association: Team works on Project.,0,1,float,single,,1,
1027392,153271,1,System-Design-Class-Diagram-2025,upload,outcome,1,SUBSCORE-12,Multiplicity: Team works on 1..* Projects.,0,1,float,single,,0,
1027392,153271,1,System-Design-Class-Diagram-2025,upload,outcome,1,SUBSCORE-13,Multiplicity: Project is handled by 1 Team.,0,1,float,single,,0,
1027392,153271,1,System-Design-Class-Diagram-2025,upload,outcome,1,SUBSCORE-14,"Class Member.
Some students will create a class Profile also and link Member to Profile, this is accepted.",0,1,float,single,,1,
1027392,153271,1,System-Design-Class-Diagram-2025,upload,outcome,1,SUBSCORE-15,Association: Member belongs to Team.,0,1,float,single,,1,
1027392,153271,1,System-Design-Class-Diagram-2025,upload,outcome,1,SUBSCORE-16,"Multiplicity: Member belongs to * Teams.
(*, 0..* or 1..* accepted).",0,1,float,single,,1,
1027392,153271,1,System-Design-Class-Diagram-2025,upload,outcome,1,SUBSCORE-17,"Multiplicity: Team has 1..* Members.
(*, 0..*, 1..* accepted).",0,1,float,single,,1,
1027392,153271,1,System-Design-Class-Diagram-2025,upload,outcome,1,SUBSCORE-18,Association: Member leads Team.,0,1,float,single,,1,
1027392,153271,1,System-Design-Class-Diagram-2025,upload,outcome,1,SUBSCORE-19,Multiplicity: Member leads 0..* Teams.,0,1,float,single,,0,
1027392,153271,1,System-Design-Class-Diagram-2025,upload,outcome,1,SUBSCORE-20,Multiplicity: Team is led by 1 Member.,0,1,float,single,,1,
1027392,153271,1,System-Design-Class-Diagram-2025,upload,outcome,1,SUBSCORE-21,"Association Class: Membership.
This class will sit between Member and Team and will keep track of the role of the Member in the team, the date they joined and when they left the team.
Some students might model this class a Class (not association class), this is accepted.",0,1,float,single,,0,
1027392,153271,1,System-Design-Class-Diagram-2025,upload,outcome,1,SUBSCORE-22,Class Developer.,0,1,float,single,,1,
1027392,153271,1,System-Design-Class-Diagram-2025,upload,outcome,1,SUBSCORE-23,Inheritance: Developer inherits from Member.,0,1,float,single,,1,
1027392,153271,1,System-Design-Class-Diagram-2025,upload,outcome,1,SUBSCORE-24,Class Training.,0,1,float,single,,1,
1027392,153271,1,System-Design-Class-Diagram-2025,upload,outcome,1,SUBSCORE-25,Association: Developer attends Training.,0,1,float,single,,1,
1027392,153271,1,System-Design-Class-Diagram-2025,upload,outcome,1,SUBSCORE-26,"Multiplicity: Developer attends * Trainings.
(*, 0..* or 1..* accepted).",0,1,float,single,,1,
1027392,153271,1,System-Design-Class-Diagram-2025,upload,outcome,1,SUBSCORE-27,"Multiplicity: Training attended by * Developers.
(*, 0..* or 1..* accepted).",0,1,float,single,,1,
1027392,153271,1,System-Design-Class-Diagram-2025,upload,outcome,1,SUBSCORE-28,Class Resource.,0,1,float,single,,1,
1027392,153271,1,System-Design-Class-Diagram-2025,upload,outcome,1,SUBSCORE-29,Association: Project requires Resource.,0,1,float,single,,0.5,
1027392,153271,1,System-Design-Class-Diagram-2025,upload,outcome,1,SUBSCORE-30,"Multiplicity: Project requires * Resources.
(*, 0..* or 1..* accepted).",0,1,float,single,,0,
1027392,153271,1,System-Design-Class-Diagram-2025,upload,outcome,1,SUBSCORE-31,"Multiplicity: Resource used by 1 Project.
We don't specify whether resources can be shared or not, so if the student models this as * or 1..*, this is also accepted.",0,1,float,single,,0,
1027392,153271,1,System-Design-Class-Diagram-2025,upload,outcome,1,SUBSCORE-32,Association: Member allocates Resource.,0,2,float,single,,0,
1027392,153271,1,System-Design-Class-Diagram-2025,upload,outcome,1,SUBSCORE-33,"Multiplicity: Member allocates * Resources.
(*, 0..* or 1..* accepted).",0,1,float,single,,0,
1027392,153271,1,System-Design-Class-Diagram-2025,upload,outcome,1,SUBSCORE-34,Multiplicity: Resource is allocated by 1 Member.,0,2,float,single,,0,
1027392,153271,1,System-Design-Class-Diagram-2025,upload,outcome,1,SUBSCORE-35,Class Resource Type.,0,1,float,single,,0,
1027392,153271,1,System-Design-Class-Diagram-2025,upload,outcome,1,SUBSCORE-36,Association: Resource belongs to Resource Type.,0,1,float,single,,0,
1027392,153271,1,System-Design-Class-Diagram-2025,upload,outcome,1,SUBSCORE-37,Multiplicity: Resource belongs to 1 Resource Type.,0,1,float,single,,0,
1027392,153271,1,System-Design-Class-Diagram-2025,upload,outcome,1,SUBSCORE-38,"Multiplicity: Resource Type has * Resources.
(*, 0..* or 1..* accepted).",0,1,float,single,,0,
1027392,153271,1,System-Design-Class-Diagram-2025,upload,outcome,1,PASSED,,,,boolean,single,0,false,
1027392,153271,1,System-Design-Class-Diagram-2025,upload,outcome,1,MAXSCORE,,,,float,single,40,40,
1027392,153271,1,System-Design-Class-Diagram-2025,upload,template,1,RESPONSE_CORRECTRESPONSE_POINTS,,,,float,single,40,40,
1027392,153271,1,System-Design-Class-Diagram-2025,upload,template,1,RESPONSE-ACTION,,,,float,single,correct,40,
1027392,153271,1,System-Design-Class-Diagram-2025,upload,,0,SCORE,,,,float,single,,18.5,
1027392,153271,1,System-Design-Class-Diagram-2025,upload,,0,MAX_SCORE,,,,float,single,,40,
1027392,153271,1,System-Design-Class-Diagram-2025,upload,,0,COMPLETION_STATUS,,,,identifier,single,,completed,
1027388,131193,1,System-Design-Class-Diagram-2025,upload,response,1,RESPONSE,,,,file,single,,[REDACTED],[]
1027388,131193,1,System-Design-Class-Diagram-2025,upload,outcome,1,SUBSCORE-1,Class Client.,0,1,float,single,,1,
1027388,131193,1,System-Design-Class-Diagram-2025,upload,outcome,1,SUBSCORE-2,Class Project,0,1,float,single,,1,
1027388,131193,1,System-Design-Class-Diagram-2025,upload,outcome,1,SUBSCORE-3,Association: Client commissions Project.,0,1,float,single,,1,
1027388,131193,1,System-Design-Class-Diagram-2025,upload,outcome,1,SUBSCORE-4,Multiplicity: Client commissions 1..* Projects.,0,1,float,single,,1,
1027388,131193,1,System-Design-Class-Diagram-2025,upload,outcome,1,SUBSCORE-5,Multiplicity: Project is commissioned by 1 Client.,0,1,float,single,,1,
1027388,131193,1,System-Design-Class-Diagram-2025,upload,outcome,1,SUBSCORE-6,Class Deliverable.,0,1,float,single,,1,
1027388,131193,1,System-Design-Class-Diagram-2025,upload,outcome,1,SUBSCORE-7,Association: Project has Deliverable.,0,1,float,single,,1,
1027388,131193,1,System-Design-Class-Diagram-2025,upload,outcome,1,SUBSCORE-8,"Multiplicity: Project has * Deliverables. 
(*, 0..* or 1..* accepted).",0,1,float,single,,1,
1027388,131193,1,System-Design-Class-Diagram-2025,upload,outcome,1,SUBSCORE-9,Multiplicity: Deliverable belongs to 1 project.,0,1,float,single,,1,
1027388,131193,1,System-Design-Class-Diagram-2025,upload,outcome,1,SUBSCORE-10,Class Team.,0,1,float,single,,1,
1027388,131193,1,System-Design-Class-Diagram-2025,upload,outcome,1,SUBSCORE-11,Association: Team works on Project.,0,1,float,single,,1,
1027388,131193,1,System-Design-Class-Diagram-2025,upload,outcome,1,SUBSCORE-12,Multiplicity: Team works on 1..* Projects.,0,1,float,single,,1,
1027388,131193,1,System-Design-Class-Diagram-2025,upload,outcome,1,SUBSCORE-13,Multiplicity: Project is handled by 1 Team.,0,1,float,single,,1,
1027388,131193,1,System-Design-Class-Diagram-2025,upload,outcome,1,SUBSCORE-14,"Class Member.
Some students will create a class Profile also and link Member to Profile, this is accepted.",0,1,float,single,,1,
1027388,131193,1,System-Design-Class-Diagram-2025,upload,outcome,1,SUBSCORE-15,Association: Member belongs to Team.,0,1,float,single,,1,
1027388,131193,1,System-Design-Class-Diagram-2025,upload,outcome,1,SUBSCORE-16,"Multiplicity: Member belongs to * Teams.
(*, 0..* or 1..* accepted).",0,1,float,single,,1,
1027388,131193,1,System-Design-Class-Diagram-2025,upload,outcome,1,SUBSCORE-17,"Multiplicity: Team has 1..* Members.
(*, 0..*, 1..* accepted).",0,1,float,single,,1,
1027388,131193,1,System-Design-Class-Diagram-2025,upload,outcome,1,SUBSCORE-18,Association: Member leads Team.,0,1,float,single,,0,
1027388,131193,1,System-Design-Class-Diagram-2025,upload,outcome,1,SUBSCORE-19,Multiplicity: Member leads 0..* Teams.,0,1,float,single,,0,
1027388,131193,1,System-Design-Class-Diagram-2025,upload,outcome,1,SUBSCORE-20,Multiplicity: Team is led by 1 Member.,0,1,float,single,,0,
1027388,131193,1,System-Design-Class-Diagram-2025,upload,outcome,1,SUBSCORE-21,"Association Class: Membership.
This class will sit between Member and Team and will keep track of the role of the Member in the team, the date they joined and when they left the team.
Some students might model this class a Class (not association class), this is accepted.",0,1,float,single,,1,
1027388,131193,1,System-Design-Class-Diagram-2025,upload,outcome,1,SUBSCORE-22,Class Developer.,0,1,float,single,,0,
1027388,131193,1,System-Design-Class-Diagram-2025,upload,outcome,1,SUBSCORE-23,Inheritance: Developer inherits from Member.,0,1,float,single,,0,
1027388,131193,1,System-Design-Class-Diagram-2025,upload,outcome,1,SUBSCORE-24,Class Training.,0,1,float,single,,1,
1027388,131193,1,System-Design-Class-Diagram-2025,upload,outcome,1,SUBSCORE-25,Association: Developer attends Training.,0,1,float,single,,0.5,
1027388,131193,1,System-Design-Class-Diagram-2025,upload,outcome,1,SUBSCORE-26,"Multiplicity: Developer attends * Trainings.
(*, 0..* or 1..* accepted).",0,1,float,single,,0.5,
1027388,131193,1,System-Design-Class-Diagram-2025,upload,outcome,1,SUBSCORE-27,"Multiplicity: Training attended by * Developers.
(*, 0..* or 1..* accepted).",0,1,float,single,,0.5,
1027388,131193,1,System-Design-Class-Diagram-2025,upload,outcome,1,SUBSCORE-28,Class Resource.,0,1,float,single,,1,
1027388,131193,1,System-Design-Class-Diagram-2025,upload,outcome,1,SUBSCORE-29,Association: Project requires Resource.,0,1,float,single,,1,
1027388,131193,1,System-Design-Class-Diagram-2025,upload,outcome,1,SUBSCORE-30,"Multiplicity: Project requires * Resources.
(*, 0..* or 1..* accepted).",0,1,float,single,,1,
1027388,131193,1,System-Design-Class-Diagram-2025,upload,outcome,1,SUBSCORE-31,"Multiplicity: Resource used by 1 Project.
We don't specify whether resources can be shared or not, so if the student models this as * or 1..*, this is also accepted.",0,1,float,single,,1,
1027388,131193,1,System-Design-Class-Diagram-2025,upload,outcome,1,SUBSCORE-32,Association: Member allocates Resource.,0,2,float,single,,2,
1027388,131193,1,System-Design-Class-Diagram-2025,upload,outcome,1,SUBSCORE-33,"Multiplicity: Member allocates * Resources.
(*, 0..* or 1..* accepted).",0,1,float,single,,1,
1027388,131193,1,System-Design-Class-Diagram-2025,upload,outcome,1,SUBSCORE-34,Multiplicity: Resource is allocated by 1 Member.,0,2,float,single,,2,
1027388,131193,1,System-Design-Class-Diagram-2025,upload,outcome,1,SUBSCORE-35,Class Resource Type.,0,1,float,single,,0,
1027388,131193,1,System-Design-Class-Diagram-2025,upload,outcome,1,SUBSCORE-36,Association: Resource belongs to Resource Type.,0,1,float,single,,0,
1027388,131193,1,System-Design-Class-Diagram-2025,upload,outcome,1,SUBSCORE-37,Multiplicity: Resource belongs to 1 Resource Type.,0,1,float,single,,0,
1027388,131193,1,System-Design-Class-Diagram-2025,upload,outcome,1,SUBSCORE-38,"Multiplicity: Resource Type has * Resources.
(*, 0..* or 1..* accepted).",0,1,float,single,,0,
1027388,131193,1,System-Design-Class-Diagram-2025,upload,outcome,1,PASSED,,,,boolean,single,0,false,
1027388,131193,1,System-Design-Class-Diagram-2025,upload,outcome,1,MAXSCORE,,,,float,single,40,40,
1027388,131193,1,System-Design-Class-Diagram-2025,upload,template,1,RESPONSE_CORRECTRESPONSE_POINTS,,,,float,single,40,40,
1027388,131193,1,System-Design-Class-Diagram-2025,upload,template,1,RESPONSE-ACTION,,,,float,single,correct,40,
1027388,131193,1,System-Design-Class-Diagram-2025,upload,,0,SCORE,,,,float,single,,29.5,
1027388,131193,1,System-Design-Class-Diagram-2025,upload,,0,MAX_SCORE,,,,float,single,,40,
1027388,131193,1,System-Design-Class-Diagram-2025,upload,,0,COMPLETION_STATUS,,,,identifier,single,,completed,
1027628,153230,1,System-Design-Class-Diagram-2025,upload,response,1,RESPONSE,,,,file,single,,[REDACTED],[]
1027628,153230,1,System-Design-Class-Diagram-2025,upload,outcome,1,SUBSCORE-1,Class Client.,0,1,float,single,,1,
1027628,153230,1,System-Design-Class-Diagram-2025,upload,outcome,1,SUBSCORE-2,Class Project,0,1,float,single,,1,
1027628,153230,1,System-Design-Class-Diagram-2025,upload,outcome,1,SUBSCORE-3,Association: Client commissions Project.,0,1,float,single,,1,
1027628,153230,1,System-Design-Class-Diagram-2025,upload,outcome,1,SUBSCORE-4,Multiplicity: Client commissions 1..* Projects.,0,1,float,single,,1,
1027628,153230,1,System-Design-Class-Diagram-2025,upload,outcome,1,SUBSCORE-5,Multiplicity: Project is commissioned by 1 Client.,0,1,float,single,,1,
1027628,153230,1,System-Design-Class-Diagram-2025,upload,outcome,1,SUBSCORE-6,Class Deliverable.,0,1,float,single,,1,
1027628,153230,1,System-Design-Class-Diagram-2025,upload,outcome,1,SUBSCORE-7,Association: Project has Deliverable.,0,1,float,single,,1,
1027628,153230,1,System-Design-Class-Diagram-2025,upload,outcome,1,SUBSCORE-8,"Multiplicity: Project has * Deliverables. 
(*, 0..* or 1..* accepted).",0,1,float,single,,1,
1027628,153230,1,System-Design-Class-Diagram-2025,upload,outcome,1,SUBSCORE-9,Multiplicity: Deliverable belongs to 1 project.,0,1,float,single,,1,
1027628,153230,1,System-Design-Class-Diagram-2025,upload,outcome,1,SUBSCORE-10,Class Team.,0,1,float,single,,1,
1027628,153230,1,System-Design-Class-Diagram-2025,upload,outcome,1,SUBSCORE-11,Association: Team works on Project.,0,1,float,single,,1,
1027628,153230,1,System-Design-Class-Diagram-2025,upload,outcome,1,SUBSCORE-12,Multiplicity: Team works on 1..* Projects.,0,1,float,single,,0,
1027628,153230,1,System-Design-Class-Diagram-2025,upload,outcome,1,SUBSCORE-13,Multiplicity: Project is handled by 1 Team.,0,1,float,single,,1,
1027628,153230,1,System-Design-Class-Diagram-2025,upload,outcome,1,SUBSCORE-14,"Class Member.
Some students will create a class Profile also and link Member to Profile, this is accepted.",0,1,float,single,,1,
1027628,153230,1,System-Design-Class-Diagram-2025,upload,outcome,1,SUBSCORE-15,Association: Member belongs to Team.,0,1,float,single,,1,
1027628,153230,1,System-Design-Class-Diagram-2025,upload,outcome,1,SUBSCORE-16,"Multiplicity: Member belongs to * Teams.
(*, 0..* or 1..* accepted).",0,1,float,single,,1,
1027628,153230,1,System-Design-Class-Diagram-2025,upload,outcome,1,SUBSCORE-17,"Multiplicity: Team has 1..* Members.
(*, 0..*, 1..* accepted).",0,1,float,single,,1,
1027628,153230,1,System-Design-Class-Diagram-2025,upload,outcome,1,SUBSCORE-18,Association: Member leads Team.,0,1,float,single,,0,
1027628,153230,1,System-Design-Class-Diagram-2025,upload,outcome,1,SUBSCORE-19,Multiplicity: Member leads 0..* Teams.,0,1,float,single,,0,
1027628,153230,1,System-Design-Class-Diagram-2025,upload,outcome,1,SUBSCORE-20,Multiplicity: Team is led by 1 Member.,0,1,float,single,,0,
1027628,153230,1,System-Design-Class-Diagram-2025,upload,outcome,1,SUBSCORE-21,"Association Class: Membership.
This class will sit between Member and Team and will keep track of the role of the Member in the team, the date they joined and when they left the team.
Some students might model this class a Class (not association class), this is accepted.",0,1,float,single,,1,
1027628,153230,1,System-Design-Class-Diagram-2025,upload,outcome,1,SUBSCORE-22,Class Developer.,0,1,float,single,,1,
1027628,153230,1,System-Design-Class-Diagram-2025,upload,outcome,1,SUBSCORE-23,Inheritance: Developer inherits from Member.,0,1,float,single,,1,
1027628,153230,1,System-Design-Class-Diagram-2025,upload,outcome,1,SUBSCORE-24,Class Training.,0,1,float,single,,1,
1027628,153230,1,System-Design-Class-Diagram-2025,upload,outcome,1,SUBSCORE-25,Association: Developer attends Training.,0,1,float,single,,0.5,
1027628,153230,1,System-Design-Class-Diagram-2025,upload,outcome,1,SUBSCORE-26,"Multiplicity: Developer attends * Trainings.
(*, 0..* or 1..* accepted).",0,1,float,single,,0,
1027628,153230,1,System-Design-Class-Diagram-2025,upload,outcome,1,SUBSCORE-27,"Multiplicity: Training attended by * Developers.
(*, 0..* or 1..* accepted).",0,1,float,single,,0,
1027628,153230,1,System-Design-Class-Diagram-2025,upload,outcome,1,SUBSCORE-28,Class Resource.,0,1,float,single,,1,
1027628,153230,1,System-Design-Class-Diagram-2025,upload,outcome,1,SUBSCORE-29,Association: Project requires Resource.,0,1,float,single,,1,
1027628,153230,1,System-Design-Class-Diagram-2025,upload,outcome,1,SUBSCORE-30,"Multiplicity: Project requires * Resources.
(*, 0..* or 1..* accepted).",0,1,float,single,,1,
1027628,153230,1,System-Design-Class-Diagram-2025,upload,outcome,1,SUBSCORE-31,"Multiplicity: Resource used by 1 Project.
We don't specify whether resources can be shared or not, so if the student models this as * or 1..*, this is also accepted.",0,1,float,single,,1,
1027628,153230,1,System-Design-Class-Diagram-2025,upload,outcome,1,SUBSCORE-32,Association: Member allocates Resource.,0,2,float,single,,2,
1027628,153230,1,System-Design-Class-Diagram-2025,upload,outcome,1,SUBSCORE-33,"Multiplicity: Member allocates * Resources.
(*, 0..* or 1..* accepted).",0,1,float,single,,1,
1027628,153230,1,System-Design-Class-Diagram-2025,upload,outcome,1,SUBSCORE-34,Multiplicity: Resource is allocated by 1 Member.,0,2,float,single,,2,
1027628,153230,1,System-Design-Class-Diagram-2025,upload,outcome,1,SUBSCORE-35,Class Resource Type.,0,1,float,single,,0,
1027628,153230,1,System-Design-Class-Diagram-2025,upload,outcome,1,SUBSCORE-36,Association: Resource belongs to Resource Type.,0,1,float,single,,0,
1027628,153230,1,System-Design-Class-Diagram-2025,upload,outcome,1,SUBSCORE-37,Multiplicity: Resource belongs to 1 Resource Type.,0,1,float,single,,0,
1027628,153230,1,System-Design-Class-Diagram-2025,upload,outcome,1,SUBSCORE-38,"Multiplicity: Resource Type has * Resources.
(*, 0..* or 1..* accepted).",0,1,float,single,,0,
1027628,153230,1,System-Design-Class-Diagram-2025,upload,outcome,1,PASSED,,,,boolean,single,0,false,
1027628,153230,1,System-Design-Class-Diagram-2025,upload,outcome,1,MAXSCORE,,,,float,single,40,40,
1027628,153230,1,System-Design-Class-Diagram-2025,upload,template,1,RESPONSE_CORRECTRESPONSE_POINTS,,,,float,single,40,40,
1027628,153230,1,System-Design-Class-Diagram-2025,upload,template,1,RESPONSE-ACTION,,,,float,single,correct,40,
1027628,153230,1,System-Design-Class-Diagram-2025,upload,,0,SCORE,,,,float,single,,29.5,
1027628,153230,1,System-Design-Class-Diagram-2025,upload,,0,MAX_SCORE,,,,float,single,,40,
1027628,153230,1,System-Design-Class-Diagram-2025,upload,,0,COMPLETION_STATUS,,,,identifier,single,,completed,
1027402,153297,1,System-Design-Class-Diagram-2025,upload,response,1,RESPONSE,,,,file,single,,[REDACTED],[]
1027402,153297,1,System-Design-Class-Diagram-2025,upload,outcome,1,SUBSCORE-1,Class Client.,0,1,float,single,,1,
1027402,153297,1,System-Design-Class-Diagram-2025,upload,outcome,1,SUBSCORE-2,Class Project,0,1,float,single,,1,
1027402,153297,1,System-Design-Class-Diagram-2025,upload,outcome,1,SUBSCORE-3,Association: Client commissions Project.,0,1,float,single,,1,
1027402,153297,1,System-Design-Class-Diagram-2025,upload,outcome,1,SUBSCORE-4,Multiplicity: Client commissions 1..* Projects.,0,1,float,single,,0,
1027402,153297,1,System-Design-Class-Diagram-2025,upload,outcome,1,SUBSCORE-5,Multiplicity: Project is commissioned by 1 Client.,0,1,float,single,,1,
1027402,153297,1,System-Design-Class-Diagram-2025,upload,outcome,1,SUBSCORE-6,Class Deliverable.,0,1,float,single,,1,
1027402,153297,1,System-Design-Class-Diagram-2025,upload,outcome,1,SUBSCORE-7,Association: Project has Deliverable.,0,1,float,single,,1,
1027402,153297,1,System-Design-Class-Diagram-2025,upload,outcome,1,SUBSCORE-8,"Multiplicity: Project has * Deliverables. 
(*, 0..* or 1..* accepted).",0,1,float,single,,0,
1027402,153297,1,System-Design-Class-Diagram-2025,upload,outcome,1,SUBSCORE-9,Multiplicity: Deliverable belongs to 1 project.,0,1,float,single,,0,
1027402,153297,1,System-Design-Class-Diagram-2025,upload,outcome,1,SUBSCORE-10,Class Team.,0,1,float,single,,1,
1027402,153297,1,System-Design-Class-Diagram-2025,upload,outcome,1,SUBSCORE-11,Association: Team works on Project.,0,1,float,single,,1,
1027402,153297,1,System-Design-Class-Diagram-2025,upload,outcome,1,SUBSCORE-12,Multiplicity: Team works on 1..* Projects.,0,1,float,single,,0,
1027402,153297,1,System-Design-Class-Diagram-2025,upload,outcome,1,SUBSCORE-13,Multiplicity: Project is handled by 1 Team.,0,1,float,single,,1,
1027402,153297,1,System-Design-Class-Diagram-2025,upload,outcome,1,SUBSCORE-14,"Class Member.
Some students will create a class Profile also and link Member to Profile, this is accepted.",0,1,float,single,,1,
1027402,153297,1,System-Design-Class-Diagram-2025,upload,outcome,1,SUBSCORE-15,Association: Member belongs to Team.,0,1,float,single,,1,
1027402,153297,1,System-Design-Class-Diagram-2025,upload,outcome,1,SUBSCORE-16,"Multiplicity: Member belongs to * Teams.
(*, 0..* or 1..* accepted).",0,1,float,single,,1,
1027402,153297,1,System-Design-Class-Diagram-2025,upload,outcome,1,SUBSCORE-17,"Multiplicity: Team has 1..* Members.
(*, 0..*, 1..* accepted).",0,1,float,single,,1,
1027402,153297,1,System-Design-Class-Diagram-2025,upload,outcome,1,SUBSCORE-18,Association: Member leads Team.,0,1,float,single,,1,
1027402,153297,1,System-Design-Class-Diagram-2025,upload,outcome,1,SUBSCORE-19,Multiplicity: Member leads 0..* Teams.,0,1,float,single,,0,
1027402,153297,1,System-Design-Class-Diagram-2025,upload,outcome,1,SUBSCORE-20,Multiplicity: Team is led by 1 Member.,0,1,float,single,,1,
1027402,153297,1,System-Design-Class-Diagram-2025,upload,outcome,1,SUBSCORE-21,"Association Class: Membership.
This class will sit between Member and Team and will keep track of the role of the Member in the team, the date they joined and when they left the team.
Some students might model this class a Class (not association class), this is accepted.",0,1,float,single,,0,
1027402,153297,1,System-Design-Class-Diagram-2025,upload,outcome,1,SUBSCORE-22,Class Developer.,0,1,float,single,,1,
1027402,153297,1,System-Design-Class-Diagram-2025,upload,outcome,1,SUBSCORE-23,Inheritance: Developer inherits from Member.,0,1,float,single,,1,
1027402,153297,1,System-Design-Class-Diagram-2025,upload,outcome,1,SUBSCORE-24,Class Training.,0,1,float,single,,1,
1027402,153297,1,System-Design-Class-Diagram-2025,upload,outcome,1,SUBSCORE-25,Association: Developer attends Training.,0,1,float,single,,1,
1027402,153297,1,System-Design-Class-Diagram-2025,upload,outcome,1,SUBSCORE-26,"Multiplicity: Developer attends * Trainings.
(*, 0..* or 1..* accepted).",0,1,float,single,,1,
1027402,153297,1,System-Design-Class-Diagram-2025,upload,outcome,1,SUBSCORE-27,"Multiplicity: Training attended by * Developers.
(*, 0..* or 1..* accepted).",0,1,float,single,,1,
1027402,153297,1,System-Design-Class-Diagram-2025,upload,outcome,1,SUBSCORE-28,Class Resource.,0,1,float,single,,1,
1027402,153297,1,System-Design-Class-Diagram-2025,upload,outcome,1,SUBSCORE-29,Association: Project requires Resource.,0,1,float,single,,1,
1027402,153297,1,System-Design-Class-Diagram-2025,upload,outcome,1,SUBSCORE-30,"Multiplicity: Project requires * Resources.
(*, 0..* or 1..* accepted).",0,1,float,single,,1,
1027402,153297,1,System-Design-Class-Diagram-2025,upload,outcome,1,SUBSCORE-31,"Multiplicity: Resource used by 1 Project.
We don't specify whether resources can be shared or not, so if the student models this as * or 1..*, this is also accepted.",0,1,float,single,,1,
1027402,153297,1,System-Design-Class-Diagram-2025,upload,outcome,1,SUBSCORE-32,Association: Member allocates Resource.,0,2,float,single,,2,
1027402,153297,1,System-Design-Class-Diagram-2025,upload,outcome,1,SUBSCORE-33,"Multiplicity: Member allocates * Resources.
(*, 0..* or 1..* accepted).",0,1,float,single,,1,
1027402,153297,1,System-Design-Class-Diagram-2025,upload,outcome,1,SUBSCORE-34,Multiplicity: Resource is allocated by 1 Member.,0,2,float,single,,2,
1027402,153297,1,System-Design-Class-Diagram-2025,upload,outcome,1,SUBSCORE-35,Class Resource Type.,0,1,float,single,,1,
1027402,153297,1,System-Design-Class-Diagram-2025,upload,outcome,1,SUBSCORE-36,Association: Resource belongs to Resource Type.,0,1,float,single,,1,
1027402,153297,1,System-Design-Class-Diagram-2025,upload,outcome,1,SUBSCORE-37,Multiplicity: Resource belongs to 1 Resource Type.,0,1,float,single,,1,
1027402,153297,1,System-Design-Class-Diagram-2025,upload,outcome,1,SUBSCORE-38,"Multiplicity: Resource Type has * Resources.
(*, 0..* or 1..* accepted).",0,1,float,single,,1,
1027402,153297,1,System-Design-Class-Diagram-2025,upload,outcome,1,PASSED,,,,boolean,single,0,false,
1027402,153297,1,System-Design-Class-Diagram-2025,upload,outcome,1,MAXSCORE,,,,float,single,40,40,
1027402,153297,1,System-Design-Class-Diagram-2025,upload,template,1,RESPONSE_CORRECTRESPONSE_POINTS,,,,float,single,40,40,
1027402,153297,1,System-Design-Class-Diagram-2025,upload,template,1,RESPONSE-ACTION,,,,float,single,correct,40,
1027402,153297,1,System-Design-Class-Diagram-2025,upload,,0,SCORE,,,,float,single,,34,
1027402,153297,1,System-Design-Class-Diagram-2025,upload,,0,MAX_SCORE,,,,float,single,,40,
1027402,153297,1,System-Design-Class-Diagram-2025,upload,,0,COMPLETION_STATUS,,,,identifier,single,,completed,
1027497,155007,1,System-Design-Class-Diagram-2025,upload,response,1,RESPONSE,,,,file,single,,[REDACTED],[]
1027497,155007,1,System-Design-Class-Diagram-2025,upload,outcome,1,SUBSCORE-1,Class Client.,0,1,float,single,,1,
1027497,155007,1,System-Design-Class-Diagram-2025,upload,outcome,1,SUBSCORE-2,Class Project,0,1,float,single,,1,
1027497,155007,1,System-Design-Class-Diagram-2025,upload,outcome,1,SUBSCORE-3,Association: Client commissions Project.,0,1,float,single,,1,
1027497,155007,1,System-Design-Class-Diagram-2025,upload,outcome,1,SUBSCORE-4,Multiplicity: Client commissions 1..* Projects.,0,1,float,single,,1,
1027497,155007,1,System-Design-Class-Diagram-2025,upload,outcome,1,SUBSCORE-5,Multiplicity: Project is commissioned by 1 Client.,0,1,float,single,,1,
1027497,155007,1,System-Design-Class-Diagram-2025,upload,outcome,1,SUBSCORE-6,Class Deliverable.,0,1,float,single,,1,
1027497,155007,1,System-Design-Class-Diagram-2025,upload,outcome,1,SUBSCORE-7,Association: Project has Deliverable.,0,1,float,single,,1,
1027497,155007,1,System-Design-Class-Diagram-2025,upload,outcome,1,SUBSCORE-8,"Multiplicity: Project has * Deliverables. 
(*, 0..* or 1..* accepted).",0,1,float,single,,1,
1027497,155007,1,System-Design-Class-Diagram-2025,upload,outcome,1,SUBSCORE-9,Multiplicity: Deliverable belongs to 1 project.,0,1,float,single,,0,
1027497,155007,1,System-Design-Class-Diagram-2025,upload,outcome,1,SUBSCORE-10,Class Team.,0,1,float,single,,1,
1027497,155007,1,System-Design-Class-Diagram-2025,upload,outcome,1,SUBSCORE-11,Association: Team works on Project.,0,1,float,single,,1,
1027497,155007,1,System-Design-Class-Diagram-2025,upload,outcome,1,SUBSCORE-12,Multiplicity: Team works on 1..* Projects.,0,1,float,single,,0,
1027497,155007,1,System-Design-Class-Diagram-2025,upload,outcome,1,SUBSCORE-13,Multiplicity: Project is handled by 1 Team.,0,1,float,single,,1,
1027497,155007,1,System-Design-Class-Diagram-2025,upload,outcome,1,SUBSCORE-14,"Class Member.
Some students will create a class Profile also and link Member to Profile, this is accepted.",0,1,float,single,,1,
1027497,155007,1,System-Design-Class-Diagram-2025,upload,outcome,1,SUBSCORE-15,Association: Member belongs to Team.,0,1,float,single,,1,
1027497,155007,1,System-Design-Class-Diagram-2025,upload,outcome,1,SUBSCORE-16,"Multiplicity: Member belongs to * Teams.
(*, 0..* or 1..* accepted).",0,1,float,single,,1,
1027497,155007,1,System-Design-Class-Diagram-2025,upload,outcome,1,SUBSCORE-17,"Multiplicity: Team has 1..* Members.
(*, 0..*, 1..* accepted).",0,1,float,single,,1,
1027497,155007,1,System-Design-Class-Diagram-2025,upload,outcome,1,SUBSCORE-18,Association: Member leads Team.,0,1,float,single,,0,
1027497,155007,1,System-Design-Class-Diagram-2025,upload,outcome,1,SUBSCORE-19,Multiplicity: Member leads 0..* Teams.,0,1,float,single,,0,
1027497,155007,1,System-Design-Class-Diagram-2025,upload,outcome,1,SUBSCORE-20,Multiplicity: Team is led by 1 Member.,0,1,float,single,,0,
1027497,155007,1,System-Design-Class-Diagram-2025,upload,outcome,1,SUBSCORE-21,"Association Class: Membership.
This class will sit between Member and Team and will keep track of the role of the Member in the team, the date they joined and when they left the team.
Some students might model this class a Class (not association class), this is accepted.",0,1,float,single,,1,
1027497,155007,1,System-Design-Class-Diagram-2025,upload,outcome,1,SUBSCORE-22,Class Developer.,0,1,float,single,,1,
1027497,155007,1,System-Design-Class-Diagram-2025,upload,outcome,1,SUBSCORE-23,Inheritance: Developer inherits from Member.,0,1,float,single,,0,
1027497,155007,1,System-Design-Class-Diagram-2025,upload,outcome,1,SUBSCORE-24,Class Training.,0,1,float,single,,1,
1027497,155007,1,System-Design-Class-Diagram-2025,upload,outcome,1,SUBSCORE-25,Association: Developer attends Training.,0,1,float,single,,1,
1027497,155007,1,System-Design-Class-Diagram-2025,upload,outcome,1,SUBSCORE-26,"Multiplicity: Developer attends * Trainings.
(*, 0..* or 1..* accepted).",0,1,float,single,,1,
1027497,155007,1,System-Design-Class-Diagram-2025,upload,outcome,1,SUBSCORE-27,"Multiplicity: Training attended by * Developers.
(*, 0..* or 1..* accepted).",0,1,float,single,,1,
1027497,155007,1,System-Design-Class-Diagram-2025,upload,outcome,1,SUBSCORE-28,Class Resource.,0,1,float,single,,1,
1027497,155007,1,System-Design-Class-Diagram-2025,upload,outcome,1,SUBSCORE-29,Association: Project requires Resource.,0,1,float,single,,1,
1027497,155007,1,System-Design-Class-Diagram-2025,upload,outcome,1,SUBSCORE-30,"Multiplicity: Project requires * Resources.
(*, 0..* or 1..* accepted).",0,1,float,single,,1,
1027497,155007,1,System-Design-Class-Diagram-2025,upload,outcome,1,SUBSCORE-31,"Multiplicity: Resource used by 1 Project.
We don't specify whether resources can be shared or not, so if the student models this as * or 1..*, this is also accepted.",0,1,float,single,,1,
1027497,155007,1,System-Design-Class-Diagram-2025,upload,outcome,1,SUBSCORE-32,Association: Member allocates Resource.,0,2,float,single,,0.5,
1027497,155007,1,System-Design-Class-Diagram-2025,upload,outcome,1,SUBSCORE-33,"Multiplicity: Member allocates * Resources.
(*, 0..* or 1..* accepted).",0,1,float,single,,0.5,
1027497,155007,1,System-Design-Class-Diagram-2025,upload,outcome,1,SUBSCORE-34,Multiplicity: Resource is allocated by 1 Member.,0,2,float,single,,0.5,
1027497,155007,1,System-Design-Class-Diagram-2025,upload,outcome,1,SUBSCORE-35,Class Resource Type.,0,1,float,single,,0,
1027497,155007,1,System-Design-Class-Diagram-2025,upload,outcome,1,SUBSCORE-36,Association: Resource belongs to Resource Type.,0,1,float,single,,0,
1027497,155007,1,System-Design-Class-Diagram-2025,upload,outcome,1,SUBSCORE-37,Multiplicity: Resource belongs to 1 Resource Type.,0,1,float,single,,0,
1027497,155007,1,System-Design-Class-Diagram-2025,upload,outcome,1,SUBSCORE-38,"Multiplicity: Resource Type has * Resources.
(*, 0..* or 1..* accepted).",0,1,float,single,,0,
1027497,155007,1,System-Design-Class-Diagram-2025,upload,outcome,1,PASSED,,,,boolean,single,0,false,
1027497,155007,1,System-Design-Class-Diagram-2025,upload,outcome,1,MAXSCORE,,,,float,single,40,40,
1027497,155007,1,System-Design-Class-Diagram-2025,upload,template,1,RESPONSE_CORRECTRESPONSE_POINTS,,,,float,single,40,40,
1027497,155007,1,System-Design-Class-Diagram-2025,upload,template,1,RESPONSE-ACTION,,,,float,single,correct,40,
1027497,155007,1,System-Design-Class-Diagram-2025,upload,,0,SCORE,,,,float,single,,26.5,
1027497,155007,1,System-Design-Class-Diagram-2025,upload,,0,MAX_SCORE,,,,float,single,,40,
1027497,155007,1,System-Design-Class-Diagram-2025,upload,,0,COMPLETION_STATUS,,,,identifier,single,,completed,
1027458,153458,1,System-Design-Class-Diagram-2025,upload,response,1,RESPONSE,,,,file,single,,[REDACTED],[]
1027458,153458,1,System-Design-Class-Diagram-2025,upload,outcome,1,SUBSCORE-1,Class Client.,0,1,float,single,,1,
1027458,153458,1,System-Design-Class-Diagram-2025,upload,outcome,1,SUBSCORE-2,Class Project,0,1,float,single,,1,
1027458,153458,1,System-Design-Class-Diagram-2025,upload,outcome,1,SUBSCORE-3,Association: Client commissions Project.,0,1,float,single,,1,
1027458,153458,1,System-Design-Class-Diagram-2025,upload,outcome,1,SUBSCORE-4,Multiplicity: Client commissions 1..* Projects.,0,1,float,single,,1,
1027458,153458,1,System-Design-Class-Diagram-2025,upload,outcome,1,SUBSCORE-5,Multiplicity: Project is commissioned by 1 Client.,0,1,float,single,,1,
1027458,153458,1,System-Design-Class-Diagram-2025,upload,outcome,1,SUBSCORE-6,Class Deliverable.,0,1,float,single,,1,
1027458,153458,1,System-Design-Class-Diagram-2025,upload,outcome,1,SUBSCORE-7,Association: Project has Deliverable.,0,1,float,single,,1,
1027458,153458,1,System-Design-Class-Diagram-2025,upload,outcome,1,SUBSCORE-8,"Multiplicity: Project has * Deliverables. 
(*, 0..* or 1..* accepted).",0,1,float,single,,1,
1027458,153458,1,System-Design-Class-Diagram-2025,upload,outcome,1,SUBSCORE-9,Multiplicity: Deliverable belongs to 1 project.,0,1,float,single,,1,
1027458,153458,1,System-Design-Class-Diagram-2025,upload,outcome,1,SUBSCORE-10,Class Team.,0,1,float,single,,1,
1027458,153458,1,System-Design-Class-Diagram-2025,upload,outcome,1,SUBSCORE-11,Association: Team works on Project.,0,1,float,single,,1,
1027458,153458,1,System-Design-Class-Diagram-2025,upload,outcome,1,SUBSCORE-12,Multiplicity: Team works on 1..* Projects.,0,1,float,single,,1,
1027458,153458,1,System-Design-Class-Diagram-2025,upload,outcome,1,SUBSCORE-13,Multiplicity: Project is handled by 1 Team.,0,1,float,single,,1,
1027458,153458,1,System-Design-Class-Diagram-2025,upload,outcome,1,SUBSCORE-14,"Class Member.
Some students will create a class Profile also and link Member to Profile, this is accepted.",0,1,float,single,,1,
1027458,153458,1,System-Design-Class-Diagram-2025,upload,outcome,1,SUBSCORE-15,Association: Member belongs to Team.,0,1,float,single,,1,
1027458,153458,1,System-Design-Class-Diagram-2025,upload,outcome,1,SUBSCORE-16,"Multiplicity: Member belongs to * Teams.
(*, 0..* or 1..* accepted).",0,1,float,single,,1,
1027458,153458,1,System-Design-Class-Diagram-2025,upload,outcome,1,SUBSCORE-17,"Multiplicity: Team has 1..* Members.
(*, 0..*, 1..* accepted).",0,1,float,single,,0,
1027458,153458,1,System-Design-Class-Diagram-2025,upload,outcome,1,SUBSCORE-18,Association: Member leads Team.,0,1,float,single,,0,
1027458,153458,1,System-Design-Class-Diagram-2025,upload,outcome,1,SUBSCORE-19,Multiplicity: Member leads 0..* Teams.,0,1,float,single,,0,
1027458,153458,1,System-Design-Class-Diagram-2025,upload,outcome,1,SUBSCORE-20,Multiplicity: Team is led by 1 Member.,0,1,float,single,,0,
1027458,153458,1,System-Design-Class-Diagram-2025,upload,outcome,1,SUBSCORE-21,"Association Class: Membership.
This class will sit between Member and Team and will keep track of the role of the Member in the team, the date they joined and when they left the team.
Some students might model this class a Class (not association class), this is accepted.",0,1,float,single,,0,
1027458,153458,1,System-Design-Class-Diagram-2025,upload,outcome,1,SUBSCORE-22,Class Developer.,0,1,float,single,,1,
1027458,153458,1,System-Design-Class-Diagram-2025,upload,outcome,1,SUBSCORE-23,Inheritance: Developer inherits from Member.,0,1,float,single,,1,
1027458,153458,1,System-Design-Class-Diagram-2025,upload,outcome,1,SUBSCORE-24,Class Training.,0,1,float,single,,1,
1027458,153458,1,System-Design-Class-Diagram-2025,upload,outcome,1,SUBSCORE-25,Association: Developer attends Training.,0,1,float,single,,1,
1027458,153458,1,System-Design-Class-Diagram-2025,upload,outcome,1,SUBSCORE-26,"Multiplicity: Developer attends * Trainings.
(*, 0..* or 1..* accepted).",0,1,float,single,,1,
1027458,153458,1,System-Design-Class-Diagram-2025,upload,outcome,1,SUBSCORE-27,"Multiplicity: Training attended by * Developers.
(*, 0..* or 1..* accepted).",0,1,float,single,,1,
1027458,153458,1,System-Design-Class-Diagram-2025,upload,outcome,1,SUBSCORE-28,Class Resource.,0,1,float,single,,1,
1027458,153458,1,System-Design-Class-Diagram-2025,upload,outcome,1,SUBSCORE-29,Association: Project requires Resource.,0,1,float,single,,1,
1027458,153458,1,System-Design-Class-Diagram-2025,upload,outcome,1,SUBSCORE-30,"Multiplicity: Project requires * Resources.
(*, 0..* or 1..* accepted).",0,1,float,single,,1,
1027458,153458,1,System-Design-Class-Diagram-2025,upload,outcome,1,SUBSCORE-31,"Multiplicity: Resource used by 1 Project.
We don't specify whether resources can be shared or not, so if the student models this as * or 1..*, this is also accepted.",0,1,float,single,,1,
1027458,153458,1,System-Design-Class-Diagram-2025,upload,outcome,1,SUBSCORE-32,Association: Member allocates Resource.,0,2,float,single,,0,
1027458,153458,1,System-Design-Class-Diagram-2025,upload,outcome,1,SUBSCORE-33,"Multiplicity: Member allocates * Resources.
(*, 0..* or 1..* accepted).",0,1,float,single,,0,
1027458,153458,1,System-Design-Class-Diagram-2025,upload,outcome,1,SUBSCORE-34,Multiplicity: Resource is allocated by 1 Member.,0,2,float,single,,0,
1027458,153458,1,System-Design-Class-Diagram-2025,upload,outcome,1,SUBSCORE-35,Class Resource Type.,0,1,float,single,,1,
1027458,153458,1,System-Design-Class-Diagram-2025,upload,outcome,1,SUBSCORE-36,Association: Resource belongs to Resource Type.,0,1,float,single,,1,
1027458,153458,1,System-Design-Class-Diagram-2025,upload,outcome,1,SUBSCORE-37,Multiplicity: Resource belongs to 1 Resource Type.,0,1,float,single,,1,
1027458,153458,1,System-Design-Class-Diagram-2025,upload,outcome,1,SUBSCORE-38,"Multiplicity: Resource Type has * Resources.
(*, 0..* or 1..* accepted).",0,1,float,single,,1,
1027458,153458,1,System-Design-Class-Diagram-2025,upload,outcome,1,PASSED,,,,boolean,single,0,false,
1027458,153458,1,System-Design-Class-Diagram-2025,upload,outcome,1,MAXSCORE,,,,float,single,40,40,
1027458,153458,1,System-Design-Class-Diagram-2025,upload,template,1,RESPONSE_CORRECTRESPONSE_POINTS,,,,float,single,40,40,
1027458,153458,1,System-Design-Class-Diagram-2025,upload,template,1,RESPONSE-ACTION,,,,float,single,correct,40,
1027458,153458,1,System-Design-Class-Diagram-2025,upload,,0,SCORE,,,,float,single,,30,
1027458,153458,1,System-Design-Class-Diagram-2025,upload,,0,MAX_SCORE,,,,float,single,,40,
1027458,153458,1,System-Design-Class-Diagram-2025,upload,,0,COMPLETION_STATUS,,,,identifier,single,,completed,
1027620,150411,1,System-Design-Class-Diagram-2025,upload,response,1,RESPONSE,,,,file,single,,[REDACTED],[]
1027620,150411,1,System-Design-Class-Diagram-2025,upload,outcome,1,SUBSCORE-1,Class Client.,0,1,float,single,,1,
1027620,150411,1,System-Design-Class-Diagram-2025,upload,outcome,1,SUBSCORE-2,Class Project,0,1,float,single,,1,
1027620,150411,1,System-Design-Class-Diagram-2025,upload,outcome,1,SUBSCORE-3,Association: Client commissions Project.,0,1,float,single,,1,
1027620,150411,1,System-Design-Class-Diagram-2025,upload,outcome,1,SUBSCORE-4,Multiplicity: Client commissions 1..* Projects.,0,1,float,single,,0,
1027620,150411,1,System-Design-Class-Diagram-2025,upload,outcome,1,SUBSCORE-5,Multiplicity: Project is commissioned by 1 Client.,0,1,float,single,,1,
1027620,150411,1,System-Design-Class-Diagram-2025,upload,outcome,1,SUBSCORE-6,Class Deliverable.,0,1,float,single,,1,
1027620,150411,1,System-Design-Class-Diagram-2025,upload,outcome,1,SUBSCORE-7,Association: Project has Deliverable.,0,1,float,single,,0,
1027620,150411,1,System-Design-Class-Diagram-2025,upload,outcome,1,SUBSCORE-8,"Multiplicity: Project has * Deliverables. 
(*, 0..* or 1..* accepted).",0,1,float,single,,0,
1027620,150411,1,System-Design-Class-Diagram-2025,upload,outcome,1,SUBSCORE-9,Multiplicity: Deliverable belongs to 1 project.,0,1,float,single,,0,
1027620,150411,1,System-Design-Class-Diagram-2025,upload,outcome,1,SUBSCORE-10,Class Team.,0,1,float,single,,1,
1027620,150411,1,System-Design-Class-Diagram-2025,upload,outcome,1,SUBSCORE-11,Association: Team works on Project.,0,1,float,single,,1,
1027620,150411,1,System-Design-Class-Diagram-2025,upload,outcome,1,SUBSCORE-12,Multiplicity: Team works on 1..* Projects.,0,1,float,single,,1,
1027620,150411,1,System-Design-Class-Diagram-2025,upload,outcome,1,SUBSCORE-13,Multiplicity: Project is handled by 1 Team.,0,1,float,single,,1,
1027620,150411,1,System-Design-Class-Diagram-2025,upload,outcome,1,SUBSCORE-14,"Class Member.
Some students will create a class Profile also and link Member to Profile, this is accepted.",0,1,float,single,,1,
1027620,150411,1,System-Design-Class-Diagram-2025,upload,outcome,1,SUBSCORE-15,Association: Member belongs to Team.,0,1,float,single,,1,
1027620,150411,1,System-Design-Class-Diagram-2025,upload,outcome,1,SUBSCORE-16,"Multiplicity: Member belongs to * Teams.
(*, 0..* or 1..* accepted).",0,1,float,single,,1,
1027620,150411,1,System-Design-Class-Diagram-2025,upload,outcome,1,SUBSCORE-17,"Multiplicity: Team has 1..* Members.
(*, 0..*, 1..* accepted).",0,1,float,single,,1,
1027620,150411,1,System-Design-Class-Diagram-2025,upload,outcome,1,SUBSCORE-18,Association: Member leads Team.,0,1,float,single,,0,
1027620,150411,1,System-Design-Class-Diagram-2025,upload,outcome,1,SUBSCORE-19,Multiplicity: Member leads 0..* Teams.,0,1,float,single,,0,
1027620,150411,1,System-Design-Class-Diagram-2025,upload,outcome,1,SUBSCORE-20,Multiplicity: Team is led by 1 Member.,0,1,float,single,,0,
1027620,150411,1,System-Design-Class-Diagram-2025,upload,outcome,1,SUBSCORE-21,"Association Class: Membership.
This class will sit between Member and Team and will keep track of the role of the Member in the team, the date they joined and when they left the team.
Some students might model this class a Class (not association class), this is accepted.",0,1,float,single,,1,
1027620,150411,1,System-Design-Class-Diagram-2025,upload,outcome,1,SUBSCORE-22,Class Developer.,0,1,float,single,,1,
1027620,150411,1,System-Design-Class-Diagram-2025,upload,outcome,1,SUBSCORE-23,Inheritance: Developer inherits from Member.,0,1,float,single,,0,
1027620,150411,1,System-Design-Class-Diagram-2025,upload,outcome,1,SUBSCORE-24,Class Training.,0,1,float,single,,1,
1027620,150411,1,System-Design-Class-Diagram-2025,upload,outcome,1,SUBSCORE-25,Association: Developer attends Training.,0,1,float,single,,1,
1027620,150411,1,System-Design-Class-Diagram-2025,upload,outcome,1,SUBSCORE-26,"Multiplicity: Developer attends * Trainings.
(*, 0..* or 1..* accepted).",0,1,float,single,,1,
1027620,150411,1,System-Design-Class-Diagram-2025,upload,outcome,1,SUBSCORE-27,"Multiplicity: Training attended by * Developers.
(*, 0..* or 1..* accepted).",0,1,float,single,,1,
1027620,150411,1,System-Design-Class-Diagram-2025,upload,outcome,1,SUBSCORE-28,Class Resource.,0,1,float,single,,1,
1027620,150411,1,System-Design-Class-Diagram-2025,upload,outcome,1,SUBSCORE-29,Association: Project requires Resource.,0,1,float,single,,1,
1027620,150411,1,System-Design-Class-Diagram-2025,upload,outcome,1,SUBSCORE-30,"Multiplicity: Project requires * Resources.
(*, 0..* or 1..* accepted).",0,1,float,single,,1,
1027620,150411,1,System-Design-Class-Diagram-2025,upload,outcome,1,SUBSCORE-31,"Multiplicity: Resource used by 1 Project.
We don't specify whether resources can be shared or not, so if the student models this as * or 1..*, this is also accepted.",0,1,float,single,,1,
1027620,150411,1,System-Design-Class-Diagram-2025,upload,outcome,1,SUBSCORE-32,Association: Member allocates Resource.,0,2,float,single,,0,
1027620,150411,1,System-Design-Class-Diagram-2025,upload,outcome,1,SUBSCORE-33,"Multiplicity: Member allocates * Resources.
(*, 0..* or 1..* accepted).",0,1,float,single,,0,
1027620,150411,1,System-Design-Class-Diagram-2025,upload,outcome,1,SUBSCORE-34,Multiplicity: Resource is allocated by 1 Member.,0,2,float,single,,0,
1027620,150411,1,System-Design-Class-Diagram-2025,upload,outcome,1,SUBSCORE-35,Class Resource Type.,0,1,float,single,,0,
1027620,150411,1,System-Design-Class-Diagram-2025,upload,outcome,1,SUBSCORE-36,Association: Resource belongs to Resource Type.,0,1,float,single,,0,
1027620,150411,1,System-Design-Class-Diagram-2025,upload,outcome,1,SUBSCORE-37,Multiplicity: Resource belongs to 1 Resource Type.,0,1,float,single,,0,
1027620,150411,1,System-Design-Class-Diagram-2025,upload,outcome,1,SUBSCORE-38,"Multiplicity: Resource Type has * Resources.
(*, 0..* or 1..* accepted).",0,1,float,single,,0,
1027620,150411,1,System-Design-Class-Diagram-2025,upload,outcome,1,PASSED,,,,boolean,single,0,false,
1027620,150411,1,System-Design-Class-Diagram-2025,upload,outcome,1,MAXSCORE,,,,float,single,40,40,
1027620,150411,1,System-Design-Class-Diagram-2025,upload,template,1,RESPONSE_CORRECTRESPONSE_POINTS,,,,float,single,40,40,
1027620,150411,1,System-Design-Class-Diagram-2025,upload,template,1,RESPONSE-ACTION,,,,float,single,correct,40,
1027620,150411,1,System-Design-Class-Diagram-2025,upload,,0,SCORE,,,,float,single,,23,
1027620,150411,1,System-Design-Class-Diagram-2025,upload,,0,MAX_SCORE,,,,float,single,,40,
1027620,150411,1,System-Design-Class-Diagram-2025,upload,,0,COMPLETION_STATUS,,,,identifier,single,,completed,
1027455,153234,1,System-Design-Class-Diagram-2025,upload,response,1,RESPONSE,,,,file,single,,[REDACTED],[]
1027455,153234,1,System-Design-Class-Diagram-2025,upload,outcome,1,SUBSCORE-1,Class Client.,0,1,float,single,,1,
1027455,153234,1,System-Design-Class-Diagram-2025,upload,outcome,1,SUBSCORE-2,Class Project,0,1,float,single,,1,
1027455,153234,1,System-Design-Class-Diagram-2025,upload,outcome,1,SUBSCORE-3,Association: Client commissions Project.,0,1,float,single,,1,
1027455,153234,1,System-Design-Class-Diagram-2025,upload,outcome,1,SUBSCORE-4,Multiplicity: Client commissions 1..* Projects.,0,1,float,single,,0,
1027455,153234,1,System-Design-Class-Diagram-2025,upload,outcome,1,SUBSCORE-5,Multiplicity: Project is commissioned by 1 Client.,0,1,float,single,,1,
1027455,153234,1,System-Design-Class-Diagram-2025,upload,outcome,1,SUBSCORE-6,Class Deliverable.,0,1,float,single,,1,
1027455,153234,1,System-Design-Class-Diagram-2025,upload,outcome,1,SUBSCORE-7,Association: Project has Deliverable.,0,1,float,single,,1,
1027455,153234,1,System-Design-Class-Diagram-2025,upload,outcome,1,SUBSCORE-8,"Multiplicity: Project has * Deliverables. 
(*, 0..* or 1..* accepted).",0,1,float,single,,1,
1027455,153234,1,System-Design-Class-Diagram-2025,upload,outcome,1,SUBSCORE-9,Multiplicity: Deliverable belongs to 1 project.,0,1,float,single,,1,
1027455,153234,1,System-Design-Class-Diagram-2025,upload,outcome,1,SUBSCORE-10,Class Team.,0,1,float,single,,1,
1027455,153234,1,System-Design-Class-Diagram-2025,upload,outcome,1,SUBSCORE-11,Association: Team works on Project.,0,1,float,single,,1,
1027455,153234,1,System-Design-Class-Diagram-2025,upload,outcome,1,SUBSCORE-12,Multiplicity: Team works on 1..* Projects.,0,1,float,single,,0.5,
1027455,153234,1,System-Design-Class-Diagram-2025,upload,outcome,1,SUBSCORE-13,Multiplicity: Project is handled by 1 Team.,0,1,float,single,,0.5,
1027455,153234,1,System-Design-Class-Diagram-2025,upload,outcome,1,SUBSCORE-14,"Class Member.
Some students will create a class Profile also and link Member to Profile, this is accepted.",0,1,float,single,,1,
1027455,153234,1,System-Design-Class-Diagram-2025,upload,outcome,1,SUBSCORE-15,Association: Member belongs to Team.,0,1,float,single,,0,
1027455,153234,1,System-Design-Class-Diagram-2025,upload,outcome,1,SUBSCORE-16,"Multiplicity: Member belongs to * Teams.
(*, 0..* or 1..* accepted).",0,1,float,single,,0,
1027455,153234,1,System-Design-Class-Diagram-2025,upload,outcome,1,SUBSCORE-17,"Multiplicity: Team has 1..* Members.
(*, 0..*, 1..* accepted).",0,1,float,single,,0,
1027455,153234,1,System-Design-Class-Diagram-2025,upload,outcome,1,SUBSCORE-18,Association: Member leads Team.,0,1,float,single,,0,
1027455,153234,1,System-Design-Class-Diagram-2025,upload,outcome,1,SUBSCORE-19,Multiplicity: Member leads 0..* Teams.,0,1,float,single,,0,
1027455,153234,1,System-Design-Class-Diagram-2025,upload,outcome,1,SUBSCORE-20,Multiplicity: Team is led by 1 Member.,0,1,float,single,,0,
1027455,153234,1,System-Design-Class-Diagram-2025,upload,outcome,1,SUBSCORE-21,"Association Class: Membership.
This class will sit between Member and Team and will keep track of the role of the Member in the team, the date they joined and when they left the team.
Some students might model this class a Class (not association class), this is accepted.",0,1,float,single,,0,
1027455,153234,1,System-Design-Class-Diagram-2025,upload,outcome,1,SUBSCORE-22,Class Developer.,0,1,float,single,,1,
1027455,153234,1,System-Design-Class-Diagram-2025,upload,outcome,1,SUBSCORE-23,Inheritance: Developer inherits from Member.,0,1,float,single,,1,
1027455,153234,1,System-Design-Class-Diagram-2025,upload,outcome,1,SUBSCORE-24,Class Training.,0,1,float,single,,1,
1027455,153234,1,System-Design-Class-Diagram-2025,upload,outcome,1,SUBSCORE-25,Association: Developer attends Training.,0,1,float,single,,0.5,
1027455,153234,1,System-Design-Class-Diagram-2025,upload,outcome,1,SUBSCORE-26,"Multiplicity: Developer attends * Trainings.
(*, 0..* or 1..* accepted).",0,1,float,single,,0.5,
1027455,153234,1,System-Design-Class-Diagram-2025,upload,outcome,1,SUBSCORE-27,"Multiplicity: Training attended by * Developers.
(*, 0..* or 1..* accepted).",0,1,float,single,,0.5,
1027455,153234,1,System-Design-Class-Diagram-2025,upload,outcome,1,SUBSCORE-28,Class Resource.,0,1,float,single,,1,
1027455,153234,1,System-Design-Class-Diagram-2025,upload,outcome,1,SUBSCORE-29,Association: Project requires Resource.,0,1,float,single,,0,
1027455,153234,1,System-Design-Class-Diagram-2025,upload,outcome,1,SUBSCORE-30,"Multiplicity: Project requires * Resources.
(*, 0..* or 1..* accepted).",0,1,float,single,,0,
1027455,153234,1,System-Design-Class-Diagram-2025,upload,outcome,1,SUBSCORE-31,"Multiplicity: Resource used by 1 Project.
We don't specify whether resources can be shared or not, so if the student models this as * or 1..*, this is also accepted.",0,1,float,single,,0,
1027455,153234,1,System-Design-Class-Diagram-2025,upload,outcome,1,SUBSCORE-32,Association: Member allocates Resource.,0,2,float,single,,0,
1027455,153234,1,System-Design-Class-Diagram-2025,upload,outcome,1,SUBSCORE-33,"Multiplicity: Member allocates * Resources.
(*, 0..* or 1..* accepted).",0,1,float,single,,0,
1027455,153234,1,System-Design-Class-Diagram-2025,upload,outcome,1,SUBSCORE-34,Multiplicity: Resource is allocated by 1 Member.,0,2,float,single,,0,
1027455,153234,1,System-Design-Class-Diagram-2025,upload,outcome,1,SUBSCORE-35,Class Resource Type.,0,1,float,single,,0,
1027455,153234,1,System-Design-Class-Diagram-2025,upload,outcome,1,SUBSCORE-36,Association: Resource belongs to Resource Type.,0,1,float,single,,0,
1027455,153234,1,System-Design-Class-Diagram-2025,upload,outcome,1,SUBSCORE-37,Multiplicity: Resource belongs to 1 Resource Type.,0,1,float,single,,0,
1027455,153234,1,System-Design-Class-Diagram-2025,upload,outcome,1,SUBSCORE-38,"Multiplicity: Resource Type has * Resources.
(*, 0..* or 1..* accepted).",0,1,float,single,,0,
1027455,153234,1,System-Design-Class-Diagram-2025,upload,outcome,1,PASSED,,,,boolean,single,0,false,
1027455,153234,1,System-Design-Class-Diagram-2025,upload,outcome,1,MAXSCORE,,,,float,single,40,40,
1027455,153234,1,System-Design-Class-Diagram-2025,upload,template,1,RESPONSE_CORRECTRESPONSE_POINTS,,,,float,single,40,40,
1027455,153234,1,System-Design-Class-Diagram-2025,upload,template,1,RESPONSE-ACTION,,,,float,single,correct,40,
1027455,153234,1,System-Design-Class-Diagram-2025,upload,,0,SCORE,,,,float,single,,17.5,
1027455,153234,1,System-Design-Class-Diagram-2025,upload,,0,MAX_SCORE,,,,float,single,,40,
1027455,153234,1,System-Design-Class-Diagram-2025,upload,,0,COMPLETION_STATUS,,,,identifier,single,,completed,
1027682,146206,1,System-Design-Class-Diagram-2025,upload,response,1,RESPONSE,,,,file,single,,[REDACTED],[]
1027682,146206,1,System-Design-Class-Diagram-2025,upload,outcome,1,SUBSCORE-1,Class Client.,0,1,float,single,,1,
1027682,146206,1,System-Design-Class-Diagram-2025,upload,outcome,1,SUBSCORE-2,Class Project,0,1,float,single,,1,
1027682,146206,1,System-Design-Class-Diagram-2025,upload,outcome,1,SUBSCORE-3,Association: Client commissions Project.,0,1,float,single,,1,
1027682,146206,1,System-Design-Class-Diagram-2025,upload,outcome,1,SUBSCORE-4,Multiplicity: Client commissions 1..* Projects.,0,1,float,single,,1,
1027682,146206,1,System-Design-Class-Diagram-2025,upload,outcome,1,SUBSCORE-5,Multiplicity: Project is commissioned by 1 Client.,0,1,float,single,,1,
1027682,146206,1,System-Design-Class-Diagram-2025,upload,outcome,1,SUBSCORE-6,Class Deliverable.,0,1,float,single,,1,
1027682,146206,1,System-Design-Class-Diagram-2025,upload,outcome,1,SUBSCORE-7,Association: Project has Deliverable.,0,1,float,single,,1,
1027682,146206,1,System-Design-Class-Diagram-2025,upload,outcome,1,SUBSCORE-8,"Multiplicity: Project has * Deliverables. 
(*, 0..* or 1..* accepted).",0,1,float,single,,1,
1027682,146206,1,System-Design-Class-Diagram-2025,upload,outcome,1,SUBSCORE-9,Multiplicity: Deliverable belongs to 1 project.,0,1,float,single,,1,
1027682,146206,1,System-Design-Class-Diagram-2025,upload,outcome,1,SUBSCORE-10,Class Team.,0,1,float,single,,1,
1027682,146206,1,System-Design-Class-Diagram-2025,upload,outcome,1,SUBSCORE-11,Association: Team works on Project.,0,1,float,single,,1,
1027682,146206,1,System-Design-Class-Diagram-2025,upload,outcome,1,SUBSCORE-12,Multiplicity: Team works on 1..* Projects.,0,1,float,single,,1,
1027682,146206,1,System-Design-Class-Diagram-2025,upload,outcome,1,SUBSCORE-13,Multiplicity: Project is handled by 1 Team.,0,1,float,single,,1,
1027682,146206,1,System-Design-Class-Diagram-2025,upload,outcome,1,SUBSCORE-14,"Class Member.
Some students will create a class Profile also and link Member to Profile, this is accepted.",0,1,float,single,,1,
1027682,146206,1,System-Design-Class-Diagram-2025,upload,outcome,1,SUBSCORE-15,Association: Member belongs to Team.,0,1,float,single,,1,
1027682,146206,1,System-Design-Class-Diagram-2025,upload,outcome,1,SUBSCORE-16,"Multiplicity: Member belongs to * Teams.
(*, 0..* or 1..* accepted).",0,1,float,single,,1,
1027682,146206,1,System-Design-Class-Diagram-2025,upload,outcome,1,SUBSCORE-17,"Multiplicity: Team has 1..* Members.
(*, 0..*, 1..* accepted).",0,1,float,single,,1,
1027682,146206,1,System-Design-Class-Diagram-2025,upload,outcome,1,SUBSCORE-18,Association: Member leads Team.,0,1,float,single,,1,
1027682,146206,1,System-Design-Class-Diagram-2025,upload,outcome,1,SUBSCORE-19,Multiplicity: Member leads 0..* Teams.,0,1,float,single,,0,
1027682,146206,1,System-Design-Class-Diagram-2025,upload,outcome,1,SUBSCORE-20,Multiplicity: Team is led by 1 Member.,0,1,float,single,,1,
1027682,146206,1,System-Design-Class-Diagram-2025,upload,outcome,1,SUBSCORE-21,"Association Class: Membership.
This class will sit between Member and Team and will keep track of the role of the Member in the team, the date they joined and when they left the team.
Some students might model this class a Class (not association class), this is accepted.",0,1,float,single,,1,
1027682,146206,1,System-Design-Class-Diagram-2025,upload,outcome,1,SUBSCORE-22,Class Developer.,0,1,float,single,,1,
1027682,146206,1,System-Design-Class-Diagram-2025,upload,outcome,1,SUBSCORE-23,Inheritance: Developer inherits from Member.,0,1,float,single,,1,
1027682,146206,1,System-Design-Class-Diagram-2025,upload,outcome,1,SUBSCORE-24,Class Training.,0,1,float,single,,1,
1027682,146206,1,System-Design-Class-Diagram-2025,upload,outcome,1,SUBSCORE-25,Association: Developer attends Training.,0,1,float,single,,1,
1027682,146206,1,System-Design-Class-Diagram-2025,upload,outcome,1,SUBSCORE-26,"Multiplicity: Developer attends * Trainings.
(*, 0..* or 1..* accepted).",0,1,float,single,,0,
1027682,146206,1,System-Design-Class-Diagram-2025,upload,outcome,1,SUBSCORE-27,"Multiplicity: Training attended by * Developers.
(*, 0..* or 1..* accepted).",0,1,float,single,,0,
1027682,146206,1,System-Design-Class-Diagram-2025,upload,outcome,1,SUBSCORE-28,Class Resource.,0,1,float,single,,1,
1027682,146206,1,System-Design-Class-Diagram-2025,upload,outcome,1,SUBSCORE-29,Association: Project requires Resource.,0,1,float,single,,1,
1027682,146206,1,System-Design-Class-Diagram-2025,upload,outcome,1,SUBSCORE-30,"Multiplicity: Project requires * Resources.
(*, 0..* or 1..* accepted).",0,1,float,single,,1,
1027682,146206,1,System-Design-Class-Diagram-2025,upload,outcome,1,SUBSCORE-31,"Multiplicity: Resource used by 1 Project.
We don't specify whether resources can be shared or not, so if the student models this as * or 1..*, this is also accepted.",0,1,float,single,,1,
1027682,146206,1,System-Design-Class-Diagram-2025,upload,outcome,1,SUBSCORE-32,Association: Member allocates Resource.,0,2,float,single,,0,
1027682,146206,1,System-Design-Class-Diagram-2025,upload,outcome,1,SUBSCORE-33,"Multiplicity: Member allocates * Resources.
(*, 0..* or 1..* accepted).",0,1,float,single,,0,
1027682,146206,1,System-Design-Class-Diagram-2025,upload,outcome,1,SUBSCORE-34,Multiplicity: Resource is allocated by 1 Member.,0,2,float,single,,0,
1027682,146206,1,System-Design-Class-Diagram-2025,upload,outcome,1,SUBSCORE-35,Class Resource Type.,0,1,float,single,,1,
1027682,146206,1,System-Design-Class-Diagram-2025,upload,outcome,1,SUBSCORE-36,Association: Resource belongs to Resource Type.,0,1,float,single,,1,
1027682,146206,1,System-Design-Class-Diagram-2025,upload,outcome,1,SUBSCORE-37,Multiplicity: Resource belongs to 1 Resource Type.,0,1,float,single,,1,
1027682,146206,1,System-Design-Class-Diagram-2025,upload,outcome,1,SUBSCORE-38,"Multiplicity: Resource Type has * Resources.
(*, 0..* or 1..* accepted).",0,1,float,single,,1,
1027682,146206,1,System-Design-Class-Diagram-2025,upload,outcome,1,PASSED,,,,boolean,single,0,false,
1027682,146206,1,System-Design-Class-Diagram-2025,upload,outcome,1,MAXSCORE,,,,float,single,40,40,
1027682,146206,1,System-Design-Class-Diagram-2025,upload,template,1,RESPONSE_CORRECTRESPONSE_POINTS,,,,float,single,40,40,
1027682,146206,1,System-Design-Class-Diagram-2025,upload,template,1,RESPONSE-ACTION,,,,float,single,correct,40,
1027682,146206,1,System-Design-Class-Diagram-2025,upload,,0,SCORE,,,,float,single,,32,
1027682,146206,1,System-Design-Class-Diagram-2025,upload,,0,MAX_SCORE,,,,float,single,,40,
1027682,146206,1,System-Design-Class-Diagram-2025,upload,,0,COMPLETION_STATUS,,,,identifier,single,,completed,
1027500,142146,1,System-Design-Class-Diagram-2025,upload,response,1,RESPONSE,,,,file,single,,[REDACTED],[]
1027500,142146,1,System-Design-Class-Diagram-2025,upload,outcome,1,SUBSCORE-1,Class Client.,0,1,float,single,,1,
1027500,142146,1,System-Design-Class-Diagram-2025,upload,outcome,1,SUBSCORE-2,Class Project,0,1,float,single,,1,
1027500,142146,1,System-Design-Class-Diagram-2025,upload,outcome,1,SUBSCORE-3,Association: Client commissions Project.,0,1,float,single,,1,
1027500,142146,1,System-Design-Class-Diagram-2025,upload,outcome,1,SUBSCORE-4,Multiplicity: Client commissions 1..* Projects.,0,1,float,single,,0,
1027500,142146,1,System-Design-Class-Diagram-2025,upload,outcome,1,SUBSCORE-5,Multiplicity: Project is commissioned by 1 Client.,0,1,float,single,,0,
1027500,142146,1,System-Design-Class-Diagram-2025,upload,outcome,1,SUBSCORE-6,Class Deliverable.,0,1,float,single,,0,
1027500,142146,1,System-Design-Class-Diagram-2025,upload,outcome,1,SUBSCORE-7,Association: Project has Deliverable.,0,1,float,single,,0,
1027500,142146,1,System-Design-Class-Diagram-2025,upload,outcome,1,SUBSCORE-8,"Multiplicity: Project has * Deliverables. 
(*, 0..* or 1..* accepted).",0,1,float,single,,0,
1027500,142146,1,System-Design-Class-Diagram-2025,upload,outcome,1,SUBSCORE-9,Multiplicity: Deliverable belongs to 1 project.,0,1,float,single,,0,
1027500,142146,1,System-Design-Class-Diagram-2025,upload,outcome,1,SUBSCORE-10,Class Team.,0,1,float,single,,1,
1027500,142146,1,System-Design-Class-Diagram-2025,upload,outcome,1,SUBSCORE-11,Association: Team works on Project.,0,1,float,single,,1,
1027500,142146,1,System-Design-Class-Diagram-2025,upload,outcome,1,SUBSCORE-12,Multiplicity: Team works on 1..* Projects.,0,1,float,single,,0,
1027500,142146,1,System-Design-Class-Diagram-2025,upload,outcome,1,SUBSCORE-13,Multiplicity: Project is handled by 1 Team.,0,1,float,single,,0,
1027500,142146,1,System-Design-Class-Diagram-2025,upload,outcome,1,SUBSCORE-14,"Class Member.
Some students will create a class Profile also and link Member to Profile, this is accepted.",0,1,float,single,,1,
1027500,142146,1,System-Design-Class-Diagram-2025,upload,outcome,1,SUBSCORE-15,Association: Member belongs to Team.,0,1,float,single,,1,
1027500,142146,1,System-Design-Class-Diagram-2025,upload,outcome,1,SUBSCORE-16,"Multiplicity: Member belongs to * Teams.
(*, 0..* or 1..* accepted).",0,1,float,single,,0,
1027500,142146,1,System-Design-Class-Diagram-2025,upload,outcome,1,SUBSCORE-17,"Multiplicity: Team has 1..* Members.
(*, 0..*, 1..* accepted).",0,1,float,single,,1,
1027500,142146,1,System-Design-Class-Diagram-2025,upload,outcome,1,SUBSCORE-18,Association: Member leads Team.,0,1,float,single,,1,
1027500,142146,1,System-Design-Class-Diagram-2025,upload,outcome,1,SUBSCORE-19,Multiplicity: Member leads 0..* Teams.,0,1,float,single,,0,
1027500,142146,1,System-Design-Class-Diagram-2025,upload,outcome,1,SUBSCORE-20,Multiplicity: Team is led by 1 Member.,0,1,float,single,,0,
1027500,142146,1,System-Design-Class-Diagram-2025,upload,outcome,1,SUBSCORE-21,"Association Class: Membership.
This class will sit between Member and Team and will keep track of the role of the Member in the team, the date they joined and when they left the team.
Some students might model this class a Class (not association class), this is accepted.",0,1,float,single,,0,
1027500,142146,1,System-Design-Class-Diagram-2025,upload,outcome,1,SUBSCORE-22,Class Developer.,0,1,float,single,,1,
1027500,142146,1,System-Design-Class-Diagram-2025,upload,outcome,1,SUBSCORE-23,Inheritance: Developer inherits from Member.,0,1,float,single,,0,
1027500,142146,1,System-Design-Class-Diagram-2025,upload,outcome,1,SUBSCORE-24,Class Training.,0,1,float,single,,1,
1027500,142146,1,System-Design-Class-Diagram-2025,upload,outcome,1,SUBSCORE-25,Association: Developer attends Training.,0,1,float,single,,0.5,
1027500,142146,1,System-Design-Class-Diagram-2025,upload,outcome,1,SUBSCORE-26,"Multiplicity: Developer attends * Trainings.
(*, 0..* or 1..* accepted).",0,1,float,single,,1,
1027500,142146,1,System-Design-Class-Diagram-2025,upload,outcome,1,SUBSCORE-27,"Multiplicity: Training attended by * Developers.
(*, 0..* or 1..* accepted).",0,1,float,single,,1,
1027500,142146,1,System-Design-Class-Diagram-2025,upload,outcome,1,SUBSCORE-28,Class Resource.,0,1,float,single,,1,
1027500,142146,1,System-Design-Class-Diagram-2025,upload,outcome,1,SUBSCORE-29,Association: Project requires Resource.,0,1,float,single,,0.5,
1027500,142146,1,System-Design-Class-Diagram-2025,upload,outcome,1,SUBSCORE-30,"Multiplicity: Project requires * Resources.
(*, 0..* or 1..* accepted).",0,1,float,single,,1,
1027500,142146,1,System-Design-Class-Diagram-2025,upload,outcome,1,SUBSCORE-31,"Multiplicity: Resource used by 1 Project.
We don't specify whether resources can be shared or not, so if the student models this as * or 1..*, this is also accepted.",0,1,float,single,,1,
1027500,142146,1,System-Design-Class-Diagram-2025,upload,outcome,1,SUBSCORE-32,Association: Member allocates Resource.,0,2,float,single,,1,
1027500,142146,1,System-Design-Class-Diagram-2025,upload,outcome,1,SUBSCORE-33,"Multiplicity: Member allocates * Resources.
(*, 0..* or 1..* accepted).",0,1,float,single,,0.5,
1027500,142146,1,System-Design-Class-Diagram-2025,upload,outcome,1,SUBSCORE-34,Multiplicity: Resource is allocated by 1 Member.,0,2,float,single,,0,
1027500,142146,1,System-Design-Class-Diagram-2025,upload,outcome,1,SUBSCORE-35,Class Resource Type.,0,1,float,single,,1,
1027500,142146,1,System-Design-Class-Diagram-2025,upload,outcome,1,SUBSCORE-36,Association: Resource belongs to Resource Type.,0,1,float,single,,0.5,
1027500,142146,1,System-Design-Class-Diagram-2025,upload,outcome,1,SUBSCORE-37,Multiplicity: Resource belongs to 1 Resource Type.,0,1,float,single,,0,
1027500,142146,1,System-Design-Class-Diagram-2025,upload,outcome,1,SUBSCORE-38,"Multiplicity: Resource Type has * Resources.
(*, 0..* or 1..* accepted).",0,1,float,single,,0,
1027500,142146,1,System-Design-Class-Diagram-2025,upload,outcome,1,PASSED,,,,boolean,single,0,false,
1027500,142146,1,System-Design-Class-Diagram-2025,upload,outcome,1,MAXSCORE,,,,float,single,40,40,
1027500,142146,1,System-Design-Class-Diagram-2025,upload,template,1,RESPONSE_CORRECTRESPONSE_POINTS,,,,float,single,40,40,
1027500,142146,1,System-Design-Class-Diagram-2025,upload,template,1,RESPONSE-ACTION,,,,float,single,correct,40,
1027500,142146,1,System-Design-Class-Diagram-2025,upload,,0,SCORE,,,,float,single,,20,
1027500,142146,1,System-Design-Class-Diagram-2025,upload,,0,MAX_SCORE,,,,float,single,,40,
1027500,142146,1,System-Design-Class-Diagram-2025,upload,,0,COMPLETION_STATUS,,,,identifier,single,,completed,
1027565,153428,1,System-Design-Class-Diagram-2025,upload,response,1,RESPONSE,,,,file,single,,[REDACTED],[]
1027565,153428,1,System-Design-Class-Diagram-2025,upload,outcome,1,SUBSCORE-1,Class Client.,0,1,float,single,,1,
1027565,153428,1,System-Design-Class-Diagram-2025,upload,outcome,1,SUBSCORE-2,Class Project,0,1,float,single,,1,
1027565,153428,1,System-Design-Class-Diagram-2025,upload,outcome,1,SUBSCORE-3,Association: Client commissions Project.,0,1,float,single,,1,
1027565,153428,1,System-Design-Class-Diagram-2025,upload,outcome,1,SUBSCORE-4,Multiplicity: Client commissions 1..* Projects.,0,1,float,single,,1,
1027565,153428,1,System-Design-Class-Diagram-2025,upload,outcome,1,SUBSCORE-5,Multiplicity: Project is commissioned by 1 Client.,0,1,float,single,,1,
1027565,153428,1,System-Design-Class-Diagram-2025,upload,outcome,1,SUBSCORE-6,Class Deliverable.,0,1,float,single,,1,
1027565,153428,1,System-Design-Class-Diagram-2025,upload,outcome,1,SUBSCORE-7,Association: Project has Deliverable.,0,1,float,single,,1,
1027565,153428,1,System-Design-Class-Diagram-2025,upload,outcome,1,SUBSCORE-8,"Multiplicity: Project has * Deliverables. 
(*, 0..* or 1..* accepted).",0,1,float,single,,1,
1027565,153428,1,System-Design-Class-Diagram-2025,upload,outcome,1,SUBSCORE-9,Multiplicity: Deliverable belongs to 1 project.,0,1,float,single,,1,
1027565,153428,1,System-Design-Class-Diagram-2025,upload,outcome,1,SUBSCORE-10,Class Team.,0,1,float,single,,1,
1027565,153428,1,System-Design-Class-Diagram-2025,upload,outcome,1,SUBSCORE-11,Association: Team works on Project.,0,1,float,single,,1,
1027565,153428,1,System-Design-Class-Diagram-2025,upload,outcome,1,SUBSCORE-12,Multiplicity: Team works on 1..* Projects.,0,1,float,single,,1,
1027565,153428,1,System-Design-Class-Diagram-2025,upload,outcome,1,SUBSCORE-13,Multiplicity: Project is handled by 1 Team.,0,1,float,single,,1,
1027565,153428,1,System-Design-Class-Diagram-2025,upload,outcome,1,SUBSCORE-14,"Class Member.
Some students will create a class Profile also and link Member to Profile, this is accepted.",0,1,float,single,,1,
1027565,153428,1,System-Design-Class-Diagram-2025,upload,outcome,1,SUBSCORE-15,Association: Member belongs to Team.,0,1,float,single,,1,
1027565,153428,1,System-Design-Class-Diagram-2025,upload,outcome,1,SUBSCORE-16,"Multiplicity: Member belongs to * Teams.
(*, 0..* or 1..* accepted).",0,1,float,single,,1,
1027565,153428,1,System-Design-Class-Diagram-2025,upload,outcome,1,SUBSCORE-17,"Multiplicity: Team has 1..* Members.
(*, 0..*, 1..* accepted).",0,1,float,single,,1,
1027565,153428,1,System-Design-Class-Diagram-2025,upload,outcome,1,SUBSCORE-18,Association: Member leads Team.,0,1,float,single,,0,
1027565,153428,1,System-Design-Class-Diagram-2025,upload,outcome,1,SUBSCORE-19,Multiplicity: Member leads 0..* Teams.,0,1,float,single,,0,
1027565,153428,1,System-Design-Class-Diagram-2025,upload,outcome,1,SUBSCORE-20,Multiplicity: Team is led by 1 Member.,0,1,float,single,,0,
1027565,153428,1,System-Design-Class-Diagram-2025,upload,outcome,1,SUBSCORE-21,"Association Class: Membership.
This class will sit between Member and Team and will keep track of the role of the Member in the team, the date they joined and when they left the team.
Some students might model this class a Class (not association class), this is accepted.",0,1,float,single,,1,
1027565,153428,1,System-Design-Class-Diagram-2025,upload,outcome,1,SUBSCORE-22,Class Developer.,0,1,float,single,,0,
1027565,153428,1,System-Design-Class-Diagram-2025,upload,outcome,1,SUBSCORE-23,Inheritance: Developer inherits from Member.,0,1,float,single,,0,
1027565,153428,1,System-Design-Class-Diagram-2025,upload,outcome,1,SUBSCORE-24,Class Training.,0,1,float,single,,1,
1027565,153428,1,System-Design-Class-Diagram-2025,upload,outcome,1,SUBSCORE-25,Association: Developer attends Training.,0,1,float,single,,0,
1027565,153428,1,System-Design-Class-Diagram-2025,upload,outcome,1,SUBSCORE-26,"Multiplicity: Developer attends * Trainings.
(*, 0..* or 1..* accepted).",0,1,float,single,,0,
1027565,153428,1,System-Design-Class-Diagram-2025,upload,outcome,1,SUBSCORE-27,"Multiplicity: Training attended by * Developers.
(*, 0..* or 1..* accepted).",0,1,float,single,,0,
1027565,153428,1,System-Design-Class-Diagram-2025,upload,outcome,1,SUBSCORE-28,Class Resource.,0,1,float,single,,1,
1027565,153428,1,System-Design-Class-Diagram-2025,upload,outcome,1,SUBSCORE-29,Association: Project requires Resource.,0,1,float,single,,0,
1027565,153428,1,System-Design-Class-Diagram-2025,upload,outcome,1,SUBSCORE-30,"Multiplicity: Project requires * Resources.
(*, 0..* or 1..* accepted).",0,1,float,single,,0,
1027565,153428,1,System-Design-Class-Diagram-2025,upload,outcome,1,SUBSCORE-31,"Multiplicity: Resource used by 1 Project.
We don't specify whether resources can be shared or not, so if the student models this as * or 1..*, this is also accepted.",0,1,float,single,,0,
1027565,153428,1,System-Design-Class-Diagram-2025,upload,outcome,1,SUBSCORE-32,Association: Member allocates Resource.,0,2,float,single,,2,
1027565,153428,1,System-Design-Class-Diagram-2025,upload,outcome,1,SUBSCORE-33,"Multiplicity: Member allocates * Resources.
(*, 0..* or 1..* accepted).",0,1,float,single,,1,
1027565,153428,1,System-Design-Class-Diagram-2025,upload,outcome,1,SUBSCORE-34,Multiplicity: Resource is allocated by 1 Member.,0,2,float,single,,2,
1027565,153428,1,System-Design-Class-Diagram-2025,upload,outcome,1,SUBSCORE-35,Class Resource Type.,0,1,float,single,,1,
1027565,153428,1,System-Design-Class-Diagram-2025,upload,outcome,1,SUBSCORE-36,Association: Resource belongs to Resource Type.,0,1,float,single,,1,
1027565,153428,1,System-Design-Class-Diagram-2025,upload,outcome,1,SUBSCORE-37,Multiplicity: Resource belongs to 1 Resource Type.,0,1,float,single,,1,
1027565,153428,1,System-Design-Class-Diagram-2025,upload,outcome,1,SUBSCORE-38,"Multiplicity: Resource Type has * Resources.
(*, 0..* or 1..* accepted).",0,1,float,single,,1,
1027565,153428,1,System-Design-Class-Diagram-2025,upload,outcome,1,PASSED,,,,boolean,single,0,false,
1027565,153428,1,System-Design-Class-Diagram-2025,upload,outcome,1,MAXSCORE,,,,float,single,40,40,
1027565,153428,1,System-Design-Class-Diagram-2025,upload,template,1,RESPONSE_CORRECTRESPONSE_POINTS,,,,float,single,40,40,
1027565,153428,1,System-Design-Class-Diagram-2025,upload,template,1,RESPONSE-ACTION,,,,float,single,correct,40,
1027565,153428,1,System-Design-Class-Diagram-2025,upload,,0,SCORE,,,,float,single,,29,
1027565,153428,1,System-Design-Class-Diagram-2025,upload,,0,MAX_SCORE,,,,float,single,,40,
1027565,153428,1,System-Design-Class-Diagram-2025,upload,,0,COMPLETION_STATUS,,,,identifier,single,,completed,
1027505,152716,1,System-Design-Class-Diagram-2025,upload,response,1,RESPONSE,,,,file,single,,[REDACTED],[]
1027505,152716,1,System-Design-Class-Diagram-2025,upload,outcome,1,SUBSCORE-1,Class Client.,0,1,float,single,,1,
1027505,152716,1,System-Design-Class-Diagram-2025,upload,outcome,1,SUBSCORE-2,Class Project,0,1,float,single,,1,
1027505,152716,1,System-Design-Class-Diagram-2025,upload,outcome,1,SUBSCORE-3,Association: Client commissions Project.,0,1,float,single,,0.5,
1027505,152716,1,System-Design-Class-Diagram-2025,upload,outcome,1,SUBSCORE-4,Multiplicity: Client commissions 1..* Projects.,0,1,float,single,,1,
1027505,152716,1,System-Design-Class-Diagram-2025,upload,outcome,1,SUBSCORE-5,Multiplicity: Project is commissioned by 1 Client.,0,1,float,single,,1,
1027505,152716,1,System-Design-Class-Diagram-2025,upload,outcome,1,SUBSCORE-6,Class Deliverable.,0,1,float,single,,1,
1027505,152716,1,System-Design-Class-Diagram-2025,upload,outcome,1,SUBSCORE-7,Association: Project has Deliverable.,0,1,float,single,,0.5,
1027505,152716,1,System-Design-Class-Diagram-2025,upload,outcome,1,SUBSCORE-8,"Multiplicity: Project has * Deliverables. 
(*, 0..* or 1..* accepted).",0,1,float,single,,1,
1027505,152716,1,System-Design-Class-Diagram-2025,upload,outcome,1,SUBSCORE-9,Multiplicity: Deliverable belongs to 1 project.,0,1,float,single,,1,
1027505,152716,1,System-Design-Class-Diagram-2025,upload,outcome,1,SUBSCORE-10,Class Team.,0,1,float,single,,1,
1027505,152716,1,System-Design-Class-Diagram-2025,upload,outcome,1,SUBSCORE-11,Association: Team works on Project.,0,1,float,single,,0.5,
1027505,152716,1,System-Design-Class-Diagram-2025,upload,outcome,1,SUBSCORE-12,Multiplicity: Team works on 1..* Projects.,0,1,float,single,,1,
1027505,152716,1,System-Design-Class-Diagram-2025,upload,outcome,1,SUBSCORE-13,Multiplicity: Project is handled by 1 Team.,0,1,float,single,,1,
1027505,152716,1,System-Design-Class-Diagram-2025,upload,outcome,1,SUBSCORE-14,"Class Member.
Some students will create a class Profile also and link Member to Profile, this is accepted.",0,1,float,single,,1,
1027505,152716,1,System-Design-Class-Diagram-2025,upload,outcome,1,SUBSCORE-15,Association: Member belongs to Team.,0,1,float,single,,0.5,
1027505,152716,1,System-Design-Class-Diagram-2025,upload,outcome,1,SUBSCORE-16,"Multiplicity: Member belongs to * Teams.
(*, 0..* or 1..* accepted).",0,1,float,single,,1,
1027505,152716,1,System-Design-Class-Diagram-2025,upload,outcome,1,SUBSCORE-17,"Multiplicity: Team has 1..* Members.
(*, 0..*, 1..* accepted).",0,1,float,single,,1,
1027505,152716,1,System-Design-Class-Diagram-2025,upload,outcome,1,SUBSCORE-18,Association: Member leads Team.,0,1,float,single,,1,
1027505,152716,1,System-Design-Class-Diagram-2025,upload,outcome,1,SUBSCORE-19,Multiplicity: Member leads 0..* Teams.,0,1,float,single,,0,
1027505,152716,1,System-Design-Class-Diagram-2025,upload,outcome,1,SUBSCORE-20,Multiplicity: Team is led by 1 Member.,0,1,float,single,,1,
1027505,152716,1,System-Design-Class-Diagram-2025,upload,outcome,1,SUBSCORE-21,"Association Class: Membership.
This class will sit between Member and Team and will keep track of the role of the Member in the team, the date they joined and when they left the team.
Some students might model this class a Class (not association class), this is accepted.",0,1,float,single,,0,
1027505,152716,1,System-Design-Class-Diagram-2025,upload,outcome,1,SUBSCORE-22,Class Developer.,0,1,float,single,,0,
1027505,152716,1,System-Design-Class-Diagram-2025,upload,outcome,1,SUBSCORE-23,Inheritance: Developer inherits from Member.,0,1,float,single,,0,
1027505,152716,1,System-Design-Class-Diagram-2025,upload,outcome,1,SUBSCORE-24,Class Training.,0,1,float,single,,1,
1027505,152716,1,System-Design-Class-Diagram-2025,upload,outcome,1,SUBSCORE-25,Association: Developer attends Training.,0,1,float,single,,0,
1027505,152716,1,System-Design-Class-Diagram-2025,upload,outcome,1,SUBSCORE-26,"Multiplicity: Developer attends * Trainings.
(*, 0..* or 1..* accepted).",0,1,float,single,,0,
1027505,152716,1,System-Design-Class-Diagram-2025,upload,outcome,1,SUBSCORE-27,"Multiplicity: Training attended by * Developers.
(*, 0..* or 1..* accepted).",0,1,float,single,,0,
1027505,152716,1,System-Design-Class-Diagram-2025,upload,outcome,1,SUBSCORE-28,Class Resource.,0,1,float,single,,1,
1027505,152716,1,System-Design-Class-Diagram-2025,upload,outcome,1,SUBSCORE-29,Association: Project requires Resource.,0,1,float,single,,0.5,
1027505,152716,1,System-Design-Class-Diagram-2025,upload,outcome,1,SUBSCORE-30,"Multiplicity: Project requires * Resources.
(*, 0..* or 1..* accepted).",0,1,float,single,,1,
1027505,152716,1,System-Design-Class-Diagram-2025,upload,outcome,1,SUBSCORE-31,"Multiplicity: Resource used by 1 Project.
We don't specify whether resources can be shared or not, so if the student models this as * or 1..*, this is also accepted.",0,1,float,single,,1,
1027505,152716,1,System-Design-Class-Diagram-2025,upload,outcome,1,SUBSCORE-32,Association: Member allocates Resource.,0,2,float,single,,0,
1027505,152716,1,System-Design-Class-Diagram-2025,upload,outcome,1,SUBSCORE-33,"Multiplicity: Member allocates * Resources.
(*, 0..* or 1..* accepted).",0,1,float,single,,0,
1027505,152716,1,System-Design-Class-Diagram-2025,upload,outcome,1,SUBSCORE-34,Multiplicity: Resource is allocated by 1 Member.,0,2,float,single,,0,
1027505,152716,1,System-Design-Class-Diagram-2025,upload,outcome,1,SUBSCORE-35,Class Resource Type.,0,1,float,single,,0,
1027505,152716,1,System-Design-Class-Diagram-2025,upload,outcome,1,SUBSCORE-36,Association: Resource belongs to Resource Type.,0,1,float,single,,0,
1027505,152716,1,System-Design-Class-Diagram-2025,upload,outcome,1,SUBSCORE-37,Multiplicity: Resource belongs to 1 Resource Type.,0,1,float,single,,0,
1027505,152716,1,System-Design-Class-Diagram-2025,upload,outcome,1,SUBSCORE-38,"Multiplicity: Resource Type has * Resources.
(*, 0..* or 1..* accepted).",0,1,float,single,,0,
1027505,152716,1,System-Design-Class-Diagram-2025,upload,outcome,1,PASSED,,,,boolean,single,0,false,
1027505,152716,1,System-Design-Class-Diagram-2025,upload,outcome,1,MAXSCORE,,,,float,single,40,40,
1027505,152716,1,System-Design-Class-Diagram-2025,upload,template,1,RESPONSE_CORRECTRESPONSE_POINTS,,,,float,single,40,40,
1027505,152716,1,System-Design-Class-Diagram-2025,upload,template,1,RESPONSE-ACTION,,,,float,single,correct,40,
1027505,152716,1,System-Design-Class-Diagram-2025,upload,,0,SCORE,,,,float,single,,21.5,
1027505,152716,1,System-Design-Class-Diagram-2025,upload,,0,MAX_SCORE,,,,float,single,,40,
1027505,152716,1,System-Design-Class-Diagram-2025,upload,,0,COMPLETION_STATUS,,,,identifier,single,,completed,
1027406,153590,1,System-Design-Class-Diagram-2025,upload,response,1,RESPONSE,,,,file,single,,[REDACTED],[]
1027406,153590,1,System-Design-Class-Diagram-2025,upload,outcome,1,SUBSCORE-1,Class Client.,0,1,float,single,,1,
1027406,153590,1,System-Design-Class-Diagram-2025,upload,outcome,1,SUBSCORE-2,Class Project,0,1,float,single,,1,
1027406,153590,1,System-Design-Class-Diagram-2025,upload,outcome,1,SUBSCORE-3,Association: Client commissions Project.,0,1,float,single,,0.5,
1027406,153590,1,System-Design-Class-Diagram-2025,upload,outcome,1,SUBSCORE-4,Multiplicity: Client commissions 1..* Projects.,0,1,float,single,,1,
1027406,153590,1,System-Design-Class-Diagram-2025,upload,outcome,1,SUBSCORE-5,Multiplicity: Project is commissioned by 1 Client.,0,1,float,single,,1,
1027406,153590,1,System-Design-Class-Diagram-2025,upload,outcome,1,SUBSCORE-6,Class Deliverable.,0,1,float,single,,1,
1027406,153590,1,System-Design-Class-Diagram-2025,upload,outcome,1,SUBSCORE-7,Association: Project has Deliverable.,0,1,float,single,,0.5,
1027406,153590,1,System-Design-Class-Diagram-2025,upload,outcome,1,SUBSCORE-8,"Multiplicity: Project has * Deliverables. 
(*, 0..* or 1..* accepted).",0,1,float,single,,0,
1027406,153590,1,System-Design-Class-Diagram-2025,upload,outcome,1,SUBSCORE-9,Multiplicity: Deliverable belongs to 1 project.,0,1,float,single,,0,
1027406,153590,1,System-Design-Class-Diagram-2025,upload,outcome,1,SUBSCORE-10,Class Team.,0,1,float,single,,1,
1027406,153590,1,System-Design-Class-Diagram-2025,upload,outcome,1,SUBSCORE-11,Association: Team works on Project.,0,1,float,single,,0.5,
1027406,153590,1,System-Design-Class-Diagram-2025,upload,outcome,1,SUBSCORE-12,Multiplicity: Team works on 1..* Projects.,0,1,float,single,,0,
1027406,153590,1,System-Design-Class-Diagram-2025,upload,outcome,1,SUBSCORE-13,Multiplicity: Project is handled by 1 Team.,0,1,float,single,,0,
1027406,153590,1,System-Design-Class-Diagram-2025,upload,outcome,1,SUBSCORE-14,"Class Member.
Some students will create a class Profile also and link Member to Profile, this is accepted.",0,1,float,single,,1,
1027406,153590,1,System-Design-Class-Diagram-2025,upload,outcome,1,SUBSCORE-15,Association: Member belongs to Team.,0,1,float,single,,0.5,
1027406,153590,1,System-Design-Class-Diagram-2025,upload,outcome,1,SUBSCORE-16,"Multiplicity: Member belongs to * Teams.
(*, 0..* or 1..* accepted).",0,1,float,single,,1,
1027406,153590,1,System-Design-Class-Diagram-2025,upload,outcome,1,SUBSCORE-17,"Multiplicity: Team has 1..* Members.
(*, 0..*, 1..* accepted).",0,1,float,single,,1,
1027406,153590,1,System-Design-Class-Diagram-2025,upload,outcome,1,SUBSCORE-18,Association: Member leads Team.,0,1,float,single,,0,
1027406,153590,1,System-Design-Class-Diagram-2025,upload,outcome,1,SUBSCORE-19,Multiplicity: Member leads 0..* Teams.,0,1,float,single,,0,
1027406,153590,1,System-Design-Class-Diagram-2025,upload,outcome,1,SUBSCORE-20,Multiplicity: Team is led by 1 Member.,0,1,float,single,,0.5,
1027406,153590,1,System-Design-Class-Diagram-2025,upload,outcome,1,SUBSCORE-21,"Association Class: Membership.
This class will sit between Member and Team and will keep track of the role of the Member in the team, the date they joined and when they left the team.
Some students might model this class a Class (not association class), this is accepted.",0,1,float,single,,0.5,
1027406,153590,1,System-Design-Class-Diagram-2025,upload,outcome,1,SUBSCORE-22,Class Developer.,0,1,float,single,,1,
1027406,153590,1,System-Design-Class-Diagram-2025,upload,outcome,1,SUBSCORE-23,Inheritance: Developer inherits from Member.,0,1,float,single,,0,
1027406,153590,1,System-Design-Class-Diagram-2025,upload,outcome,1,SUBSCORE-24,Class Training.,0,1,float,single,,1,
1027406,153590,1,System-Design-Class-Diagram-2025,upload,outcome,1,SUBSCORE-25,Association: Developer attends Training.,0,1,float,single,,0.5,
1027406,153590,1,System-Design-Class-Diagram-2025,upload,outcome,1,SUBSCORE-26,"Multiplicity: Developer attends * Trainings.
(*, 0..* or 1..* accepted).",0,1,float,single,,1,
1027406,153590,1,System-Design-Class-Diagram-2025,upload,outcome,1,SUBSCORE-27,"Multiplicity: Training attended by * Developers.
(*, 0..* or 1..* accepted).",0,1,float,single,,1,
1027406,153590,1,System-Design-Class-Diagram-2025,upload,outcome,1,SUBSCORE-28,Class Resource.,0,1,float,single,,1,
1027406,153590,1,System-Design-Class-Diagram-2025,upload,outcome,1,SUBSCORE-29,Association: Project requires Resource.,0,1,float,single,,0.5,
1027406,153590,1,System-Design-Class-Diagram-2025,upload,outcome,1,SUBSCORE-30,"Multiplicity: Project requires * Resources.
(*, 0..* or 1..* accepted).",0,1,float,single,,1,
1027406,153590,1,System-Design-Class-Diagram-2025,upload,outcome,1,SUBSCORE-31,"Multiplicity: Resource used by 1 Project.
We don't specify whether resources can be shared or not, so if the student models this as * or 1..*, this is also accepted.",0,1,float,single,,1,
1027406,153590,1,System-Design-Class-Diagram-2025,upload,outcome,1,SUBSCORE-32,Association: Member allocates Resource.,0,2,float,single,,1,
1027406,153590,1,System-Design-Class-Diagram-2025,upload,outcome,1,SUBSCORE-33,"Multiplicity: Member allocates * Resources.
(*, 0..* or 1..* accepted).",0,1,float,single,,0,
1027406,153590,1,System-Design-Class-Diagram-2025,upload,outcome,1,SUBSCORE-34,Multiplicity: Resource is allocated by 1 Member.,0,2,float,single,,0,
1027406,153590,1,System-Design-Class-Diagram-2025,upload,outcome,1,SUBSCORE-35,Class Resource Type.,0,1,float,single,,1,
1027406,153590,1,System-Design-Class-Diagram-2025,upload,outcome,1,SUBSCORE-36,Association: Resource belongs to Resource Type.,0,1,float,single,,0.5,
1027406,153590,1,System-Design-Class-Diagram-2025,upload,outcome,1,SUBSCORE-37,Multiplicity: Resource belongs to 1 Resource Type.,0,1,float,single,,1,
1027406,153590,1,System-Design-Class-Diagram-2025,upload,outcome,1,SUBSCORE-38,"Multiplicity: Resource Type has * Resources.
(*, 0..* or 1..* accepted).",0,1,float,single,,0,
1027406,153590,1,System-Design-Class-Diagram-2025,upload,outcome,1,PASSED,,,,boolean,single,0,false,
1027406,153590,1,System-Design-Class-Diagram-2025,upload,outcome,1,MAXSCORE,,,,float,single,40,40,
1027406,153590,1,System-Design-Class-Diagram-2025,upload,template,1,RESPONSE_CORRECTRESPONSE_POINTS,,,,float,single,40,40,
1027406,153590,1,System-Design-Class-Diagram-2025,upload,template,1,RESPONSE-ACTION,,,,float,single,correct,40,
1027406,153590,1,System-Design-Class-Diagram-2025,upload,,0,SCORE,,,,float,single,,23.5,
1027406,153590,1,System-Design-Class-Diagram-2025,upload,,0,MAX_SCORE,,,,float,single,,40,
1027406,153590,1,System-Design-Class-Diagram-2025,upload,,0,COMPLETION_STATUS,,,,identifier,single,,completed,
1027647,127253,1,System-Design-Class-Diagram-2025,upload,response,1,RESPONSE,,,,file,single,,[REDACTED],[]
1027647,127253,1,System-Design-Class-Diagram-2025,upload,outcome,1,SUBSCORE-1,Class Client.,0,1,float,single,,1,
1027647,127253,1,System-Design-Class-Diagram-2025,upload,outcome,1,SUBSCORE-2,Class Project,0,1,float,single,,1,
1027647,127253,1,System-Design-Class-Diagram-2025,upload,outcome,1,SUBSCORE-3,Association: Client commissions Project.,0,1,float,single,,1,
1027647,127253,1,System-Design-Class-Diagram-2025,upload,outcome,1,SUBSCORE-4,Multiplicity: Client commissions 1..* Projects.,0,1,float,single,,1,
1027647,127253,1,System-Design-Class-Diagram-2025,upload,outcome,1,SUBSCORE-5,Multiplicity: Project is commissioned by 1 Client.,0,1,float,single,,1,
1027647,127253,1,System-Design-Class-Diagram-2025,upload,outcome,1,SUBSCORE-6,Class Deliverable.,0,1,float,single,,1,
1027647,127253,1,System-Design-Class-Diagram-2025,upload,outcome,1,SUBSCORE-7,Association: Project has Deliverable.,0,1,float,single,,1,
1027647,127253,1,System-Design-Class-Diagram-2025,upload,outcome,1,SUBSCORE-8,"Multiplicity: Project has * Deliverables. 
(*, 0..* or 1..* accepted).",0,1,float,single,,1,
1027647,127253,1,System-Design-Class-Diagram-2025,upload,outcome,1,SUBSCORE-9,Multiplicity: Deliverable belongs to 1 project.,0,1,float,single,,1,
1027647,127253,1,System-Design-Class-Diagram-2025,upload,outcome,1,SUBSCORE-10,Class Team.,0,1,float,single,,1,
1027647,127253,1,System-Design-Class-Diagram-2025,upload,outcome,1,SUBSCORE-11,Association: Team works on Project.,0,1,float,single,,1,
1027647,127253,1,System-Design-Class-Diagram-2025,upload,outcome,1,SUBSCORE-12,Multiplicity: Team works on 1..* Projects.,0,1,float,single,,1,
1027647,127253,1,System-Design-Class-Diagram-2025,upload,outcome,1,SUBSCORE-13,Multiplicity: Project is handled by 1 Team.,0,1,float,single,,1,
1027647,127253,1,System-Design-Class-Diagram-2025,upload,outcome,1,SUBSCORE-14,"Class Member.
Some students will create a class Profile also and link Member to Profile, this is accepted.",0,1,float,single,,1,
1027647,127253,1,System-Design-Class-Diagram-2025,upload,outcome,1,SUBSCORE-15,Association: Member belongs to Team.,0,1,float,single,,1,
1027647,127253,1,System-Design-Class-Diagram-2025,upload,outcome,1,SUBSCORE-16,"Multiplicity: Member belongs to * Teams.
(*, 0..* or 1..* accepted).",0,1,float,single,,1,
1027647,127253,1,System-Design-Class-Diagram-2025,upload,outcome,1,SUBSCORE-17,"Multiplicity: Team has 1..* Members.
(*, 0..*, 1..* accepted).",0,1,float,single,,1,
1027647,127253,1,System-Design-Class-Diagram-2025,upload,outcome,1,SUBSCORE-18,Association: Member leads Team.,0,1,float,single,,0,
1027647,127253,1,System-Design-Class-Diagram-2025,upload,outcome,1,SUBSCORE-19,Multiplicity: Member leads 0..* Teams.,0,1,float,single,,0,
1027647,127253,1,System-Design-Class-Diagram-2025,upload,outcome,1,SUBSCORE-20,Multiplicity: Team is led by 1 Member.,0,1,float,single,,0,
1027647,127253,1,System-Design-Class-Diagram-2025,upload,outcome,1,SUBSCORE-21,"Association Class: Membership.
This class will sit between Member and Team and will keep track of the role of the Member in the team, the date they joined and when they left the team.
Some students might model this class a Class (not association class), this is accepted.",0,1,float,single,,1,
1027647,127253,1,System-Design-Class-Diagram-2025,upload,outcome,1,SUBSCORE-22,Class Developer.,0,1,float,single,,1,
1027647,127253,1,System-Design-Class-Diagram-2025,upload,outcome,1,SUBSCORE-23,Inheritance: Developer inherits from Member.,0,1,float,single,,1,
1027647,127253,1,System-Design-Class-Diagram-2025,upload,outcome,1,SUBSCORE-24,Class Training.,0,1,float,single,,1,
1027647,127253,1,System-Design-Class-Diagram-2025,upload,outcome,1,SUBSCORE-25,Association: Developer attends Training.,0,1,float,single,,1,
1027647,127253,1,System-Design-Class-Diagram-2025,upload,outcome,1,SUBSCORE-26,"Multiplicity: Developer attends * Trainings.
(*, 0..* or 1..* accepted).",0,1,float,single,,1,
1027647,127253,1,System-Design-Class-Diagram-2025,upload,outcome,1,SUBSCORE-27,"Multiplicity: Training attended by * Developers.
(*, 0..* or 1..* accepted).",0,1,float,single,,1,
1027647,127253,1,System-Design-Class-Diagram-2025,upload,outcome,1,SUBSCORE-28,Class Resource.,0,1,float,single,,1,
1027647,127253,1,System-Design-Class-Diagram-2025,upload,outcome,1,SUBSCORE-29,Association: Project requires Resource.,0,1,float,single,,0.5,
1027647,127253,1,System-Design-Class-Diagram-2025,upload,outcome,1,SUBSCORE-30,"Multiplicity: Project requires * Resources.
(*, 0..* or 1..* accepted).",0,1,float,single,,1,
1027647,127253,1,System-Design-Class-Diagram-2025,upload,outcome,1,SUBSCORE-31,"Multiplicity: Resource used by 1 Project.
We don't specify whether resources can be shared or not, so if the student models this as * or 1..*, this is also accepted.",0,1,float,single,,1,
1027647,127253,1,System-Design-Class-Diagram-2025,upload,outcome,1,SUBSCORE-32,Association: Member allocates Resource.,0,2,float,single,,1,
1027647,127253,1,System-Design-Class-Diagram-2025,upload,outcome,1,SUBSCORE-33,"Multiplicity: Member allocates * Resources.
(*, 0..* or 1..* accepted).",0,1,float,single,,0,
1027647,127253,1,System-Design-Class-Diagram-2025,upload,outcome,1,SUBSCORE-34,Multiplicity: Resource is allocated by 1 Member.,0,2,float,single,,2,
1027647,127253,1,System-Design-Class-Diagram-2025,upload,outcome,1,SUBSCORE-35,Class Resource Type.,0,1,float,single,,1,
1027647,127253,1,System-Design-Class-Diagram-2025,upload,outcome,1,SUBSCORE-36,Association: Resource belongs to Resource Type.,0,1,float,single,,1,
1027647,127253,1,System-Design-Class-Diagram-2025,upload,outcome,1,SUBSCORE-37,Multiplicity: Resource belongs to 1 Resource Type.,0,1,float,single,,1,
1027647,127253,1,System-Design-Class-Diagram-2025,upload,outcome,1,SUBSCORE-38,"Multiplicity: Resource Type has * Resources.
(*, 0..* or 1..* accepted).",0,1,float,single,,1,
1027647,127253,1,System-Design-Class-Diagram-2025,upload,outcome,1,PASSED,,,,boolean,single,0,false,
1027647,127253,1,System-Design-Class-Diagram-2025,upload,outcome,1,MAXSCORE,,,,float,single,40,40,
1027647,127253,1,System-Design-Class-Diagram-2025,upload,template,1,RESPONSE_CORRECTRESPONSE_POINTS,,,,float,single,40,40,
1027647,127253,1,System-Design-Class-Diagram-2025,upload,template,1,RESPONSE-ACTION,,,,float,single,correct,40,
1027647,127253,1,System-Design-Class-Diagram-2025,upload,,0,SCORE,,,,float,single,,34.5,
1027647,127253,1,System-Design-Class-Diagram-2025,upload,,0,MAX_SCORE,,,,float,single,,40,
1027647,127253,1,System-Design-Class-Diagram-2025,upload,,0,COMPLETION_STATUS,,,,identifier,single,,completed,
1027610,124558,1,System-Design-Class-Diagram-2025,upload,response,1,RESPONSE,,,,file,single,,[REDACTED],[]
1027610,124558,1,System-Design-Class-Diagram-2025,upload,outcome,1,SUBSCORE-1,Class Client.,0,1,float,single,,1,
1027610,124558,1,System-Design-Class-Diagram-2025,upload,outcome,1,SUBSCORE-2,Class Project,0,1,float,single,,1,
1027610,124558,1,System-Design-Class-Diagram-2025,upload,outcome,1,SUBSCORE-3,Association: Client commissions Project.,0,1,float,single,,1,
1027610,124558,1,System-Design-Class-Diagram-2025,upload,outcome,1,SUBSCORE-4,Multiplicity: Client commissions 1..* Projects.,0,1,float,single,,1,
1027610,124558,1,System-Design-Class-Diagram-2025,upload,outcome,1,SUBSCORE-5,Multiplicity: Project is commissioned by 1 Client.,0,1,float,single,,1,
1027610,124558,1,System-Design-Class-Diagram-2025,upload,outcome,1,SUBSCORE-6,Class Deliverable.,0,1,float,single,,1,
1027610,124558,1,System-Design-Class-Diagram-2025,upload,outcome,1,SUBSCORE-7,Association: Project has Deliverable.,0,1,float,single,,1,
1027610,124558,1,System-Design-Class-Diagram-2025,upload,outcome,1,SUBSCORE-8,"Multiplicity: Project has * Deliverables. 
(*, 0..* or 1..* accepted).",0,1,float,single,,1,
1027610,124558,1,System-Design-Class-Diagram-2025,upload,outcome,1,SUBSCORE-9,Multiplicity: Deliverable belongs to 1 project.,0,1,float,single,,1,
1027610,124558,1,System-Design-Class-Diagram-2025,upload,outcome,1,SUBSCORE-10,Class Team.,0,1,float,single,,1,
1027610,124558,1,System-Design-Class-Diagram-2025,upload,outcome,1,SUBSCORE-11,Association: Team works on Project.,0,1,float,single,,1,
1027610,124558,1,System-Design-Class-Diagram-2025,upload,outcome,1,SUBSCORE-12,Multiplicity: Team works on 1..* Projects.,0,1,float,single,,1,
1027610,124558,1,System-Design-Class-Diagram-2025,upload,outcome,1,SUBSCORE-13,Multiplicity: Project is handled by 1 Team.,0,1,float,single,,1,
1027610,124558,1,System-Design-Class-Diagram-2025,upload,outcome,1,SUBSCORE-14,"Class Member.
Some students will create a class Profile also and link Member to Profile, this is accepted.",0,1,float,single,,1,
1027610,124558,1,System-Design-Class-Diagram-2025,upload,outcome,1,SUBSCORE-15,Association: Member belongs to Team.,0,1,float,single,,1,
1027610,124558,1,System-Design-Class-Diagram-2025,upload,outcome,1,SUBSCORE-16,"Multiplicity: Member belongs to * Teams.
(*, 0..* or 1..* accepted).",0,1,float,single,,1,
1027610,124558,1,System-Design-Class-Diagram-2025,upload,outcome,1,SUBSCORE-17,"Multiplicity: Team has 1..* Members.
(*, 0..*, 1..* accepted).",0,1,float,single,,1,
1027610,124558,1,System-Design-Class-Diagram-2025,upload,outcome,1,SUBSCORE-18,Association: Member leads Team.,0,1,float,single,,0,
1027610,124558,1,System-Design-Class-Diagram-2025,upload,outcome,1,SUBSCORE-19,Multiplicity: Member leads 0..* Teams.,0,1,float,single,,0,
1027610,124558,1,System-Design-Class-Diagram-2025,upload,outcome,1,SUBSCORE-20,Multiplicity: Team is led by 1 Member.,0,1,float,single,,0,
1027610,124558,1,System-Design-Class-Diagram-2025,upload,outcome,1,SUBSCORE-21,"Association Class: Membership.
This class will sit between Member and Team and will keep track of the role of the Member in the team, the date they joined and when they left the team.
Some students might model this class a Class (not association class), this is accepted.",0,1,float,single,,1,
1027610,124558,1,System-Design-Class-Diagram-2025,upload,outcome,1,SUBSCORE-22,Class Developer.,0,1,float,single,,1,
1027610,124558,1,System-Design-Class-Diagram-2025,upload,outcome,1,SUBSCORE-23,Inheritance: Developer inherits from Member.,0,1,float,single,,1,
1027610,124558,1,System-Design-Class-Diagram-2025,upload,outcome,1,SUBSCORE-24,Class Training.,0,1,float,single,,1,
1027610,124558,1,System-Design-Class-Diagram-2025,upload,outcome,1,SUBSCORE-25,Association: Developer attends Training.,0,1,float,single,,1,
1027610,124558,1,System-Design-Class-Diagram-2025,upload,outcome,1,SUBSCORE-26,"Multiplicity: Developer attends * Trainings.
(*, 0..* or 1..* accepted).",0,1,float,single,,1,
1027610,124558,1,System-Design-Class-Diagram-2025,upload,outcome,1,SUBSCORE-27,"Multiplicity: Training attended by * Developers.
(*, 0..* or 1..* accepted).",0,1,float,single,,1,
1027610,124558,1,System-Design-Class-Diagram-2025,upload,outcome,1,SUBSCORE-28,Class Resource.,0,1,float,single,,1,
1027610,124558,1,System-Design-Class-Diagram-2025,upload,outcome,1,SUBSCORE-29,Association: Project requires Resource.,0,1,float,single,,1,
1027610,124558,1,System-Design-Class-Diagram-2025,upload,outcome,1,SUBSCORE-30,"Multiplicity: Project requires * Resources.
(*, 0..* or 1..* accepted).",0,1,float,single,,1,
1027610,124558,1,System-Design-Class-Diagram-2025,upload,outcome,1,SUBSCORE-31,"Multiplicity: Resource used by 1 Project.
We don't specify whether resources can be shared or not, so if the student models this as * or 1..*, this is also accepted.",0,1,float,single,,1,
1027610,124558,1,System-Design-Class-Diagram-2025,upload,outcome,1,SUBSCORE-32,Association: Member allocates Resource.,0,2,float,single,,0,
1027610,124558,1,System-Design-Class-Diagram-2025,upload,outcome,1,SUBSCORE-33,"Multiplicity: Member allocates * Resources.
(*, 0..* or 1..* accepted).",0,1,float,single,,0,
1027610,124558,1,System-Design-Class-Diagram-2025,upload,outcome,1,SUBSCORE-34,Multiplicity: Resource is allocated by 1 Member.,0,2,float,single,,0,
1027610,124558,1,System-Design-Class-Diagram-2025,upload,outcome,1,SUBSCORE-35,Class Resource Type.,0,1,float,single,,0,
1027610,124558,1,System-Design-Class-Diagram-2025,upload,outcome,1,SUBSCORE-36,Association: Resource belongs to Resource Type.,0,1,float,single,,0,
1027610,124558,1,System-Design-Class-Diagram-2025,upload,outcome,1,SUBSCORE-37,Multiplicity: Resource belongs to 1 Resource Type.,0,1,float,single,,0,
1027610,124558,1,System-Design-Class-Diagram-2025,upload,outcome,1,SUBSCORE-38,"Multiplicity: Resource Type has * Resources.
(*, 0..* or 1..* accepted).",0,1,float,single,,0,
1027610,124558,1,System-Design-Class-Diagram-2025,upload,outcome,1,PASSED,,,,boolean,single,0,false,
1027610,124558,1,System-Design-Class-Diagram-2025,upload,outcome,1,MAXSCORE,,,,float,single,40,40,
1027610,124558,1,System-Design-Class-Diagram-2025,upload,template,1,RESPONSE_CORRECTRESPONSE_POINTS,,,,float,single,40,40,
1027610,124558,1,System-Design-Class-Diagram-2025,upload,template,1,RESPONSE-ACTION,,,,float,single,correct,40,
1027610,124558,1,System-Design-Class-Diagram-2025,upload,,0,SCORE,,,,float,single,,28,
1027610,124558,1,System-Design-Class-Diagram-2025,upload,,0,MAX_SCORE,,,,float,single,,40,
1027610,124558,1,System-Design-Class-Diagram-2025,upload,,0,COMPLETION_STATUS,,,,identifier,single,,completed,
1027622,98389,1,System-Design-Class-Diagram-2025,upload,response,1,RESPONSE,,,,file,single,,[REDACTED],[]
1027622,98389,1,System-Design-Class-Diagram-2025,upload,outcome,1,SUBSCORE-1,Class Client.,0,1,float,single,,1,
1027622,98389,1,System-Design-Class-Diagram-2025,upload,outcome,1,SUBSCORE-2,Class Project,0,1,float,single,,1,
1027622,98389,1,System-Design-Class-Diagram-2025,upload,outcome,1,SUBSCORE-3,Association: Client commissions Project.,0,1,float,single,,1,
1027622,98389,1,System-Design-Class-Diagram-2025,upload,outcome,1,SUBSCORE-4,Multiplicity: Client commissions 1..* Projects.,0,1,float,single,,1,
1027622,98389,1,System-Design-Class-Diagram-2025,upload,outcome,1,SUBSCORE-5,Multiplicity: Project is commissioned by 1 Client.,0,1,float,single,,0,
1027622,98389,1,System-Design-Class-Diagram-2025,upload,outcome,1,SUBSCORE-6,Class Deliverable.,0,1,float,single,,0,
1027622,98389,1,System-Design-Class-Diagram-2025,upload,outcome,1,SUBSCORE-7,Association: Project has Deliverable.,0,1,float,single,,0,
1027622,98389,1,System-Design-Class-Diagram-2025,upload,outcome,1,SUBSCORE-8,"Multiplicity: Project has * Deliverables. 
(*, 0..* or 1..* accepted).",0,1,float,single,,0,
1027622,98389,1,System-Design-Class-Diagram-2025,upload,outcome,1,SUBSCORE-9,Multiplicity: Deliverable belongs to 1 project.,0,1,float,single,,0,
1027622,98389,1,System-Design-Class-Diagram-2025,upload,outcome,1,SUBSCORE-10,Class Team.,0,1,float,single,,1,
1027622,98389,1,System-Design-Class-Diagram-2025,upload,outcome,1,SUBSCORE-11,Association: Team works on Project.,0,1,float,single,,1,
1027622,98389,1,System-Design-Class-Diagram-2025,upload,outcome,1,SUBSCORE-12,Multiplicity: Team works on 1..* Projects.,0,1,float,single,,0,
1027622,98389,1,System-Design-Class-Diagram-2025,upload,outcome,1,SUBSCORE-13,Multiplicity: Project is handled by 1 Team.,0,1,float,single,,1,
1027622,98389,1,System-Design-Class-Diagram-2025,upload,outcome,1,SUBSCORE-14,"Class Member.
Some students will create a class Profile also and link Member to Profile, this is accepted.",0,1,float,single,,1,
1027622,98389,1,System-Design-Class-Diagram-2025,upload,outcome,1,SUBSCORE-15,Association: Member belongs to Team.,0,1,float,single,,1,
1027622,98389,1,System-Design-Class-Diagram-2025,upload,outcome,1,SUBSCORE-16,"Multiplicity: Member belongs to * Teams.
(*, 0..* or 1..* accepted).",0,1,float,single,,1,
1027622,98389,1,System-Design-Class-Diagram-2025,upload,outcome,1,SUBSCORE-17,"Multiplicity: Team has 1..* Members.
(*, 0..*, 1..* accepted).",0,1,float,single,,1,
1027622,98389,1,System-Design-Class-Diagram-2025,upload,outcome,1,SUBSCORE-18,Association: Member leads Team.,0,1,float,single,,0,
1027622,98389,1,System-Design-Class-Diagram-2025,upload,outcome,1,SUBSCORE-19,Multiplicity: Member leads 0..* Teams.,0,1,float,single,,0,
1027622,98389,1,System-Design-Class-Diagram-2025,upload,outcome,1,SUBSCORE-20,Multiplicity: Team is led by 1 Member.,0,1,float,single,,0,
1027622,98389,1,System-Design-Class-Diagram-2025,upload,outcome,1,SUBSCORE-21,"Association Class: Membership.
This class will sit between Member and Team and will keep track of the role of the Member in the team, the date they joined and when they left the team.
Some students might model this class a Class (not association class), this is accepted.",0,1,float,single,,0,
1027622,98389,1,System-Design-Class-Diagram-2025,upload,outcome,1,SUBSCORE-22,Class Developer.,0,1,float,single,,0,
1027622,98389,1,System-Design-Class-Diagram-2025,upload,outcome,1,SUBSCORE-23,Inheritance: Developer inherits from Member.,0,1,float,single,,0,
1027622,98389,1,System-Design-Class-Diagram-2025,upload,outcome,1,SUBSCORE-24,Class Training.,0,1,float,single,,1,
1027622,98389,1,System-Design-Class-Diagram-2025,upload,outcome,1,SUBSCORE-25,Association: Developer attends Training.,0,1,float,single,,0,
1027622,98389,1,System-Design-Class-Diagram-2025,upload,outcome,1,SUBSCORE-26,"Multiplicity: Developer attends * Trainings.
(*, 0..* or 1..* accepted).",0,1,float,single,,0,
1027622,98389,1,System-Design-Class-Diagram-2025,upload,outcome,1,SUBSCORE-27,"Multiplicity: Training attended by * Developers.
(*, 0..* or 1..* accepted).",0,1,float,single,,0,
1027622,98389,1,System-Design-Class-Diagram-2025,upload,outcome,1,SUBSCORE-28,Class Resource.,0,1,float,single,,1,
1027622,98389,1,System-Design-Class-Diagram-2025,upload,outcome,1,SUBSCORE-29,Association: Project requires Resource.,0,1,float,single,,1,
1027622,98389,1,System-Design-Class-Diagram-2025,upload,outcome,1,SUBSCORE-30,"Multiplicity: Project requires * Resources.
(*, 0..* or 1..* accepted).",0,1,float,single,,1,
1027622,98389,1,System-Design-Class-Diagram-2025,upload,outcome,1,SUBSCORE-31,"Multiplicity: Resource used by 1 Project.
We don't specify whether resources can be shared or not, so if the student models this as * or 1..*, this is also accepted.",0,1,float,single,,0,
1027622,98389,1,System-Design-Class-Diagram-2025,upload,outcome,1,SUBSCORE-32,Association: Member allocates Resource.,0,2,float,single,,0,
1027622,98389,1,System-Design-Class-Diagram-2025,upload,outcome,1,SUBSCORE-33,"Multiplicity: Member allocates * Resources.
(*, 0..* or 1..* accepted).",0,1,float,single,,0,
1027622,98389,1,System-Design-Class-Diagram-2025,upload,outcome,1,SUBSCORE-34,Multiplicity: Resource is allocated by 1 Member.,0,2,float,single,,0,
1027622,98389,1,System-Design-Class-Diagram-2025,upload,outcome,1,SUBSCORE-35,Class Resource Type.,0,1,float,single,,1,
1027622,98389,1,System-Design-Class-Diagram-2025,upload,outcome,1,SUBSCORE-36,Association: Resource belongs to Resource Type.,0,1,float,single,,1,
1027622,98389,1,System-Design-Class-Diagram-2025,upload,outcome,1,SUBSCORE-37,Multiplicity: Resource belongs to 1 Resource Type.,0,1,float,single,,1,
1027622,98389,1,System-Design-Class-Diagram-2025,upload,outcome,1,SUBSCORE-38,"Multiplicity: Resource Type has * Resources.
(*, 0..* or 1..* accepted).",0,1,float,single,,1,
1027622,98389,1,System-Design-Class-Diagram-2025,upload,outcome,1,PASSED,,,,boolean,single,0,false,
1027622,98389,1,System-Design-Class-Diagram-2025,upload,outcome,1,MAXSCORE,,,,float,single,40,40,
1027622,98389,1,System-Design-Class-Diagram-2025,upload,template,1,RESPONSE_CORRECTRESPONSE_POINTS,,,,float,single,40,40,
1027622,98389,1,System-Design-Class-Diagram-2025,upload,template,1,RESPONSE-ACTION,,,,float,single,correct,40,
1027622,98389,1,System-Design-Class-Diagram-2025,upload,,0,SCORE,,,,float,single,,19,
1027622,98389,1,System-Design-Class-Diagram-2025,upload,,0,MAX_SCORE,,,,float,single,,40,
1027622,98389,1,System-Design-Class-Diagram-2025,upload,,0,COMPLETION_STATUS,,,,identifier,single,,completed,
1027633,154173,1,System-Design-Class-Diagram-2025,upload,response,1,RESPONSE,,,,file,single,,[REDACTED],[]
1027633,154173,1,System-Design-Class-Diagram-2025,upload,outcome,1,SUBSCORE-1,Class Client.,0,1,float,single,,1,
1027633,154173,1,System-Design-Class-Diagram-2025,upload,outcome,1,SUBSCORE-2,Class Project,0,1,float,single,,1,
1027633,154173,1,System-Design-Class-Diagram-2025,upload,outcome,1,SUBSCORE-3,Association: Client commissions Project.,0,1,float,single,,1,
1027633,154173,1,System-Design-Class-Diagram-2025,upload,outcome,1,SUBSCORE-4,Multiplicity: Client commissions 1..* Projects.,0,1,float,single,,0,
1027633,154173,1,System-Design-Class-Diagram-2025,upload,outcome,1,SUBSCORE-5,Multiplicity: Project is commissioned by 1 Client.,0,1,float,single,,0,
1027633,154173,1,System-Design-Class-Diagram-2025,upload,outcome,1,SUBSCORE-6,Class Deliverable.,0,1,float,single,,1,
1027633,154173,1,System-Design-Class-Diagram-2025,upload,outcome,1,SUBSCORE-7,Association: Project has Deliverable.,0,1,float,single,,1,
1027633,154173,1,System-Design-Class-Diagram-2025,upload,outcome,1,SUBSCORE-8,"Multiplicity: Project has * Deliverables. 
(*, 0..* or 1..* accepted).",0,1,float,single,,1,
1027633,154173,1,System-Design-Class-Diagram-2025,upload,outcome,1,SUBSCORE-9,Multiplicity: Deliverable belongs to 1 project.,0,1,float,single,,1,
1027633,154173,1,System-Design-Class-Diagram-2025,upload,outcome,1,SUBSCORE-10,Class Team.,0,1,float,single,,1,
1027633,154173,1,System-Design-Class-Diagram-2025,upload,outcome,1,SUBSCORE-11,Association: Team works on Project.,0,1,float,single,,1,
1027633,154173,1,System-Design-Class-Diagram-2025,upload,outcome,1,SUBSCORE-12,Multiplicity: Team works on 1..* Projects.,0,1,float,single,,1,
1027633,154173,1,System-Design-Class-Diagram-2025,upload,outcome,1,SUBSCORE-13,Multiplicity: Project is handled by 1 Team.,0,1,float,single,,1,
1027633,154173,1,System-Design-Class-Diagram-2025,upload,outcome,1,SUBSCORE-14,"Class Member.
Some students will create a class Profile also and link Member to Profile, this is accepted.",0,1,float,single,,1,
1027633,154173,1,System-Design-Class-Diagram-2025,upload,outcome,1,SUBSCORE-15,Association: Member belongs to Team.,0,1,float,single,,1,
1027633,154173,1,System-Design-Class-Diagram-2025,upload,outcome,1,SUBSCORE-16,"Multiplicity: Member belongs to * Teams.
(*, 0..* or 1..* accepted).",0,1,float,single,,1,
1027633,154173,1,System-Design-Class-Diagram-2025,upload,outcome,1,SUBSCORE-17,"Multiplicity: Team has 1..* Members.
(*, 0..*, 1..* accepted).",0,1,float,single,,1,
1027633,154173,1,System-Design-Class-Diagram-2025,upload,outcome,1,SUBSCORE-18,Association: Member leads Team.,0,1,float,single,,0,
1027633,154173,1,System-Design-Class-Diagram-2025,upload,outcome,1,SUBSCORE-19,Multiplicity: Member leads 0..* Teams.,0,1,float,single,,0,
1027633,154173,1,System-Design-Class-Diagram-2025,upload,outcome,1,SUBSCORE-20,Multiplicity: Team is led by 1 Member.,0,1,float,single,,0,
1027633,154173,1,System-Design-Class-Diagram-2025,upload,outcome,1,SUBSCORE-21,"Association Class: Membership.
This class will sit between Member and Team and will keep track of the role of the Member in the team, the date they joined and when they left the team.
Some students might model this class a Class (not association class), this is accepted.",0,1,float,single,,0,
1027633,154173,1,System-Design-Class-Diagram-2025,upload,outcome,1,SUBSCORE-22,Class Developer.,0,1,float,single,,1,
1027633,154173,1,System-Design-Class-Diagram-2025,upload,outcome,1,SUBSCORE-23,Inheritance: Developer inherits from Member.,0,1,float,single,,0,
1027633,154173,1,System-Design-Class-Diagram-2025,upload,outcome,1,SUBSCORE-24,Class Training.,0,1,float,single,,1,
1027633,154173,1,System-Design-Class-Diagram-2025,upload,outcome,1,SUBSCORE-25,Association: Developer attends Training.,0,1,float,single,,1,
1027633,154173,1,System-Design-Class-Diagram-2025,upload,outcome,1,SUBSCORE-26,"Multiplicity: Developer attends * Trainings.
(*, 0..* or 1..* accepted).",0,1,float,single,,1,
1027633,154173,1,System-Design-Class-Diagram-2025,upload,outcome,1,SUBSCORE-27,"Multiplicity: Training attended by * Developers.
(*, 0..* or 1..* accepted).",0,1,float,single,,1,
1027633,154173,1,System-Design-Class-Diagram-2025,upload,outcome,1,SUBSCORE-28,Class Resource.,0,1,float,single,,1,
1027633,154173,1,System-Design-Class-Diagram-2025,upload,outcome,1,SUBSCORE-29,Association: Project requires Resource.,0,1,float,single,,1,
1027633,154173,1,System-Design-Class-Diagram-2025,upload,outcome,1,SUBSCORE-30,"Multiplicity: Project requires * Resources.
(*, 0..* or 1..* accepted).",0,1,float,single,,1,
1027633,154173,1,System-Design-Class-Diagram-2025,upload,outcome,1,SUBSCORE-31,"Multiplicity: Resource used by 1 Project.
We don't specify whether resources can be shared or not, so if the student models this as * or 1..*, this is also accepted.",0,1,float,single,,1,
1027633,154173,1,System-Design-Class-Diagram-2025,upload,outcome,1,SUBSCORE-32,Association: Member allocates Resource.,0,2,float,single,,0,
1027633,154173,1,System-Design-Class-Diagram-2025,upload,outcome,1,SUBSCORE-33,"Multiplicity: Member allocates * Resources.
(*, 0..* or 1..* accepted).",0,1,float,single,,0,
1027633,154173,1,System-Design-Class-Diagram-2025,upload,outcome,1,SUBSCORE-34,Multiplicity: Resource is allocated by 1 Member.,0,2,float,single,,0,
1027633,154173,1,System-Design-Class-Diagram-2025,upload,outcome,1,SUBSCORE-35,Class Resource Type.,0,1,float,single,,1,
1027633,154173,1,System-Design-Class-Diagram-2025,upload,outcome,1,SUBSCORE-36,Association: Resource belongs to Resource Type.,0,1,float,single,,1,
1027633,154173,1,System-Design-Class-Diagram-2025,upload,outcome,1,SUBSCORE-37,Multiplicity: Resource belongs to 1 Resource Type.,0,1,float,single,,1,
1027633,154173,1,System-Design-Class-Diagram-2025,upload,outcome,1,SUBSCORE-38,"Multiplicity: Resource Type has * Resources.
(*, 0..* or 1..* accepted).",0,1,float,single,,1,
1027633,154173,1,System-Design-Class-Diagram-2025,upload,outcome,1,PASSED,,,,boolean,single,0,false,
1027633,154173,1,System-Design-Class-Diagram-2025,upload,outcome,1,MAXSCORE,,,,float,single,40,40,
1027633,154173,1,System-Design-Class-Diagram-2025,upload,template,1,RESPONSE_CORRECTRESPONSE_POINTS,,,,float,single,40,40,
1027633,154173,1,System-Design-Class-Diagram-2025,upload,template,1,RESPONSE-ACTION,,,,float,single,correct,40,
1027633,154173,1,System-Design-Class-Diagram-2025,upload,,0,SCORE,,,,float,single,,28,
1027633,154173,1,System-Design-Class-Diagram-2025,upload,,0,MAX_SCORE,,,,float,single,,40,
1027633,154173,1,System-Design-Class-Diagram-2025,upload,,0,COMPLETION_STATUS,,,,identifier,single,,completed,
1027514,153792,1,System-Design-Class-Diagram-2025,upload,response,1,RESPONSE,,,,file,single,,[REDACTED],[]
1027514,153792,1,System-Design-Class-Diagram-2025,upload,outcome,1,SUBSCORE-1,Class Client.,0,1,float,single,,1,
1027514,153792,1,System-Design-Class-Diagram-2025,upload,outcome,1,SUBSCORE-2,Class Project,0,1,float,single,,1,
1027514,153792,1,System-Design-Class-Diagram-2025,upload,outcome,1,SUBSCORE-3,Association: Client commissions Project.,0,1,float,single,,1,
1027514,153792,1,System-Design-Class-Diagram-2025,upload,outcome,1,SUBSCORE-4,Multiplicity: Client commissions 1..* Projects.,0,1,float,single,,1,
1027514,153792,1,System-Design-Class-Diagram-2025,upload,outcome,1,SUBSCORE-5,Multiplicity: Project is commissioned by 1 Client.,0,1,float,single,,1,
1027514,153792,1,System-Design-Class-Diagram-2025,upload,outcome,1,SUBSCORE-6,Class Deliverable.,0,1,float,single,,1,
1027514,153792,1,System-Design-Class-Diagram-2025,upload,outcome,1,SUBSCORE-7,Association: Project has Deliverable.,0,1,float,single,,1,
1027514,153792,1,System-Design-Class-Diagram-2025,upload,outcome,1,SUBSCORE-8,"Multiplicity: Project has * Deliverables. 
(*, 0..* or 1..* accepted).",0,1,float,single,,1,
1027514,153792,1,System-Design-Class-Diagram-2025,upload,outcome,1,SUBSCORE-9,Multiplicity: Deliverable belongs to 1 project.,0,1,float,single,,1,
1027514,153792,1,System-Design-Class-Diagram-2025,upload,outcome,1,SUBSCORE-10,Class Team.,0,1,float,single,,1,
1027514,153792,1,System-Design-Class-Diagram-2025,upload,outcome,1,SUBSCORE-11,Association: Team works on Project.,0,1,float,single,,1,
1027514,153792,1,System-Design-Class-Diagram-2025,upload,outcome,1,SUBSCORE-12,Multiplicity: Team works on 1..* Projects.,0,1,float,single,,1,
1027514,153792,1,System-Design-Class-Diagram-2025,upload,outcome,1,SUBSCORE-13,Multiplicity: Project is handled by 1 Team.,0,1,float,single,,1,
1027514,153792,1,System-Design-Class-Diagram-2025,upload,outcome,1,SUBSCORE-14,"Class Member.
Some students will create a class Profile also and link Member to Profile, this is accepted.",0,1,float,single,,1,
1027514,153792,1,System-Design-Class-Diagram-2025,upload,outcome,1,SUBSCORE-15,Association: Member belongs to Team.,0,1,float,single,,1,
1027514,153792,1,System-Design-Class-Diagram-2025,upload,outcome,1,SUBSCORE-16,"Multiplicity: Member belongs to * Teams.
(*, 0..* or 1..* accepted).",0,1,float,single,,1,
1027514,153792,1,System-Design-Class-Diagram-2025,upload,outcome,1,SUBSCORE-17,"Multiplicity: Team has 1..* Members.
(*, 0..*, 1..* accepted).",0,1,float,single,,0.5,
1027514,153792,1,System-Design-Class-Diagram-2025,upload,outcome,1,SUBSCORE-18,Association: Member leads Team.,0,1,float,single,,1,
1027514,153792,1,System-Design-Class-Diagram-2025,upload,outcome,1,SUBSCORE-19,Multiplicity: Member leads 0..* Teams.,0,1,float,single,,1,
1027514,153792,1,System-Design-Class-Diagram-2025,upload,outcome,1,SUBSCORE-20,Multiplicity: Team is led by 1 Member.,0,1,float,single,,1,
1027514,153792,1,System-Design-Class-Diagram-2025,upload,outcome,1,SUBSCORE-21,"Association Class: Membership.
This class will sit between Member and Team and will keep track of the role of the Member in the team, the date they joined and when they left the team.
Some students might model this class a Class (not association class), this is accepted.",0,1,float,single,,0,
1027514,153792,1,System-Design-Class-Diagram-2025,upload,outcome,1,SUBSCORE-22,Class Developer.,0,1,float,single,,1,
1027514,153792,1,System-Design-Class-Diagram-2025,upload,outcome,1,SUBSCORE-23,Inheritance: Developer inherits from Member.,0,1,float,single,,1,
1027514,153792,1,System-Design-Class-Diagram-2025,upload,outcome,1,SUBSCORE-24,Class Training.,0,1,float,single,,1,
1027514,153792,1,System-Design-Class-Diagram-2025,upload,outcome,1,SUBSCORE-25,Association: Developer attends Training.,0,1,float,single,,1,
1027514,153792,1,System-Design-Class-Diagram-2025,upload,outcome,1,SUBSCORE-26,"Multiplicity: Developer attends * Trainings.
(*, 0..* or 1..* accepted).",0,1,float,single,,1,
1027514,153792,1,System-Design-Class-Diagram-2025,upload,outcome,1,SUBSCORE-27,"Multiplicity: Training attended by * Developers.
(*, 0..* or 1..* accepted).",0,1,float,single,,1,
1027514,153792,1,System-Design-Class-Diagram-2025,upload,outcome,1,SUBSCORE-28,Class Resource.,0,1,float,single,,1,
1027514,153792,1,System-Design-Class-Diagram-2025,upload,outcome,1,SUBSCORE-29,Association: Project requires Resource.,0,1,float,single,,1,
1027514,153792,1,System-Design-Class-Diagram-2025,upload,outcome,1,SUBSCORE-30,"Multiplicity: Project requires * Resources.
(*, 0..* or 1..* accepted).",0,1,float,single,,1,
1027514,153792,1,System-Design-Class-Diagram-2025,upload,outcome,1,SUBSCORE-31,"Multiplicity: Resource used by 1 Project.
We don't specify whether resources can be shared or not, so if the student models this as * or 1..*, this is also accepted.",0,1,float,single,,1,
1027514,153792,1,System-Design-Class-Diagram-2025,upload,outcome,1,SUBSCORE-32,Association: Member allocates Resource.,0,2,float,single,,2,
1027514,153792,1,System-Design-Class-Diagram-2025,upload,outcome,1,SUBSCORE-33,"Multiplicity: Member allocates * Resources.
(*, 0..* or 1..* accepted).",0,1,float,single,,1,
1027514,153792,1,System-Design-Class-Diagram-2025,upload,outcome,1,SUBSCORE-34,Multiplicity: Resource is allocated by 1 Member.,0,2,float,single,,2,
1027514,153792,1,System-Design-Class-Diagram-2025,upload,outcome,1,SUBSCORE-35,Class Resource Type.,0,1,float,single,,1,
1027514,153792,1,System-Design-Class-Diagram-2025,upload,outcome,1,SUBSCORE-36,Association: Resource belongs to Resource Type.,0,1,float,single,,1,
1027514,153792,1,System-Design-Class-Diagram-2025,upload,outcome,1,SUBSCORE-37,Multiplicity: Resource belongs to 1 Resource Type.,0,1,float,single,,1,
1027514,153792,1,System-Design-Class-Diagram-2025,upload,outcome,1,SUBSCORE-38,"Multiplicity: Resource Type has * Resources.
(*, 0..* or 1..* accepted).",0,1,float,single,,1,
1027514,153792,1,System-Design-Class-Diagram-2025,upload,outcome,1,PASSED,,,,boolean,single,0,false,
1027514,153792,1,System-Design-Class-Diagram-2025,upload,outcome,1,MAXSCORE,,,,float,single,40,40,
1027514,153792,1,System-Design-Class-Diagram-2025,upload,template,1,RESPONSE_CORRECTRESPONSE_POINTS,,,,float,single,40,40,
1027514,153792,1,System-Design-Class-Diagram-2025,upload,template,1,RESPONSE-ACTION,,,,float,single,correct,40,
1027514,153792,1,System-Design-Class-Diagram-2025,upload,,0,SCORE,,,,float,single,,38.5,
1027514,153792,1,System-Design-Class-Diagram-2025,upload,,0,MAX_SCORE,,,,float,single,,40,
1027514,153792,1,System-Design-Class-Diagram-2025,upload,,0,COMPLETION_STATUS,,,,identifier,single,,completed,
1027688,155080,1,System-Design-Class-Diagram-2025,upload,response,1,RESPONSE,,,,file,single,,[REDACTED],[]
1027688,155080,1,System-Design-Class-Diagram-2025,upload,outcome,1,SUBSCORE-1,Class Client.,0,1,float,single,,1,
1027688,155080,1,System-Design-Class-Diagram-2025,upload,outcome,1,SUBSCORE-2,Class Project,0,1,float,single,,1,
1027688,155080,1,System-Design-Class-Diagram-2025,upload,outcome,1,SUBSCORE-3,Association: Client commissions Project.,0,1,float,single,,1,
1027688,155080,1,System-Design-Class-Diagram-2025,upload,outcome,1,SUBSCORE-4,Multiplicity: Client commissions 1..* Projects.,0,1,float,single,,1,
1027688,155080,1,System-Design-Class-Diagram-2025,upload,outcome,1,SUBSCORE-5,Multiplicity: Project is commissioned by 1 Client.,0,1,float,single,,1,
1027688,155080,1,System-Design-Class-Diagram-2025,upload,outcome,1,SUBSCORE-6,Class Deliverable.,0,1,float,single,,1,
1027688,155080,1,System-Design-Class-Diagram-2025,upload,outcome,1,SUBSCORE-7,Association: Project has Deliverable.,0,1,float,single,,1,
1027688,155080,1,System-Design-Class-Diagram-2025,upload,outcome,1,SUBSCORE-8,"Multiplicity: Project has * Deliverables. 
(*, 0..* or 1..* accepted).",0,1,float,single,,1,
1027688,155080,1,System-Design-Class-Diagram-2025,upload,outcome,1,SUBSCORE-9,Multiplicity: Deliverable belongs to 1 project.,0,1,float,single,,1,
1027688,155080,1,System-Design-Class-Diagram-2025,upload,outcome,1,SUBSCORE-10,Class Team.,0,1,float,single,,1,
1027688,155080,1,System-Design-Class-Diagram-2025,upload,outcome,1,SUBSCORE-11,Association: Team works on Project.,0,1,float,single,,1,
1027688,155080,1,System-Design-Class-Diagram-2025,upload,outcome,1,SUBSCORE-12,Multiplicity: Team works on 1..* Projects.,0,1,float,single,,1,
1027688,155080,1,System-Design-Class-Diagram-2025,upload,outcome,1,SUBSCORE-13,Multiplicity: Project is handled by 1 Team.,0,1,float,single,,1,
1027688,155080,1,System-Design-Class-Diagram-2025,upload,outcome,1,SUBSCORE-14,"Class Member.
Some students will create a class Profile also and link Member to Profile, this is accepted.",0,1,float,single,,1,
1027688,155080,1,System-Design-Class-Diagram-2025,upload,outcome,1,SUBSCORE-15,Association: Member belongs to Team.,0,1,float,single,,1,
1027688,155080,1,System-Design-Class-Diagram-2025,upload,outcome,1,SUBSCORE-16,"Multiplicity: Member belongs to * Teams.
(*, 0..* or 1..* accepted).",0,1,float,single,,1,
1027688,155080,1,System-Design-Class-Diagram-2025,upload,outcome,1,SUBSCORE-17,"Multiplicity: Team has 1..* Members.
(*, 0..*, 1..* accepted).",0,1,float,single,,1,
1027688,155080,1,System-Design-Class-Diagram-2025,upload,outcome,1,SUBSCORE-18,Association: Member leads Team.,0,1,float,single,,1,
1027688,155080,1,System-Design-Class-Diagram-2025,upload,outcome,1,SUBSCORE-19,Multiplicity: Member leads 0..* Teams.,0,1,float,single,,1,
1027688,155080,1,System-Design-Class-Diagram-2025,upload,outcome,1,SUBSCORE-20,Multiplicity: Team is led by 1 Member.,0,1,float,single,,1,
1027688,155080,1,System-Design-Class-Diagram-2025,upload,outcome,1,SUBSCORE-21,"Association Class: Membership.
This class will sit between Member and Team and will keep track of the role of the Member in the team, the date they joined and when they left the team.
Some students might model this class a Class (not association class), this is accepted.",0,1,float,single,,0,
1027688,155080,1,System-Design-Class-Diagram-2025,upload,outcome,1,SUBSCORE-22,Class Developer.,0,1,float,single,,1,
1027688,155080,1,System-Design-Class-Diagram-2025,upload,outcome,1,SUBSCORE-23,Inheritance: Developer inherits from Member.,0,1,float,single,,1,
1027688,155080,1,System-Design-Class-Diagram-2025,upload,outcome,1,SUBSCORE-24,Class Training.,0,1,float,single,,1,
1027688,155080,1,System-Design-Class-Diagram-2025,upload,outcome,1,SUBSCORE-25,Association: Developer attends Training.,0,1,float,single,,1,
1027688,155080,1,System-Design-Class-Diagram-2025,upload,outcome,1,SUBSCORE-26,"Multiplicity: Developer attends * Trainings.
(*, 0..* or 1..* accepted).",0,1,float,single,,1,
1027688,155080,1,System-Design-Class-Diagram-2025,upload,outcome,1,SUBSCORE-27,"Multiplicity: Training attended by * Developers.
(*, 0..* or 1..* accepted).",0,1,float,single,,1,
1027688,155080,1,System-Design-Class-Diagram-2025,upload,outcome,1,SUBSCORE-28,Class Resource.,0,1,float,single,,1,
1027688,155080,1,System-Design-Class-Diagram-2025,upload,outcome,1,SUBSCORE-29,Association: Project requires Resource.,0,1,float,single,,1,
1027688,155080,1,System-Design-Class-Diagram-2025,upload,outcome,1,SUBSCORE-30,"Multiplicity: Project requires * Resources.
(*, 0..* or 1..* accepted).",0,1,float,single,,1,
1027688,155080,1,System-Design-Class-Diagram-2025,upload,outcome,1,SUBSCORE-31,"Multiplicity: Resource used by 1 Project.
We don't specify whether resources can be shared or not, so if the student models this as * or 1..*, this is also accepted.",0,1,float,single,,0,
1027688,155080,1,System-Design-Class-Diagram-2025,upload,outcome,1,SUBSCORE-32,Association: Member allocates Resource.,0,2,float,single,,0,
1027688,155080,1,System-Design-Class-Diagram-2025,upload,outcome,1,SUBSCORE-33,"Multiplicity: Member allocates * Resources.
(*, 0..* or 1..* accepted).",0,1,float,single,,0,
1027688,155080,1,System-Design-Class-Diagram-2025,upload,outcome,1,SUBSCORE-34,Multiplicity: Resource is allocated by 1 Member.,0,2,float,single,,0,
1027688,155080,1,System-Design-Class-Diagram-2025,upload,outcome,1,SUBSCORE-35,Class Resource Type.,0,1,float,single,,1,
1027688,155080,1,System-Design-Class-Diagram-2025,upload,outcome,1,SUBSCORE-36,Association: Resource belongs to Resource Type.,0,1,float,single,,1,
1027688,155080,1,System-Design-Class-Diagram-2025,upload,outcome,1,SUBSCORE-37,Multiplicity: Resource belongs to 1 Resource Type.,0,1,float,single,,1,
1027688,155080,1,System-Design-Class-Diagram-2025,upload,outcome,1,SUBSCORE-38,"Multiplicity: Resource Type has * Resources.
(*, 0..* or 1..* accepted).",0,1,float,single,,0,
1027688,155080,1,System-Design-Class-Diagram-2025,upload,outcome,1,PASSED,,,,boolean,single,0,false,
1027688,155080,1,System-Design-Class-Diagram-2025,upload,outcome,1,MAXSCORE,,,,float,single,40,40,
1027688,155080,1,System-Design-Class-Diagram-2025,upload,template,1,RESPONSE_CORRECTRESPONSE_POINTS,,,,float,single,40,40,
1027688,155080,1,System-Design-Class-Diagram-2025,upload,template,1,RESPONSE-ACTION,,,,float,single,correct,40,
1027688,155080,1,System-Design-Class-Diagram-2025,upload,,0,SCORE,,,,float,single,,32,
1027688,155080,1,System-Design-Class-Diagram-2025,upload,,0,MAX_SCORE,,,,float,single,,40,
1027688,155080,1,System-Design-Class-Diagram-2025,upload,,0,COMPLETION_STATUS,,,,identifier,single,,completed,
1027693,154500,1,System-Design-Class-Diagram-2025,upload,response,1,RESPONSE,,,,file,single,,[REDACTED],[]
1027693,154500,1,System-Design-Class-Diagram-2025,upload,outcome,1,SUBSCORE-1,Class Client.,0,1,float,single,,1,
1027693,154500,1,System-Design-Class-Diagram-2025,upload,outcome,1,SUBSCORE-2,Class Project,0,1,float,single,,1,
1027693,154500,1,System-Design-Class-Diagram-2025,upload,outcome,1,SUBSCORE-3,Association: Client commissions Project.,0,1,float,single,,1,
1027693,154500,1,System-Design-Class-Diagram-2025,upload,outcome,1,SUBSCORE-4,Multiplicity: Client commissions 1..* Projects.,0,1,float,single,,1,
1027693,154500,1,System-Design-Class-Diagram-2025,upload,outcome,1,SUBSCORE-5,Multiplicity: Project is commissioned by 1 Client.,0,1,float,single,,1,
1027693,154500,1,System-Design-Class-Diagram-2025,upload,outcome,1,SUBSCORE-6,Class Deliverable.,0,1,float,single,,1,
1027693,154500,1,System-Design-Class-Diagram-2025,upload,outcome,1,SUBSCORE-7,Association: Project has Deliverable.,0,1,float,single,,0.5,
1027693,154500,1,System-Design-Class-Diagram-2025,upload,outcome,1,SUBSCORE-8,"Multiplicity: Project has * Deliverables. 
(*, 0..* or 1..* accepted).",0,1,float,single,,0,
1027693,154500,1,System-Design-Class-Diagram-2025,upload,outcome,1,SUBSCORE-9,Multiplicity: Deliverable belongs to 1 project.,0,1,float,single,,0,
1027693,154500,1,System-Design-Class-Diagram-2025,upload,outcome,1,SUBSCORE-10,Class Team.,0,1,float,single,,1,
1027693,154500,1,System-Design-Class-Diagram-2025,upload,outcome,1,SUBSCORE-11,Association: Team works on Project.,0,1,float,single,,1,
1027693,154500,1,System-Design-Class-Diagram-2025,upload,outcome,1,SUBSCORE-12,Multiplicity: Team works on 1..* Projects.,0,1,float,single,,0.5,
1027693,154500,1,System-Design-Class-Diagram-2025,upload,outcome,1,SUBSCORE-13,Multiplicity: Project is handled by 1 Team.,0,1,float,single,,1,
1027693,154500,1,System-Design-Class-Diagram-2025,upload,outcome,1,SUBSCORE-14,"Class Member.
Some students will create a class Profile also and link Member to Profile, this is accepted.",0,1,float,single,,1,
1027693,154500,1,System-Design-Class-Diagram-2025,upload,outcome,1,SUBSCORE-15,Association: Member belongs to Team.,0,1,float,single,,1,
1027693,154500,1,System-Design-Class-Diagram-2025,upload,outcome,1,SUBSCORE-16,"Multiplicity: Member belongs to * Teams.
(*, 0..* or 1..* accepted).",0,1,float,single,,1,
1027693,154500,1,System-Design-Class-Diagram-2025,upload,outcome,1,SUBSCORE-17,"Multiplicity: Team has 1..* Members.
(*, 0..*, 1..* accepted).",0,1,float,single,,0,
1027693,154500,1,System-Design-Class-Diagram-2025,upload,outcome,1,SUBSCORE-18,Association: Member leads Team.,0,1,float,single,,1,
1027693,154500,1,System-Design-Class-Diagram-2025,upload,outcome,1,SUBSCORE-19,Multiplicity: Member leads 0..* Teams.,0,1,float,single,,0,
1027693,154500,1,System-Design-Class-Diagram-2025,upload,outcome,1,SUBSCORE-20,Multiplicity: Team is led by 1 Member.,0,1,float,single,,1,
1027693,154500,1,System-Design-Class-Diagram-2025,upload,outcome,1,SUBSCORE-21,"Association Class: Membership.
This class will sit between Member and Team and will keep track of the role of the Member in the team, the date they joined and when they left the team.
Some students might model this class a Class (not association class), this is accepted.",0,1,float,single,,1,
1027693,154500,1,System-Design-Class-Diagram-2025,upload,outcome,1,SUBSCORE-22,Class Developer.,0,1,float,single,,1,
1027693,154500,1,System-Design-Class-Diagram-2025,upload,outcome,1,SUBSCORE-23,Inheritance: Developer inherits from Member.,0,1,float,single,,1,
1027693,154500,1,System-Design-Class-Diagram-2025,upload,outcome,1,SUBSCORE-24,Class Training.,0,1,float,single,,1,
1027693,154500,1,System-Design-Class-Diagram-2025,upload,outcome,1,SUBSCORE-25,Association: Developer attends Training.,0,1,float,single,,1,
1027693,154500,1,System-Design-Class-Diagram-2025,upload,outcome,1,SUBSCORE-26,"Multiplicity: Developer attends * Trainings.
(*, 0..* or 1..* accepted).",0,1,float,single,,1,
1027693,154500,1,System-Design-Class-Diagram-2025,upload,outcome,1,SUBSCORE-27,"Multiplicity: Training attended by * Developers.
(*, 0..* or 1..* accepted).",0,1,float,single,,1,
1027693,154500,1,System-Design-Class-Diagram-2025,upload,outcome,1,SUBSCORE-28,Class Resource.,0,1,float,single,,1,
1027693,154500,1,System-Design-Class-Diagram-2025,upload,outcome,1,SUBSCORE-29,Association: Project requires Resource.,0,1,float,single,,0.5,
1027693,154500,1,System-Design-Class-Diagram-2025,upload,outcome,1,SUBSCORE-30,"Multiplicity: Project requires * Resources.
(*, 0..* or 1..* accepted).",0,1,float,single,,1,
1027693,154500,1,System-Design-Class-Diagram-2025,upload,outcome,1,SUBSCORE-31,"Multiplicity: Resource used by 1 Project.
We don't specify whether resources can be shared or not, so if the student models this as * or 1..*, this is also accepted.",0,1,float,single,,1,
1027693,154500,1,System-Design-Class-Diagram-2025,upload,outcome,1,SUBSCORE-32,Association: Member allocates Resource.,0,2,float,single,,1,
1027693,154500,1,System-Design-Class-Diagram-2025,upload,outcome,1,SUBSCORE-33,"Multiplicity: Member allocates * Resources.
(*, 0..* or 1..* accepted).",0,1,float,single,,0,
1027693,154500,1,System-Design-Class-Diagram-2025,upload,outcome,1,SUBSCORE-34,Multiplicity: Resource is allocated by 1 Member.,0,2,float,single,,2,
1027693,154500,1,System-Design-Class-Diagram-2025,upload,outcome,1,SUBSCORE-35,Class Resource Type.,0,1,float,single,,0,
1027693,154500,1,System-Design-Class-Diagram-2025,upload,outcome,1,SUBSCORE-36,Association: Resource belongs to Resource Type.,0,1,float,single,,0,
1027693,154500,1,System-Design-Class-Diagram-2025,upload,outcome,1,SUBSCORE-37,Multiplicity: Resource belongs to 1 Resource Type.,0,1,float,single,,0,
1027693,154500,1,System-Design-Class-Diagram-2025,upload,outcome,1,SUBSCORE-38,"Multiplicity: Resource Type has * Resources.
(*, 0..* or 1..* accepted).",0,1,float,single,,0,
1027693,154500,1,System-Design-Class-Diagram-2025,upload,outcome,1,PASSED,,,,boolean,single,0,false,
1027693,154500,1,System-Design-Class-Diagram-2025,upload,outcome,1,MAXSCORE,,,,float,single,40,40,
1027693,154500,1,System-Design-Class-Diagram-2025,upload,template,1,RESPONSE_CORRECTRESPONSE_POINTS,,,,float,single,40,40,
1027693,154500,1,System-Design-Class-Diagram-2025,upload,template,1,RESPONSE-ACTION,,,,float,single,correct,40,
1027693,154500,1,System-Design-Class-Diagram-2025,upload,,0,SCORE,,,,float,single,,28.5,
1027693,154500,1,System-Design-Class-Diagram-2025,upload,,0,MAX_SCORE,,,,float,single,,40,
1027693,154500,1,System-Design-Class-Diagram-2025,upload,,0,COMPLETION_STATUS,,,,identifier,single,,completed,
1027629,153850,1,System-Design-Class-Diagram-2025,upload,response,1,RESPONSE,,,,file,single,,[REDACTED],[]
1027629,153850,1,System-Design-Class-Diagram-2025,upload,outcome,1,SUBSCORE-1,Class Client.,0,1,float,single,,1,
1027629,153850,1,System-Design-Class-Diagram-2025,upload,outcome,1,SUBSCORE-2,Class Project,0,1,float,single,,1,
1027629,153850,1,System-Design-Class-Diagram-2025,upload,outcome,1,SUBSCORE-3,Association: Client commissions Project.,0,1,float,single,,1,
1027629,153850,1,System-Design-Class-Diagram-2025,upload,outcome,1,SUBSCORE-4,Multiplicity: Client commissions 1..* Projects.,0,1,float,single,,1,
1027629,153850,1,System-Design-Class-Diagram-2025,upload,outcome,1,SUBSCORE-5,Multiplicity: Project is commissioned by 1 Client.,0,1,float,single,,0,
1027629,153850,1,System-Design-Class-Diagram-2025,upload,outcome,1,SUBSCORE-6,Class Deliverable.,0,1,float,single,,1,
1027629,153850,1,System-Design-Class-Diagram-2025,upload,outcome,1,SUBSCORE-7,Association: Project has Deliverable.,0,1,float,single,,1,
1027629,153850,1,System-Design-Class-Diagram-2025,upload,outcome,1,SUBSCORE-8,"Multiplicity: Project has * Deliverables. 
(*, 0..* or 1..* accepted).",0,1,float,single,,0,
1027629,153850,1,System-Design-Class-Diagram-2025,upload,outcome,1,SUBSCORE-9,Multiplicity: Deliverable belongs to 1 project.,0,1,float,single,,0,
1027629,153850,1,System-Design-Class-Diagram-2025,upload,outcome,1,SUBSCORE-10,Class Team.,0,1,float,single,,1,
1027629,153850,1,System-Design-Class-Diagram-2025,upload,outcome,1,SUBSCORE-11,Association: Team works on Project.,0,1,float,single,,1,
1027629,153850,1,System-Design-Class-Diagram-2025,upload,outcome,1,SUBSCORE-12,Multiplicity: Team works on 1..* Projects.,0,1,float,single,,1,
1027629,153850,1,System-Design-Class-Diagram-2025,upload,outcome,1,SUBSCORE-13,Multiplicity: Project is handled by 1 Team.,0,1,float,single,,1,
1027629,153850,1,System-Design-Class-Diagram-2025,upload,outcome,1,SUBSCORE-14,"Class Member.
Some students will create a class Profile also and link Member to Profile, this is accepted.",0,1,float,single,,1,
1027629,153850,1,System-Design-Class-Diagram-2025,upload,outcome,1,SUBSCORE-15,Association: Member belongs to Team.,0,1,float,single,,1,
1027629,153850,1,System-Design-Class-Diagram-2025,upload,outcome,1,SUBSCORE-16,"Multiplicity: Member belongs to * Teams.
(*, 0..* or 1..* accepted).",0,1,float,single,,1,
1027629,153850,1,System-Design-Class-Diagram-2025,upload,outcome,1,SUBSCORE-17,"Multiplicity: Team has 1..* Members.
(*, 0..*, 1..* accepted).",0,1,float,single,,1,
1027629,153850,1,System-Design-Class-Diagram-2025,upload,outcome,1,SUBSCORE-18,Association: Member leads Team.,0,1,float,single,,0,
1027629,153850,1,System-Design-Class-Diagram-2025,upload,outcome,1,SUBSCORE-19,Multiplicity: Member leads 0..* Teams.,0,1,float,single,,0,
1027629,153850,1,System-Design-Class-Diagram-2025,upload,outcome,1,SUBSCORE-20,Multiplicity: Team is led by 1 Member.,0,1,float,single,,0.5,
1027629,153850,1,System-Design-Class-Diagram-2025,upload,outcome,1,SUBSCORE-21,"Association Class: Membership.
This class will sit between Member and Team and will keep track of the role of the Member in the team, the date they joined and when they left the team.
Some students might model this class a Class (not association class), this is accepted.",0,1,float,single,,0,
1027629,153850,1,System-Design-Class-Diagram-2025,upload,outcome,1,SUBSCORE-22,Class Developer.,0,1,float,single,,1,
1027629,153850,1,System-Design-Class-Diagram-2025,upload,outcome,1,SUBSCORE-23,Inheritance: Developer inherits from Member.,0,1,float,single,,0,
1027629,153850,1,System-Design-Class-Diagram-2025,upload,outcome,1,SUBSCORE-24,Class Training.,0,1,float,single,,1,
1027629,153850,1,System-Design-Class-Diagram-2025,upload,outcome,1,SUBSCORE-25,Association: Developer attends Training.,0,1,float,single,,0.5,
1027629,153850,1,System-Design-Class-Diagram-2025,upload,outcome,1,SUBSCORE-26,"Multiplicity: Developer attends * Trainings.
(*, 0..* or 1..* accepted).",0,1,float,single,,1,
1027629,153850,1,System-Design-Class-Diagram-2025,upload,outcome,1,SUBSCORE-27,"Multiplicity: Training attended by * Developers.
(*, 0..* or 1..* accepted).",0,1,float,single,,1,
1027629,153850,1,System-Design-Class-Diagram-2025,upload,outcome,1,SUBSCORE-28,Class Resource.,0,1,float,single,,1,
1027629,153850,1,System-Design-Class-Diagram-2025,upload,outcome,1,SUBSCORE-29,Association: Project requires Resource.,0,1,float,single,,1,
1027629,153850,1,System-Design-Class-Diagram-2025,upload,outcome,1,SUBSCORE-30,"Multiplicity: Project requires * Resources.
(*, 0..* or 1..* accepted).",0,1,float,single,,1,
1027629,153850,1,System-Design-Class-Diagram-2025,upload,outcome,1,SUBSCORE-31,"Multiplicity: Resource used by 1 Project.
We don't specify whether resources can be shared or not, so if the student models this as * or 1..*, this is also accepted.",0,1,float,single,,1,
1027629,153850,1,System-Design-Class-Diagram-2025,upload,outcome,1,SUBSCORE-32,Association: Member allocates Resource.,0,2,float,single,,0,
1027629,153850,1,System-Design-Class-Diagram-2025,upload,outcome,1,SUBSCORE-33,"Multiplicity: Member allocates * Resources.
(*, 0..* or 1..* accepted).",0,1,float,single,,0,
1027629,153850,1,System-Design-Class-Diagram-2025,upload,outcome,1,SUBSCORE-34,Multiplicity: Resource is allocated by 1 Member.,0,2,float,single,,0,
1027629,153850,1,System-Design-Class-Diagram-2025,upload,outcome,1,SUBSCORE-35,Class Resource Type.,0,1,float,single,,1,
1027629,153850,1,System-Design-Class-Diagram-2025,upload,outcome,1,SUBSCORE-36,Association: Resource belongs to Resource Type.,0,1,float,single,,1,
1027629,153850,1,System-Design-Class-Diagram-2025,upload,outcome,1,SUBSCORE-37,Multiplicity: Resource belongs to 1 Resource Type.,0,1,float,single,,1,
1027629,153850,1,System-Design-Class-Diagram-2025,upload,outcome,1,SUBSCORE-38,"Multiplicity: Resource Type has * Resources.
(*, 0..* or 1..* accepted).",0,1,float,single,,1,
1027629,153850,1,System-Design-Class-Diagram-2025,upload,outcome,1,PASSED,,,,boolean,single,0,false,
1027629,153850,1,System-Design-Class-Diagram-2025,upload,outcome,1,MAXSCORE,,,,float,single,40,40,
1027629,153850,1,System-Design-Class-Diagram-2025,upload,template,1,RESPONSE_CORRECTRESPONSE_POINTS,,,,float,single,40,40,
1027629,153850,1,System-Design-Class-Diagram-2025,upload,template,1,RESPONSE-ACTION,,,,float,single,correct,40,
1027629,153850,1,System-Design-Class-Diagram-2025,upload,,0,SCORE,,,,float,single,,27,
1027629,153850,1,System-Design-Class-Diagram-2025,upload,,0,MAX_SCORE,,,,float,single,,40,
1027629,153850,1,System-Design-Class-Diagram-2025,upload,,0,COMPLETION_STATUS,,,,identifier,single,,completed,
1027686,154286,1,System-Design-Class-Diagram-2025,upload,response,1,RESPONSE,,,,file,single,,[REDACTED],[]
1027686,154286,1,System-Design-Class-Diagram-2025,upload,outcome,1,SUBSCORE-1,Class Client.,0,1,float,single,,1,
1027686,154286,1,System-Design-Class-Diagram-2025,upload,outcome,1,SUBSCORE-2,Class Project,0,1,float,single,,1,
1027686,154286,1,System-Design-Class-Diagram-2025,upload,outcome,1,SUBSCORE-3,Association: Client commissions Project.,0,1,float,single,,1,
1027686,154286,1,System-Design-Class-Diagram-2025,upload,outcome,1,SUBSCORE-4,Multiplicity: Client commissions 1..* Projects.,0,1,float,single,,1,
1027686,154286,1,System-Design-Class-Diagram-2025,upload,outcome,1,SUBSCORE-5,Multiplicity: Project is commissioned by 1 Client.,0,1,float,single,,0,
1027686,154286,1,System-Design-Class-Diagram-2025,upload,outcome,1,SUBSCORE-6,Class Deliverable.,0,1,float,single,,1,
1027686,154286,1,System-Design-Class-Diagram-2025,upload,outcome,1,SUBSCORE-7,Association: Project has Deliverable.,0,1,float,single,,1,
1027686,154286,1,System-Design-Class-Diagram-2025,upload,outcome,1,SUBSCORE-8,"Multiplicity: Project has * Deliverables. 
(*, 0..* or 1..* accepted).",0,1,float,single,,0,
1027686,154286,1,System-Design-Class-Diagram-2025,upload,outcome,1,SUBSCORE-9,Multiplicity: Deliverable belongs to 1 project.,0,1,float,single,,1,
1027686,154286,1,System-Design-Class-Diagram-2025,upload,outcome,1,SUBSCORE-10,Class Team.,0,1,float,single,,1,
1027686,154286,1,System-Design-Class-Diagram-2025,upload,outcome,1,SUBSCORE-11,Association: Team works on Project.,0,1,float,single,,1,
1027686,154286,1,System-Design-Class-Diagram-2025,upload,outcome,1,SUBSCORE-12,Multiplicity: Team works on 1..* Projects.,0,1,float,single,,0,
1027686,154286,1,System-Design-Class-Diagram-2025,upload,outcome,1,SUBSCORE-13,Multiplicity: Project is handled by 1 Team.,0,1,float,single,,1,
1027686,154286,1,System-Design-Class-Diagram-2025,upload,outcome,1,SUBSCORE-14,"Class Member.
Some students will create a class Profile also and link Member to Profile, this is accepted.",0,1,float,single,,1,
1027686,154286,1,System-Design-Class-Diagram-2025,upload,outcome,1,SUBSCORE-15,Association: Member belongs to Team.,0,1,float,single,,1,
1027686,154286,1,System-Design-Class-Diagram-2025,upload,outcome,1,SUBSCORE-16,"Multiplicity: Member belongs to * Teams.
(*, 0..* or 1..* accepted).",0,1,float,single,,1,
1027686,154286,1,System-Design-Class-Diagram-2025,upload,outcome,1,SUBSCORE-17,"Multiplicity: Team has 1..* Members.
(*, 0..*, 1..* accepted).",0,1,float,single,,1,
1027686,154286,1,System-Design-Class-Diagram-2025,upload,outcome,1,SUBSCORE-18,Association: Member leads Team.,0,1,float,single,,0,
1027686,154286,1,System-Design-Class-Diagram-2025,upload,outcome,1,SUBSCORE-19,Multiplicity: Member leads 0..* Teams.,0,1,float,single,,0,
1027686,154286,1,System-Design-Class-Diagram-2025,upload,outcome,1,SUBSCORE-20,Multiplicity: Team is led by 1 Member.,0,1,float,single,,0,
1027686,154286,1,System-Design-Class-Diagram-2025,upload,outcome,1,SUBSCORE-21,"Association Class: Membership.
This class will sit between Member and Team and will keep track of the role of the Member in the team, the date they joined and when they left the team.
Some students might model this class a Class (not association class), this is accepted.",0,1,float,single,,0,
1027686,154286,1,System-Design-Class-Diagram-2025,upload,outcome,1,SUBSCORE-22,Class Developer.,0,1,float,single,,1,
1027686,154286,1,System-Design-Class-Diagram-2025,upload,outcome,1,SUBSCORE-23,Inheritance: Developer inherits from Member.,0,1,float,single,,0,
1027686,154286,1,System-Design-Class-Diagram-2025,upload,outcome,1,SUBSCORE-24,Class Training.,0,1,float,single,,1,
1027686,154286,1,System-Design-Class-Diagram-2025,upload,outcome,1,SUBSCORE-25,Association: Developer attends Training.,0,1,float,single,,1,
1027686,154286,1,System-Design-Class-Diagram-2025,upload,outcome,1,SUBSCORE-26,"Multiplicity: Developer attends * Trainings.
(*, 0..* or 1..* accepted).",0,1,float,single,,1,
1027686,154286,1,System-Design-Class-Diagram-2025,upload,outcome,1,SUBSCORE-27,"Multiplicity: Training attended by * Developers.
(*, 0..* or 1..* accepted).",0,1,float,single,,1,
1027686,154286,1,System-Design-Class-Diagram-2025,upload,outcome,1,SUBSCORE-28,Class Resource.,0,1,float,single,,0,
1027686,154286,1,System-Design-Class-Diagram-2025,upload,outcome,1,SUBSCORE-29,Association: Project requires Resource.,0,1,float,single,,1,
1027686,154286,1,System-Design-Class-Diagram-2025,upload,outcome,1,SUBSCORE-30,"Multiplicity: Project requires * Resources.
(*, 0..* or 1..* accepted).",0,1,float,single,,1,
1027686,154286,1,System-Design-Class-Diagram-2025,upload,outcome,1,SUBSCORE-31,"Multiplicity: Resource used by 1 Project.
We don't specify whether resources can be shared or not, so if the student models this as * or 1..*, this is also accepted.",0,1,float,single,,1,
1027686,154286,1,System-Design-Class-Diagram-2025,upload,outcome,1,SUBSCORE-32,Association: Member allocates Resource.,0,2,float,single,,0,
1027686,154286,1,System-Design-Class-Diagram-2025,upload,outcome,1,SUBSCORE-33,"Multiplicity: Member allocates * Resources.
(*, 0..* or 1..* accepted).",0,1,float,single,,0,
1027686,154286,1,System-Design-Class-Diagram-2025,upload,outcome,1,SUBSCORE-34,Multiplicity: Resource is allocated by 1 Member.,0,2,float,single,,0,
1027686,154286,1,System-Design-Class-Diagram-2025,upload,outcome,1,SUBSCORE-35,Class Resource Type.,0,1,float,single,,0,
1027686,154286,1,System-Design-Class-Diagram-2025,upload,outcome,1,SUBSCORE-36,Association: Resource belongs to Resource Type.,0,1,float,single,,0,
1027686,154286,1,System-Design-Class-Diagram-2025,upload,outcome,1,SUBSCORE-37,Multiplicity: Resource belongs to 1 Resource Type.,0,1,float,single,,0,
1027686,154286,1,System-Design-Class-Diagram-2025,upload,outcome,1,SUBSCORE-38,"Multiplicity: Resource Type has * Resources.
(*, 0..* or 1..* accepted).",0,1,float,single,,0,
1027686,154286,1,System-Design-Class-Diagram-2025,upload,outcome,1,PASSED,,,,boolean,single,0,false,
1027686,154286,1,System-Design-Class-Diagram-2025,upload,outcome,1,MAXSCORE,,,,float,single,40,40,
1027686,154286,1,System-Design-Class-Diagram-2025,upload,template,1,RESPONSE_CORRECTRESPONSE_POINTS,,,,float,single,40,40,
1027686,154286,1,System-Design-Class-Diagram-2025,upload,template,1,RESPONSE-ACTION,,,,float,single,correct,40,
1027686,154286,1,System-Design-Class-Diagram-2025,upload,,0,SCORE,,,,float,single,,22,
1027686,154286,1,System-Design-Class-Diagram-2025,upload,,0,MAX_SCORE,,,,float,single,,40,
1027686,154286,1,System-Design-Class-Diagram-2025,upload,,0,COMPLETION_STATUS,,,,identifier,single,,completed,
1027621,153487,1,System-Design-Class-Diagram-2025,upload,response,1,RESPONSE,,,,file,single,,[REDACTED],[]
1027621,153487,1,System-Design-Class-Diagram-2025,upload,outcome,1,SUBSCORE-1,Class Client.,0,1,float,single,,1,
1027621,153487,1,System-Design-Class-Diagram-2025,upload,outcome,1,SUBSCORE-2,Class Project,0,1,float,single,,1,
1027621,153487,1,System-Design-Class-Diagram-2025,upload,outcome,1,SUBSCORE-3,Association: Client commissions Project.,0,1,float,single,,1,
1027621,153487,1,System-Design-Class-Diagram-2025,upload,outcome,1,SUBSCORE-4,Multiplicity: Client commissions 1..* Projects.,0,1,float,single,,1,
1027621,153487,1,System-Design-Class-Diagram-2025,upload,outcome,1,SUBSCORE-5,Multiplicity: Project is commissioned by 1 Client.,0,1,float,single,,1,
1027621,153487,1,System-Design-Class-Diagram-2025,upload,outcome,1,SUBSCORE-6,Class Deliverable.,0,1,float,single,,1,
1027621,153487,1,System-Design-Class-Diagram-2025,upload,outcome,1,SUBSCORE-7,Association: Project has Deliverable.,0,1,float,single,,1,
1027621,153487,1,System-Design-Class-Diagram-2025,upload,outcome,1,SUBSCORE-8,"Multiplicity: Project has * Deliverables. 
(*, 0..* or 1..* accepted).",0,1,float,single,,1,
1027621,153487,1,System-Design-Class-Diagram-2025,upload,outcome,1,SUBSCORE-9,Multiplicity: Deliverable belongs to 1 project.,0,1,float,single,,1,
1027621,153487,1,System-Design-Class-Diagram-2025,upload,outcome,1,SUBSCORE-10,Class Team.,0,1,float,single,,1,
1027621,153487,1,System-Design-Class-Diagram-2025,upload,outcome,1,SUBSCORE-11,Association: Team works on Project.,0,1,float,single,,1,
1027621,153487,1,System-Design-Class-Diagram-2025,upload,outcome,1,SUBSCORE-12,Multiplicity: Team works on 1..* Projects.,0,1,float,single,,1,
1027621,153487,1,System-Design-Class-Diagram-2025,upload,outcome,1,SUBSCORE-13,Multiplicity: Project is handled by 1 Team.,0,1,float,single,,1,
1027621,153487,1,System-Design-Class-Diagram-2025,upload,outcome,1,SUBSCORE-14,"Class Member.
Some students will create a class Profile also and link Member to Profile, this is accepted.",0,1,float,single,,1,
1027621,153487,1,System-Design-Class-Diagram-2025,upload,outcome,1,SUBSCORE-15,Association: Member belongs to Team.,0,1,float,single,,1,
1027621,153487,1,System-Design-Class-Diagram-2025,upload,outcome,1,SUBSCORE-16,"Multiplicity: Member belongs to * Teams.
(*, 0..* or 1..* accepted).",0,1,float,single,,1,
1027621,153487,1,System-Design-Class-Diagram-2025,upload,outcome,1,SUBSCORE-17,"Multiplicity: Team has 1..* Members.
(*, 0..*, 1..* accepted).",0,1,float,single,,1,
1027621,153487,1,System-Design-Class-Diagram-2025,upload,outcome,1,SUBSCORE-18,Association: Member leads Team.,0,1,float,single,,0,
1027621,153487,1,System-Design-Class-Diagram-2025,upload,outcome,1,SUBSCORE-19,Multiplicity: Member leads 0..* Teams.,0,1,float,single,,0,
1027621,153487,1,System-Design-Class-Diagram-2025,upload,outcome,1,SUBSCORE-20,Multiplicity: Team is led by 1 Member.,0,1,float,single,,0,
1027621,153487,1,System-Design-Class-Diagram-2025,upload,outcome,1,SUBSCORE-21,"Association Class: Membership.
This class will sit between Member and Team and will keep track of the role of the Member in the team, the date they joined and when they left the team.
Some students might model this class a Class (not association class), this is accepted.",0,1,float,single,,1,
1027621,153487,1,System-Design-Class-Diagram-2025,upload,outcome,1,SUBSCORE-22,Class Developer.,0,1,float,single,,1,
1027621,153487,1,System-Design-Class-Diagram-2025,upload,outcome,1,SUBSCORE-23,Inheritance: Developer inherits from Member.,0,1,float,single,,1,
1027621,153487,1,System-Design-Class-Diagram-2025,upload,outcome,1,SUBSCORE-24,Class Training.,0,1,float,single,,1,
1027621,153487,1,System-Design-Class-Diagram-2025,upload,outcome,1,SUBSCORE-25,Association: Developer attends Training.,0,1,float,single,,0.5,
1027621,153487,1,System-Design-Class-Diagram-2025,upload,outcome,1,SUBSCORE-26,"Multiplicity: Developer attends * Trainings.
(*, 0..* or 1..* accepted).",0,1,float,single,,1,
1027621,153487,1,System-Design-Class-Diagram-2025,upload,outcome,1,SUBSCORE-27,"Multiplicity: Training attended by * Developers.
(*, 0..* or 1..* accepted).",0,1,float,single,,1,
1027621,153487,1,System-Design-Class-Diagram-2025,upload,outcome,1,SUBSCORE-28,Class Resource.,0,1,float,single,,1,
1027621,153487,1,System-Design-Class-Diagram-2025,upload,outcome,1,SUBSCORE-29,Association: Project requires Resource.,0,1,float,single,,0,
1027621,153487,1,System-Design-Class-Diagram-2025,upload,outcome,1,SUBSCORE-30,"Multiplicity: Project requires * Resources.
(*, 0..* or 1..* accepted).",0,1,float,single,,0,
1027621,153487,1,System-Design-Class-Diagram-2025,upload,outcome,1,SUBSCORE-31,"Multiplicity: Resource used by 1 Project.
We don't specify whether resources can be shared or not, so if the student models this as * or 1..*, this is also accepted.",0,1,float,single,,0,
1027621,153487,1,System-Design-Class-Diagram-2025,upload,outcome,1,SUBSCORE-32,Association: Member allocates Resource.,0,2,float,single,,1,
1027621,153487,1,System-Design-Class-Diagram-2025,upload,outcome,1,SUBSCORE-33,"Multiplicity: Member allocates * Resources.
(*, 0..* or 1..* accepted).",0,1,float,single,,1,
1027621,153487,1,System-Design-Class-Diagram-2025,upload,outcome,1,SUBSCORE-34,Multiplicity: Resource is allocated by 1 Member.,0,2,float,single,,2,
1027621,153487,1,System-Design-Class-Diagram-2025,upload,outcome,1,SUBSCORE-35,Class Resource Type.,0,1,float,single,,0,
1027621,153487,1,System-Design-Class-Diagram-2025,upload,outcome,1,SUBSCORE-36,Association: Resource belongs to Resource Type.,0,1,float,single,,0,
1027621,153487,1,System-Design-Class-Diagram-2025,upload,outcome,1,SUBSCORE-37,Multiplicity: Resource belongs to 1 Resource Type.,0,1,float,single,,0,
1027621,153487,1,System-Design-Class-Diagram-2025,upload,outcome,1,SUBSCORE-38,"Multiplicity: Resource Type has * Resources.
(*, 0..* or 1..* accepted).",0,1,float,single,,0,
1027621,153487,1,System-Design-Class-Diagram-2025,upload,outcome,1,PASSED,,,,boolean,single,0,false,
1027621,153487,1,System-Design-Class-Diagram-2025,upload,outcome,1,MAXSCORE,,,,float,single,40,40,
1027621,153487,1,System-Design-Class-Diagram-2025,upload,template,1,RESPONSE_CORRECTRESPONSE_POINTS,,,,float,single,40,40,
1027621,153487,1,System-Design-Class-Diagram-2025,upload,template,1,RESPONSE-ACTION,,,,float,single,correct,40,
1027621,153487,1,System-Design-Class-Diagram-2025,upload,,0,SCORE,,,,float,single,,28.5,
1027621,153487,1,System-Design-Class-Diagram-2025,upload,,0,MAX_SCORE,,,,float,single,,40,
1027621,153487,1,System-Design-Class-Diagram-2025,upload,,0,COMPLETION_STATUS,,,,identifier,single,,completed,
1027441,152260,1,System-Design-Class-Diagram-2025,upload,response,1,RESPONSE,,,,file,single,,[REDACTED],[]
1027441,152260,1,System-Design-Class-Diagram-2025,upload,outcome,1,SUBSCORE-1,Class Client.,0,1,float,single,,1,
1027441,152260,1,System-Design-Class-Diagram-2025,upload,outcome,1,SUBSCORE-2,Class Project,0,1,float,single,,1,
1027441,152260,1,System-Design-Class-Diagram-2025,upload,outcome,1,SUBSCORE-3,Association: Client commissions Project.,0,1,float,single,,1,
1027441,152260,1,System-Design-Class-Diagram-2025,upload,outcome,1,SUBSCORE-4,Multiplicity: Client commissions 1..* Projects.,0,1,float,single,,1,
1027441,152260,1,System-Design-Class-Diagram-2025,upload,outcome,1,SUBSCORE-5,Multiplicity: Project is commissioned by 1 Client.,0,1,float,single,,1,
1027441,152260,1,System-Design-Class-Diagram-2025,upload,outcome,1,SUBSCORE-6,Class Deliverable.,0,1,float,single,,1,
1027441,152260,1,System-Design-Class-Diagram-2025,upload,outcome,1,SUBSCORE-7,Association: Project has Deliverable.,0,1,float,single,,1,
1027441,152260,1,System-Design-Class-Diagram-2025,upload,outcome,1,SUBSCORE-8,"Multiplicity: Project has * Deliverables. 
(*, 0..* or 1..* accepted).",0,1,float,single,,1,
1027441,152260,1,System-Design-Class-Diagram-2025,upload,outcome,1,SUBSCORE-9,Multiplicity: Deliverable belongs to 1 project.,0,1,float,single,,1,
1027441,152260,1,System-Design-Class-Diagram-2025,upload,outcome,1,SUBSCORE-10,Class Team.,0,1,float,single,,1,
1027441,152260,1,System-Design-Class-Diagram-2025,upload,outcome,1,SUBSCORE-11,Association: Team works on Project.,0,1,float,single,,1,
1027441,152260,1,System-Design-Class-Diagram-2025,upload,outcome,1,SUBSCORE-12,Multiplicity: Team works on 1..* Projects.,0,1,float,single,,1,
1027441,152260,1,System-Design-Class-Diagram-2025,upload,outcome,1,SUBSCORE-13,Multiplicity: Project is handled by 1 Team.,0,1,float,single,,1,
1027441,152260,1,System-Design-Class-Diagram-2025,upload,outcome,1,SUBSCORE-14,"Class Member.
Some students will create a class Profile also and link Member to Profile, this is accepted.",0,1,float,single,,1,
1027441,152260,1,System-Design-Class-Diagram-2025,upload,outcome,1,SUBSCORE-15,Association: Member belongs to Team.,0,1,float,single,,1,
1027441,152260,1,System-Design-Class-Diagram-2025,upload,outcome,1,SUBSCORE-16,"Multiplicity: Member belongs to * Teams.
(*, 0..* or 1..* accepted).",0,1,float,single,,1,
1027441,152260,1,System-Design-Class-Diagram-2025,upload,outcome,1,SUBSCORE-17,"Multiplicity: Team has 1..* Members.
(*, 0..*, 1..* accepted).",0,1,float,single,,0,
1027441,152260,1,System-Design-Class-Diagram-2025,upload,outcome,1,SUBSCORE-18,Association: Member leads Team.,0,1,float,single,,0,
1027441,152260,1,System-Design-Class-Diagram-2025,upload,outcome,1,SUBSCORE-19,Multiplicity: Member leads 0..* Teams.,0,1,float,single,,0,
1027441,152260,1,System-Design-Class-Diagram-2025,upload,outcome,1,SUBSCORE-20,Multiplicity: Team is led by 1 Member.,0,1,float,single,,0,
1027441,152260,1,System-Design-Class-Diagram-2025,upload,outcome,1,SUBSCORE-21,"Association Class: Membership.
This class will sit between Member and Team and will keep track of the role of the Member in the team, the date they joined and when they left the team.
Some students might model this class a Class (not association class), this is accepted.",0,1,float,single,,1,
1027441,152260,1,System-Design-Class-Diagram-2025,upload,outcome,1,SUBSCORE-22,Class Developer.,0,1,float,single,,1,
1027441,152260,1,System-Design-Class-Diagram-2025,upload,outcome,1,SUBSCORE-23,Inheritance: Developer inherits from Member.,0,1,float,single,,1,
1027441,152260,1,System-Design-Class-Diagram-2025,upload,outcome,1,SUBSCORE-24,Class Training.,0,1,float,single,,1,
1027441,152260,1,System-Design-Class-Diagram-2025,upload,outcome,1,SUBSCORE-25,Association: Developer attends Training.,0,1,float,single,,1,
1027441,152260,1,System-Design-Class-Diagram-2025,upload,outcome,1,SUBSCORE-26,"Multiplicity: Developer attends * Trainings.
(*, 0..* or 1..* accepted).",0,1,float,single,,1,
1027441,152260,1,System-Design-Class-Diagram-2025,upload,outcome,1,SUBSCORE-27,"Multiplicity: Training attended by * Developers.
(*, 0..* or 1..* accepted).",0,1,float,single,,1,
1027441,152260,1,System-Design-Class-Diagram-2025,upload,outcome,1,SUBSCORE-28,Class Resource.,0,1,float,single,,1,
1027441,152260,1,System-Design-Class-Diagram-2025,upload,outcome,1,SUBSCORE-29,Association: Project requires Resource.,0,1,float,single,,1,
1027441,152260,1,System-Design-Class-Diagram-2025,upload,outcome,1,SUBSCORE-30,"Multiplicity: Project requires * Resources.
(*, 0..* or 1..* accepted).",0,1,float,single,,1,
1027441,152260,1,System-Design-Class-Diagram-2025,upload,outcome,1,SUBSCORE-31,"Multiplicity: Resource used by 1 Project.
We don't specify whether resources can be shared or not, so if the student models this as * or 1..*, this is also accepted.",0,1,float,single,,1,
1027441,152260,1,System-Design-Class-Diagram-2025,upload,outcome,1,SUBSCORE-32,Association: Member allocates Resource.,0,2,float,single,,1,
1027441,152260,1,System-Design-Class-Diagram-2025,upload,outcome,1,SUBSCORE-33,"Multiplicity: Member allocates * Resources.
(*, 0..* or 1..* accepted).",0,1,float,single,,0.5,
1027441,152260,1,System-Design-Class-Diagram-2025,upload,outcome,1,SUBSCORE-34,Multiplicity: Resource is allocated by 1 Member.,0,2,float,single,,0.5,
1027441,152260,1,System-Design-Class-Diagram-2025,upload,outcome,1,SUBSCORE-35,Class Resource Type.,0,1,float,single,,0,
1027441,152260,1,System-Design-Class-Diagram-2025,upload,outcome,1,SUBSCORE-36,Association: Resource belongs to Resource Type.,0,1,float,single,,0,
1027441,152260,1,System-Design-Class-Diagram-2025,upload,outcome,1,SUBSCORE-37,Multiplicity: Resource belongs to 1 Resource Type.,0,1,float,single,,0,
1027441,152260,1,System-Design-Class-Diagram-2025,upload,outcome,1,SUBSCORE-38,"Multiplicity: Resource Type has * Resources.
(*, 0..* or 1..* accepted).",0,1,float,single,,0,
1027441,152260,1,System-Design-Class-Diagram-2025,upload,outcome,1,PASSED,,,,boolean,single,0,false,
1027441,152260,1,System-Design-Class-Diagram-2025,upload,outcome,1,MAXSCORE,,,,float,single,40,40,
1027441,152260,1,System-Design-Class-Diagram-2025,upload,template,1,RESPONSE_CORRECTRESPONSE_POINTS,,,,float,single,40,40,
1027441,152260,1,System-Design-Class-Diagram-2025,upload,template,1,RESPONSE-ACTION,,,,float,single,correct,40,
1027441,152260,1,System-Design-Class-Diagram-2025,upload,,0,SCORE,,,,float,single,,29,
1027441,152260,1,System-Design-Class-Diagram-2025,upload,,0,MAX_SCORE,,,,float,single,,40,
1027441,152260,1,System-Design-Class-Diagram-2025,upload,,0,COMPLETION_STATUS,,,,identifier,single,,completed,
1027664,154689,1,System-Design-Class-Diagram-2025,upload,response,1,RESPONSE,,,,file,single,,[REDACTED],[]
1027664,154689,1,System-Design-Class-Diagram-2025,upload,outcome,1,SUBSCORE-1,Class Client.,0,1,float,single,,1,
1027664,154689,1,System-Design-Class-Diagram-2025,upload,outcome,1,SUBSCORE-2,Class Project,0,1,float,single,,1,
1027664,154689,1,System-Design-Class-Diagram-2025,upload,outcome,1,SUBSCORE-3,Association: Client commissions Project.,0,1,float,single,,0.5,
1027664,154689,1,System-Design-Class-Diagram-2025,upload,outcome,1,SUBSCORE-4,Multiplicity: Client commissions 1..* Projects.,0,1,float,single,,0,
1027664,154689,1,System-Design-Class-Diagram-2025,upload,outcome,1,SUBSCORE-5,Multiplicity: Project is commissioned by 1 Client.,0,1,float,single,,0,
1027664,154689,1,System-Design-Class-Diagram-2025,upload,outcome,1,SUBSCORE-6,Class Deliverable.,0,1,float,single,,1,
1027664,154689,1,System-Design-Class-Diagram-2025,upload,outcome,1,SUBSCORE-7,Association: Project has Deliverable.,0,1,float,single,,0,
1027664,154689,1,System-Design-Class-Diagram-2025,upload,outcome,1,SUBSCORE-8,"Multiplicity: Project has * Deliverables. 
(*, 0..* or 1..* accepted).",0,1,float,single,,0,
1027664,154689,1,System-Design-Class-Diagram-2025,upload,outcome,1,SUBSCORE-9,Multiplicity: Deliverable belongs to 1 project.,0,1,float,single,,0,
1027664,154689,1,System-Design-Class-Diagram-2025,upload,outcome,1,SUBSCORE-10,Class Team.,0,1,float,single,,1,
1027664,154689,1,System-Design-Class-Diagram-2025,upload,outcome,1,SUBSCORE-11,Association: Team works on Project.,0,1,float,single,,0.5,
1027664,154689,1,System-Design-Class-Diagram-2025,upload,outcome,1,SUBSCORE-12,Multiplicity: Team works on 1..* Projects.,0,1,float,single,,1,
1027664,154689,1,System-Design-Class-Diagram-2025,upload,outcome,1,SUBSCORE-13,Multiplicity: Project is handled by 1 Team.,0,1,float,single,,1,
1027664,154689,1,System-Design-Class-Diagram-2025,upload,outcome,1,SUBSCORE-14,"Class Member.
Some students will create a class Profile also and link Member to Profile, this is accepted.",0,1,float,single,,1,
1027664,154689,1,System-Design-Class-Diagram-2025,upload,outcome,1,SUBSCORE-15,Association: Member belongs to Team.,0,1,float,single,,0.5,
1027664,154689,1,System-Design-Class-Diagram-2025,upload,outcome,1,SUBSCORE-16,"Multiplicity: Member belongs to * Teams.
(*, 0..* or 1..* accepted).",0,1,float,single,,0,
1027664,154689,1,System-Design-Class-Diagram-2025,upload,outcome,1,SUBSCORE-17,"Multiplicity: Team has 1..* Members.
(*, 0..*, 1..* accepted).",0,1,float,single,,0,
1027664,154689,1,System-Design-Class-Diagram-2025,upload,outcome,1,SUBSCORE-18,Association: Member leads Team.,0,1,float,single,,0,
1027664,154689,1,System-Design-Class-Diagram-2025,upload,outcome,1,SUBSCORE-19,Multiplicity: Member leads 0..* Teams.,0,1,float,single,,0,
1027664,154689,1,System-Design-Class-Diagram-2025,upload,outcome,1,SUBSCORE-20,Multiplicity: Team is led by 1 Member.,0,1,float,single,,0.5,
1027664,154689,1,System-Design-Class-Diagram-2025,upload,outcome,1,SUBSCORE-21,"Association Class: Membership.
This class will sit between Member and Team and will keep track of the role of the Member in the team, the date they joined and when they left the team.
Some students might model this class a Class (not association class), this is accepted.",0,1,float,single,,0,
1027664,154689,1,System-Design-Class-Diagram-2025,upload,outcome,1,SUBSCORE-22,Class Developer.,0,1,float,single,,0,
1027664,154689,1,System-Design-Class-Diagram-2025,upload,outcome,1,SUBSCORE-23,Inheritance: Developer inherits from Member.,0,1,float,single,,0,
1027664,154689,1,System-Design-Class-Diagram-2025,upload,outcome,1,SUBSCORE-24,Class Training.,0,1,float,single,,1,
1027664,154689,1,System-Design-Class-Diagram-2025,upload,outcome,1,SUBSCORE-25,Association: Developer attends Training.,0,1,float,single,,0,
1027664,154689,1,System-Design-Class-Diagram-2025,upload,outcome,1,SUBSCORE-26,"Multiplicity: Developer attends * Trainings.
(*, 0..* or 1..* accepted).",0,1,float,single,,0,
1027664,154689,1,System-Design-Class-Diagram-2025,upload,outcome,1,SUBSCORE-27,"Multiplicity: Training attended by * Developers.
(*, 0..* or 1..* accepted).",0,1,float,single,,0,
1027664,154689,1,System-Design-Class-Diagram-2025,upload,outcome,1,SUBSCORE-28,Class Resource.,0,1,float,single,,1,
1027664,154689,1,System-Design-Class-Diagram-2025,upload,outcome,1,SUBSCORE-29,Association: Project requires Resource.,0,1,float,single,,0.5,
1027664,154689,1,System-Design-Class-Diagram-2025,upload,outcome,1,SUBSCORE-30,"Multiplicity: Project requires * Resources.
(*, 0..* or 1..* accepted).",0,1,float,single,,1,
1027664,154689,1,System-Design-Class-Diagram-2025,upload,outcome,1,SUBSCORE-31,"Multiplicity: Resource used by 1 Project.
We don't specify whether resources can be shared or not, so if the student models this as * or 1..*, this is also accepted.",0,1,float,single,,1,
1027664,154689,1,System-Design-Class-Diagram-2025,upload,outcome,1,SUBSCORE-32,Association: Member allocates Resource.,0,2,float,single,,0,
1027664,154689,1,System-Design-Class-Diagram-2025,upload,outcome,1,SUBSCORE-33,"Multiplicity: Member allocates * Resources.
(*, 0..* or 1..* accepted).",0,1,float,single,,0,
1027664,154689,1,System-Design-Class-Diagram-2025,upload,outcome,1,SUBSCORE-34,Multiplicity: Resource is allocated by 1 Member.,0,2,float,single,,0,
1027664,154689,1,System-Design-Class-Diagram-2025,upload,outcome,1,SUBSCORE-35,Class Resource Type.,0,1,float,single,,0,
1027664,154689,1,System-Design-Class-Diagram-2025,upload,outcome,1,SUBSCORE-36,Association: Resource belongs to Resource Type.,0,1,float,single,,0,
1027664,154689,1,System-Design-Class-Diagram-2025,upload,outcome,1,SUBSCORE-37,Multiplicity: Resource belongs to 1 Resource Type.,0,1,float,single,,0,
1027664,154689,1,System-Design-Class-Diagram-2025,upload,outcome,1,SUBSCORE-38,"Multiplicity: Resource Type has * Resources.
(*, 0..* or 1..* accepted).",0,1,float,single,,0,
1027664,154689,1,System-Design-Class-Diagram-2025,upload,outcome,1,PASSED,,,,boolean,single,0,false,
1027664,154689,1,System-Design-Class-Diagram-2025,upload,outcome,1,MAXSCORE,,,,float,single,40,40,
1027664,154689,1,System-Design-Class-Diagram-2025,upload,template,1,RESPONSE_CORRECTRESPONSE_POINTS,,,,float,single,40,40,
1027664,154689,1,System-Design-Class-Diagram-2025,upload,template,1,RESPONSE-ACTION,,,,float,single,correct,40,
1027664,154689,1,System-Design-Class-Diagram-2025,upload,,0,SCORE,,,,float,single,,13.5,
1027664,154689,1,System-Design-Class-Diagram-2025,upload,,0,MAX_SCORE,,,,float,single,,40,
1027664,154689,1,System-Design-Class-Diagram-2025,upload,,0,COMPLETION_STATUS,,,,identifier,single,,completed,
1027413,153736,1,System-Design-Class-Diagram-2025,upload,response,1,RESPONSE,,,,file,single,,[REDACTED],[]
1027413,153736,1,System-Design-Class-Diagram-2025,upload,outcome,1,SUBSCORE-1,Class Client.,0,1,float,single,,1,
1027413,153736,1,System-Design-Class-Diagram-2025,upload,outcome,1,SUBSCORE-2,Class Project,0,1,float,single,,1,
1027413,153736,1,System-Design-Class-Diagram-2025,upload,outcome,1,SUBSCORE-3,Association: Client commissions Project.,0,1,float,single,,1,
1027413,153736,1,System-Design-Class-Diagram-2025,upload,outcome,1,SUBSCORE-4,Multiplicity: Client commissions 1..* Projects.,0,1,float,single,,1,
1027413,153736,1,System-Design-Class-Diagram-2025,upload,outcome,1,SUBSCORE-5,Multiplicity: Project is commissioned by 1 Client.,0,1,float,single,,1,
1027413,153736,1,System-Design-Class-Diagram-2025,upload,outcome,1,SUBSCORE-6,Class Deliverable.,0,1,float,single,,1,
1027413,153736,1,System-Design-Class-Diagram-2025,upload,outcome,1,SUBSCORE-7,Association: Project has Deliverable.,0,1,float,single,,0,
1027413,153736,1,System-Design-Class-Diagram-2025,upload,outcome,1,SUBSCORE-8,"Multiplicity: Project has * Deliverables. 
(*, 0..* or 1..* accepted).",0,1,float,single,,0,
1027413,153736,1,System-Design-Class-Diagram-2025,upload,outcome,1,SUBSCORE-9,Multiplicity: Deliverable belongs to 1 project.,0,1,float,single,,0,
1027413,153736,1,System-Design-Class-Diagram-2025,upload,outcome,1,SUBSCORE-10,Class Team.,0,1,float,single,,1,
1027413,153736,1,System-Design-Class-Diagram-2025,upload,outcome,1,SUBSCORE-11,Association: Team works on Project.,0,1,float,single,,1,
1027413,153736,1,System-Design-Class-Diagram-2025,upload,outcome,1,SUBSCORE-12,Multiplicity: Team works on 1..* Projects.,0,1,float,single,,1,
1027413,153736,1,System-Design-Class-Diagram-2025,upload,outcome,1,SUBSCORE-13,Multiplicity: Project is handled by 1 Team.,0,1,float,single,,1,
1027413,153736,1,System-Design-Class-Diagram-2025,upload,outcome,1,SUBSCORE-14,"Class Member.
Some students will create a class Profile also and link Member to Profile, this is accepted.",0,1,float,single,,1,
1027413,153736,1,System-Design-Class-Diagram-2025,upload,outcome,1,SUBSCORE-15,Association: Member belongs to Team.,0,1,float,single,,1,
1027413,153736,1,System-Design-Class-Diagram-2025,upload,outcome,1,SUBSCORE-16,"Multiplicity: Member belongs to * Teams.
(*, 0..* or 1..* accepted).",0,1,float,single,,1,
1027413,153736,1,System-Design-Class-Diagram-2025,upload,outcome,1,SUBSCORE-17,"Multiplicity: Team has 1..* Members.
(*, 0..*, 1..* accepted).",0,1,float,single,,1,
1027413,153736,1,System-Design-Class-Diagram-2025,upload,outcome,1,SUBSCORE-18,Association: Member leads Team.,0,1,float,single,,0,
1027413,153736,1,System-Design-Class-Diagram-2025,upload,outcome,1,SUBSCORE-19,Multiplicity: Member leads 0..* Teams.,0,1,float,single,,0,
1027413,153736,1,System-Design-Class-Diagram-2025,upload,outcome,1,SUBSCORE-20,Multiplicity: Team is led by 1 Member.,0,1,float,single,,0,
1027413,153736,1,System-Design-Class-Diagram-2025,upload,outcome,1,SUBSCORE-21,"Association Class: Membership.
This class will sit between Member and Team and will keep track of the role of the Member in the team, the date they joined and when they left the team.
Some students might model this class a Class (not association class), this is accepted.",0,1,float,single,,1,
1027413,153736,1,System-Design-Class-Diagram-2025,upload,outcome,1,SUBSCORE-22,Class Developer.,0,1,float,single,,1,
1027413,153736,1,System-Design-Class-Diagram-2025,upload,outcome,1,SUBSCORE-23,Inheritance: Developer inherits from Member.,0,1,float,single,,1,
1027413,153736,1,System-Design-Class-Diagram-2025,upload,outcome,1,SUBSCORE-24,Class Training.,0,1,float,single,,1,
1027413,153736,1,System-Design-Class-Diagram-2025,upload,outcome,1,SUBSCORE-25,Association: Developer attends Training.,0,1,float,single,,1,
1027413,153736,1,System-Design-Class-Diagram-2025,upload,outcome,1,SUBSCORE-26,"Multiplicity: Developer attends * Trainings.
(*, 0..* or 1..* accepted).",0,1,float,single,,1,
1027413,153736,1,System-Design-Class-Diagram-2025,upload,outcome,1,SUBSCORE-27,"Multiplicity: Training attended by * Developers.
(*, 0..* or 1..* accepted).",0,1,float,single,,1,
1027413,153736,1,System-Design-Class-Diagram-2025,upload,outcome,1,SUBSCORE-28,Class Resource.,0,1,float,single,,1,
1027413,153736,1,System-Design-Class-Diagram-2025,upload,outcome,1,SUBSCORE-29,Association: Project requires Resource.,0,1,float,single,,0,
1027413,153736,1,System-Design-Class-Diagram-2025,upload,outcome,1,SUBSCORE-30,"Multiplicity: Project requires * Resources.
(*, 0..* or 1..* accepted).",0,1,float,single,,0,
1027413,153736,1,System-Design-Class-Diagram-2025,upload,outcome,1,SUBSCORE-31,"Multiplicity: Resource used by 1 Project.
We don't specify whether resources can be shared or not, so if the student models this as * or 1..*, this is also accepted.",0,1,float,single,,0,
1027413,153736,1,System-Design-Class-Diagram-2025,upload,outcome,1,SUBSCORE-32,Association: Member allocates Resource.,0,2,float,single,,1,
1027413,153736,1,System-Design-Class-Diagram-2025,upload,outcome,1,SUBSCORE-33,"Multiplicity: Member allocates * Resources.
(*, 0..* or 1..* accepted).",0,1,float,single,,0,
1027413,153736,1,System-Design-Class-Diagram-2025,upload,outcome,1,SUBSCORE-34,Multiplicity: Resource is allocated by 1 Member.,0,2,float,single,,0,
1027413,153736,1,System-Design-Class-Diagram-2025,upload,outcome,1,SUBSCORE-35,Class Resource Type.,0,1,float,single,,1,
1027413,153736,1,System-Design-Class-Diagram-2025,upload,outcome,1,SUBSCORE-36,Association: Resource belongs to Resource Type.,0,1,float,single,,0.5,
1027413,153736,1,System-Design-Class-Diagram-2025,upload,outcome,1,SUBSCORE-37,Multiplicity: Resource belongs to 1 Resource Type.,0,1,float,single,,1,
1027413,153736,1,System-Design-Class-Diagram-2025,upload,outcome,1,SUBSCORE-38,"Multiplicity: Resource Type has * Resources.
(*, 0..* or 1..* accepted).",0,1,float,single,,0,
1027413,153736,1,System-Design-Class-Diagram-2025,upload,outcome,1,PASSED,,,,boolean,single,0,false,
1027413,153736,1,System-Design-Class-Diagram-2025,upload,outcome,1,MAXSCORE,,,,float,single,40,40,
1027413,153736,1,System-Design-Class-Diagram-2025,upload,template,1,RESPONSE_CORRECTRESPONSE_POINTS,,,,float,single,40,40,
1027413,153736,1,System-Design-Class-Diagram-2025,upload,template,1,RESPONSE-ACTION,,,,float,single,correct,40,
1027413,153736,1,System-Design-Class-Diagram-2025,upload,,0,SCORE,,,,float,single,,25.5,
1027413,153736,1,System-Design-Class-Diagram-2025,upload,,0,MAX_SCORE,,,,float,single,,40,
1027413,153736,1,System-Design-Class-Diagram-2025,upload,,0,COMPLETION_STATUS,,,,identifier,single,,completed,
1027560,152947,1,System-Design-Class-Diagram-2025,upload,response,1,RESPONSE,,,,file,single,,[REDACTED],[]
1027560,152947,1,System-Design-Class-Diagram-2025,upload,outcome,1,SUBSCORE-1,Class Client.,0,1,float,single,,1,
1027560,152947,1,System-Design-Class-Diagram-2025,upload,outcome,1,SUBSCORE-2,Class Project,0,1,float,single,,1,
1027560,152947,1,System-Design-Class-Diagram-2025,upload,outcome,1,SUBSCORE-3,Association: Client commissions Project.,0,1,float,single,,1,
1027560,152947,1,System-Design-Class-Diagram-2025,upload,outcome,1,SUBSCORE-4,Multiplicity: Client commissions 1..* Projects.,0,1,float,single,,1,
1027560,152947,1,System-Design-Class-Diagram-2025,upload,outcome,1,SUBSCORE-5,Multiplicity: Project is commissioned by 1 Client.,0,1,float,single,,1,
1027560,152947,1,System-Design-Class-Diagram-2025,upload,outcome,1,SUBSCORE-6,Class Deliverable.,0,1,float,single,,0.5,
1027560,152947,1,System-Design-Class-Diagram-2025,upload,outcome,1,SUBSCORE-7,Association: Project has Deliverable.,0,1,float,single,,1,
1027560,152947,1,System-Design-Class-Diagram-2025,upload,outcome,1,SUBSCORE-8,"Multiplicity: Project has * Deliverables. 
(*, 0..* or 1..* accepted).",0,1,float,single,,1,
1027560,152947,1,System-Design-Class-Diagram-2025,upload,outcome,1,SUBSCORE-9,Multiplicity: Deliverable belongs to 1 project.,0,1,float,single,,1,
1027560,152947,1,System-Design-Class-Diagram-2025,upload,outcome,1,SUBSCORE-10,Class Team.,0,1,float,single,,1,
1027560,152947,1,System-Design-Class-Diagram-2025,upload,outcome,1,SUBSCORE-11,Association: Team works on Project.,0,1,float,single,,1,
1027560,152947,1,System-Design-Class-Diagram-2025,upload,outcome,1,SUBSCORE-12,Multiplicity: Team works on 1..* Projects.,0,1,float,single,,1,
1027560,152947,1,System-Design-Class-Diagram-2025,upload,outcome,1,SUBSCORE-13,Multiplicity: Project is handled by 1 Team.,0,1,float,single,,1,
1027560,152947,1,System-Design-Class-Diagram-2025,upload,outcome,1,SUBSCORE-14,"Class Member.
Some students will create a class Profile also and link Member to Profile, this is accepted.",0,1,float,single,,1,
1027560,152947,1,System-Design-Class-Diagram-2025,upload,outcome,1,SUBSCORE-15,Association: Member belongs to Team.,0,1,float,single,,1,
1027560,152947,1,System-Design-Class-Diagram-2025,upload,outcome,1,SUBSCORE-16,"Multiplicity: Member belongs to * Teams.
(*, 0..* or 1..* accepted).",0,1,float,single,,1,
1027560,152947,1,System-Design-Class-Diagram-2025,upload,outcome,1,SUBSCORE-17,"Multiplicity: Team has 1..* Members.
(*, 0..*, 1..* accepted).",0,1,float,single,,1,
1027560,152947,1,System-Design-Class-Diagram-2025,upload,outcome,1,SUBSCORE-18,Association: Member leads Team.,0,1,float,single,,1,
1027560,152947,1,System-Design-Class-Diagram-2025,upload,outcome,1,SUBSCORE-19,Multiplicity: Member leads 0..* Teams.,0,1,float,single,,1,
1027560,152947,1,System-Design-Class-Diagram-2025,upload,outcome,1,SUBSCORE-20,Multiplicity: Team is led by 1 Member.,0,1,float,single,,1,
1027560,152947,1,System-Design-Class-Diagram-2025,upload,outcome,1,SUBSCORE-21,"Association Class: Membership.
This class will sit between Member and Team and will keep track of the role of the Member in the team, the date they joined and when they left the team.
Some students might model this class a Class (not association class), this is accepted.",0,1,float,single,,1,
1027560,152947,1,System-Design-Class-Diagram-2025,upload,outcome,1,SUBSCORE-22,Class Developer.,0,1,float,single,,1,
1027560,152947,1,System-Design-Class-Diagram-2025,upload,outcome,1,SUBSCORE-23,Inheritance: Developer inherits from Member.,0,1,float,single,,1,
1027560,152947,1,System-Design-Class-Diagram-2025,upload,outcome,1,SUBSCORE-24,Class Training.,0,1,float,single,,1,
1027560,152947,1,System-Design-Class-Diagram-2025,upload,outcome,1,SUBSCORE-25,Association: Developer attends Training.,0,1,float,single,,1,
1027560,152947,1,System-Design-Class-Diagram-2025,upload,outcome,1,SUBSCORE-26,"Multiplicity: Developer attends * Trainings.
(*, 0..* or 1..* accepted).",0,1,float,single,,1,
1027560,152947,1,System-Design-Class-Diagram-2025,upload,outcome,1,SUBSCORE-27,"Multiplicity: Training attended by * Developers.
(*, 0..* or 1..* accepted).",0,1,float,single,,1,
1027560,152947,1,System-Design-Class-Diagram-2025,upload,outcome,1,SUBSCORE-28,Class Resource.,0,1,float,single,,1,
1027560,152947,1,System-Design-Class-Diagram-2025,upload,outcome,1,SUBSCORE-29,Association: Project requires Resource.,0,1,float,single,,1,
1027560,152947,1,System-Design-Class-Diagram-2025,upload,outcome,1,SUBSCORE-30,"Multiplicity: Project requires * Resources.
(*, 0..* or 1..* accepted).",0,1,float,single,,1,
1027560,152947,1,System-Design-Class-Diagram-2025,upload,outcome,1,SUBSCORE-31,"Multiplicity: Resource used by 1 Project.
We don't specify whether resources can be shared or not, so if the student models this as * or 1..*, this is also accepted.",0,1,float,single,,1,
1027560,152947,1,System-Design-Class-Diagram-2025,upload,outcome,1,SUBSCORE-32,Association: Member allocates Resource.,0,2,float,single,,1,
1027560,152947,1,System-Design-Class-Diagram-2025,upload,outcome,1,SUBSCORE-33,"Multiplicity: Member allocates * Resources.
(*, 0..* or 1..* accepted).",0,1,float,single,,1,
1027560,152947,1,System-Design-Class-Diagram-2025,upload,outcome,1,SUBSCORE-34,Multiplicity: Resource is allocated by 1 Member.,0,2,float,single,,1,
1027560,152947,1,System-Design-Class-Diagram-2025,upload,outcome,1,SUBSCORE-35,Class Resource Type.,0,1,float,single,,0,
1027560,152947,1,System-Design-Class-Diagram-2025,upload,outcome,1,SUBSCORE-36,Association: Resource belongs to Resource Type.,0,1,float,single,,0,
1027560,152947,1,System-Design-Class-Diagram-2025,upload,outcome,1,SUBSCORE-37,Multiplicity: Resource belongs to 1 Resource Type.,0,1,float,single,,0,
1027560,152947,1,System-Design-Class-Diagram-2025,upload,outcome,1,SUBSCORE-38,"Multiplicity: Resource Type has * Resources.
(*, 0..* or 1..* accepted).",0,1,float,single,,0,
1027560,152947,1,System-Design-Class-Diagram-2025,upload,outcome,1,PASSED,,,,boolean,single,0,false,
1027560,152947,1,System-Design-Class-Diagram-2025,upload,outcome,1,MAXSCORE,,,,float,single,40,40,
1027560,152947,1,System-Design-Class-Diagram-2025,upload,template,1,RESPONSE_CORRECTRESPONSE_POINTS,,,,float,single,40,40,
1027560,152947,1,System-Design-Class-Diagram-2025,upload,template,1,RESPONSE-ACTION,,,,float,single,correct,40,
1027560,152947,1,System-Design-Class-Diagram-2025,upload,,0,SCORE,,,,float,single,,33.5,
1027560,152947,1,System-Design-Class-Diagram-2025,upload,,0,MAX_SCORE,,,,float,single,,40,
1027560,152947,1,System-Design-Class-Diagram-2025,upload,,0,COMPLETION_STATUS,,,,identifier,single,,completed,
1027450,121464,1,System-Design-Class-Diagram-2025,upload,response,1,RESPONSE,,,,file,single,,[REDACTED],[]
1027450,121464,1,System-Design-Class-Diagram-2025,upload,outcome,1,SUBSCORE-1,Class Client.,0,1,float,single,,1,
1027450,121464,1,System-Design-Class-Diagram-2025,upload,outcome,1,SUBSCORE-2,Class Project,0,1,float,single,,1,
1027450,121464,1,System-Design-Class-Diagram-2025,upload,outcome,1,SUBSCORE-3,Association: Client commissions Project.,0,1,float,single,,1,
1027450,121464,1,System-Design-Class-Diagram-2025,upload,outcome,1,SUBSCORE-4,Multiplicity: Client commissions 1..* Projects.,0,1,float,single,,1,
1027450,121464,1,System-Design-Class-Diagram-2025,upload,outcome,1,SUBSCORE-5,Multiplicity: Project is commissioned by 1 Client.,0,1,float,single,,1,
1027450,121464,1,System-Design-Class-Diagram-2025,upload,outcome,1,SUBSCORE-6,Class Deliverable.,0,1,float,single,,1,
1027450,121464,1,System-Design-Class-Diagram-2025,upload,outcome,1,SUBSCORE-7,Association: Project has Deliverable.,0,1,float,single,,1,
1027450,121464,1,System-Design-Class-Diagram-2025,upload,outcome,1,SUBSCORE-8,"Multiplicity: Project has * Deliverables. 
(*, 0..* or 1..* accepted).",0,1,float,single,,1,
1027450,121464,1,System-Design-Class-Diagram-2025,upload,outcome,1,SUBSCORE-9,Multiplicity: Deliverable belongs to 1 project.,0,1,float,single,,1,
1027450,121464,1,System-Design-Class-Diagram-2025,upload,outcome,1,SUBSCORE-10,Class Team.,0,1,float,single,,1,
1027450,121464,1,System-Design-Class-Diagram-2025,upload,outcome,1,SUBSCORE-11,Association: Team works on Project.,0,1,float,single,,1,
1027450,121464,1,System-Design-Class-Diagram-2025,upload,outcome,1,SUBSCORE-12,Multiplicity: Team works on 1..* Projects.,0,1,float,single,,0,
1027450,121464,1,System-Design-Class-Diagram-2025,upload,outcome,1,SUBSCORE-13,Multiplicity: Project is handled by 1 Team.,0,1,float,single,,1,
1027450,121464,1,System-Design-Class-Diagram-2025,upload,outcome,1,SUBSCORE-14,"Class Member.
Some students will create a class Profile also and link Member to Profile, this is accepted.",0,1,float,single,,1,
1027450,121464,1,System-Design-Class-Diagram-2025,upload,outcome,1,SUBSCORE-15,Association: Member belongs to Team.,0,1,float,single,,1,
1027450,121464,1,System-Design-Class-Diagram-2025,upload,outcome,1,SUBSCORE-16,"Multiplicity: Member belongs to * Teams.
(*, 0..* or 1..* accepted).",0,1,float,single,,1,
1027450,121464,1,System-Design-Class-Diagram-2025,upload,outcome,1,SUBSCORE-17,"Multiplicity: Team has 1..* Members.
(*, 0..*, 1..* accepted).",0,1,float,single,,1,
1027450,121464,1,System-Design-Class-Diagram-2025,upload,outcome,1,SUBSCORE-18,Association: Member leads Team.,0,1,float,single,,1,
1027450,121464,1,System-Design-Class-Diagram-2025,upload,outcome,1,SUBSCORE-19,Multiplicity: Member leads 0..* Teams.,0,1,float,single,,1,
1027450,121464,1,System-Design-Class-Diagram-2025,upload,outcome,1,SUBSCORE-20,Multiplicity: Team is led by 1 Member.,0,1,float,single,,1,
1027450,121464,1,System-Design-Class-Diagram-2025,upload,outcome,1,SUBSCORE-21,"Association Class: Membership.
This class will sit between Member and Team and will keep track of the role of the Member in the team, the date they joined and when they left the team.
Some students might model this class a Class (not association class), this is accepted.",0,1,float,single,,0,
1027450,121464,1,System-Design-Class-Diagram-2025,upload,outcome,1,SUBSCORE-22,Class Developer.,0,1,float,single,,1,
1027450,121464,1,System-Design-Class-Diagram-2025,upload,outcome,1,SUBSCORE-23,Inheritance: Developer inherits from Member.,0,1,float,single,,1,
1027450,121464,1,System-Design-Class-Diagram-2025,upload,outcome,1,SUBSCORE-24,Class Training.,0,1,float,single,,1,
1027450,121464,1,System-Design-Class-Diagram-2025,upload,outcome,1,SUBSCORE-25,Association: Developer attends Training.,0,1,float,single,,0.5,
1027450,121464,1,System-Design-Class-Diagram-2025,upload,outcome,1,SUBSCORE-26,"Multiplicity: Developer attends * Trainings.
(*, 0..* or 1..* accepted).",0,1,float,single,,1,
1027450,121464,1,System-Design-Class-Diagram-2025,upload,outcome,1,SUBSCORE-27,"Multiplicity: Training attended by * Developers.
(*, 0..* or 1..* accepted).",0,1,float,single,,1,
1027450,121464,1,System-Design-Class-Diagram-2025,upload,outcome,1,SUBSCORE-28,Class Resource.,0,1,float,single,,1,
1027450,121464,1,System-Design-Class-Diagram-2025,upload,outcome,1,SUBSCORE-29,Association: Project requires Resource.,0,1,float,single,,1,
1027450,121464,1,System-Design-Class-Diagram-2025,upload,outcome,1,SUBSCORE-30,"Multiplicity: Project requires * Resources.
(*, 0..* or 1..* accepted).",0,1,float,single,,1,
1027450,121464,1,System-Design-Class-Diagram-2025,upload,outcome,1,SUBSCORE-31,"Multiplicity: Resource used by 1 Project.
We don't specify whether resources can be shared or not, so if the student models this as * or 1..*, this is also accepted.",0,1,float,single,,1,
1027450,121464,1,System-Design-Class-Diagram-2025,upload,outcome,1,SUBSCORE-32,Association: Member allocates Resource.,0,2,float,single,,0.5,
1027450,121464,1,System-Design-Class-Diagram-2025,upload,outcome,1,SUBSCORE-33,"Multiplicity: Member allocates * Resources.
(*, 0..* or 1..* accepted).",0,1,float,single,,0.5,
1027450,121464,1,System-Design-Class-Diagram-2025,upload,outcome,1,SUBSCORE-34,Multiplicity: Resource is allocated by 1 Member.,0,2,float,single,,0.5,
1027450,121464,1,System-Design-Class-Diagram-2025,upload,outcome,1,SUBSCORE-35,Class Resource Type.,0,1,float,single,,0,
1027450,121464,1,System-Design-Class-Diagram-2025,upload,outcome,1,SUBSCORE-36,Association: Resource belongs to Resource Type.,0,1,float,single,,0,
1027450,121464,1,System-Design-Class-Diagram-2025,upload,outcome,1,SUBSCORE-37,Multiplicity: Resource belongs to 1 Resource Type.,0,1,float,single,,0,
1027450,121464,1,System-Design-Class-Diagram-2025,upload,outcome,1,SUBSCORE-38,"Multiplicity: Resource Type has * Resources.
(*, 0..* or 1..* accepted).",0,1,float,single,,0,
1027450,121464,1,System-Design-Class-Diagram-2025,upload,outcome,1,PASSED,,,,boolean,single,0,false,
1027450,121464,1,System-Design-Class-Diagram-2025,upload,outcome,1,MAXSCORE,,,,float,single,40,40,
1027450,121464,1,System-Design-Class-Diagram-2025,upload,template,1,RESPONSE_CORRECTRESPONSE_POINTS,,,,float,single,40,40,
1027450,121464,1,System-Design-Class-Diagram-2025,upload,template,1,RESPONSE-ACTION,,,,float,single,correct,40,
1027450,121464,1,System-Design-Class-Diagram-2025,upload,,0,SCORE,,,,float,single,,30,
1027450,121464,1,System-Design-Class-Diagram-2025,upload,,0,MAX_SCORE,,,,float,single,,40,
1027450,121464,1,System-Design-Class-Diagram-2025,upload,,0,COMPLETION_STATUS,,,,identifier,single,,completed,
1027676,147612,1,System-Design-Class-Diagram-2025,upload,response,1,RESPONSE,,,,file,single,,[REDACTED],[]
1027676,147612,1,System-Design-Class-Diagram-2025,upload,outcome,1,SUBSCORE-1,Class Client.,0,1,float,single,,1,
1027676,147612,1,System-Design-Class-Diagram-2025,upload,outcome,1,SUBSCORE-2,Class Project,0,1,float,single,,1,
1027676,147612,1,System-Design-Class-Diagram-2025,upload,outcome,1,SUBSCORE-3,Association: Client commissions Project.,0,1,float,single,,1,
1027676,147612,1,System-Design-Class-Diagram-2025,upload,outcome,1,SUBSCORE-4,Multiplicity: Client commissions 1..* Projects.,0,1,float,single,,1,
1027676,147612,1,System-Design-Class-Diagram-2025,upload,outcome,1,SUBSCORE-5,Multiplicity: Project is commissioned by 1 Client.,0,1,float,single,,1,
1027676,147612,1,System-Design-Class-Diagram-2025,upload,outcome,1,SUBSCORE-6,Class Deliverable.,0,1,float,single,,1,
1027676,147612,1,System-Design-Class-Diagram-2025,upload,outcome,1,SUBSCORE-7,Association: Project has Deliverable.,0,1,float,single,,1,
1027676,147612,1,System-Design-Class-Diagram-2025,upload,outcome,1,SUBSCORE-8,"Multiplicity: Project has * Deliverables. 
(*, 0..* or 1..* accepted).",0,1,float,single,,1,
1027676,147612,1,System-Design-Class-Diagram-2025,upload,outcome,1,SUBSCORE-9,Multiplicity: Deliverable belongs to 1 project.,0,1,float,single,,1,
1027676,147612,1,System-Design-Class-Diagram-2025,upload,outcome,1,SUBSCORE-10,Class Team.,0,1,float,single,,1,
1027676,147612,1,System-Design-Class-Diagram-2025,upload,outcome,1,SUBSCORE-11,Association: Team works on Project.,0,1,float,single,,0.5,
1027676,147612,1,System-Design-Class-Diagram-2025,upload,outcome,1,SUBSCORE-12,Multiplicity: Team works on 1..* Projects.,0,1,float,single,,0.5,
1027676,147612,1,System-Design-Class-Diagram-2025,upload,outcome,1,SUBSCORE-13,Multiplicity: Project is handled by 1 Team.,0,1,float,single,,0.5,
1027676,147612,1,System-Design-Class-Diagram-2025,upload,outcome,1,SUBSCORE-14,"Class Member.
Some students will create a class Profile also and link Member to Profile, this is accepted.",0,1,float,single,,1,
1027676,147612,1,System-Design-Class-Diagram-2025,upload,outcome,1,SUBSCORE-15,Association: Member belongs to Team.,0,1,float,single,,1,
1027676,147612,1,System-Design-Class-Diagram-2025,upload,outcome,1,SUBSCORE-16,"Multiplicity: Member belongs to * Teams.
(*, 0..* or 1..* accepted).",0,1,float,single,,1,
1027676,147612,1,System-Design-Class-Diagram-2025,upload,outcome,1,SUBSCORE-17,"Multiplicity: Team has 1..* Members.
(*, 0..*, 1..* accepted).",0,1,float,single,,0,
1027676,147612,1,System-Design-Class-Diagram-2025,upload,outcome,1,SUBSCORE-18,Association: Member leads Team.,0,1,float,single,,0,
1027676,147612,1,System-Design-Class-Diagram-2025,upload,outcome,1,SUBSCORE-19,Multiplicity: Member leads 0..* Teams.,0,1,float,single,,0,
1027676,147612,1,System-Design-Class-Diagram-2025,upload,outcome,1,SUBSCORE-20,Multiplicity: Team is led by 1 Member.,0,1,float,single,,0,
1027676,147612,1,System-Design-Class-Diagram-2025,upload,outcome,1,SUBSCORE-21,"Association Class: Membership.
This class will sit between Member and Team and will keep track of the role of the Member in the team, the date they joined and when they left the team.
Some students might model this class a Class (not association class), this is accepted.",0,1,float,single,,0,
1027676,147612,1,System-Design-Class-Diagram-2025,upload,outcome,1,SUBSCORE-22,Class Developer.,0,1,float,single,,0,
1027676,147612,1,System-Design-Class-Diagram-2025,upload,outcome,1,SUBSCORE-23,Inheritance: Developer inherits from Member.,0,1,float,single,,0,
1027676,147612,1,System-Design-Class-Diagram-2025,upload,outcome,1,SUBSCORE-24,Class Training.,0,1,float,single,,0,
1027676,147612,1,System-Design-Class-Diagram-2025,upload,outcome,1,SUBSCORE-25,Association: Developer attends Training.,0,1,float,single,,0,
1027676,147612,1,System-Design-Class-Diagram-2025,upload,outcome,1,SUBSCORE-26,"Multiplicity: Developer attends * Trainings.
(*, 0..* or 1..* accepted).",0,1,float,single,,0,
1027676,147612,1,System-Design-Class-Diagram-2025,upload,outcome,1,SUBSCORE-27,"Multiplicity: Training attended by * Developers.
(*, 0..* or 1..* accepted).",0,1,float,single,,0,
1027676,147612,1,System-Design-Class-Diagram-2025,upload,outcome,1,SUBSCORE-28,Class Resource.,0,1,float,single,,1,
1027676,147612,1,System-Design-Class-Diagram-2025,upload,outcome,1,SUBSCORE-29,Association: Project requires Resource.,0,1,float,single,,1,
1027676,147612,1,System-Design-Class-Diagram-2025,upload,outcome,1,SUBSCORE-30,"Multiplicity: Project requires * Resources.
(*, 0..* or 1..* accepted).",0,1,float,single,,1,
1027676,147612,1,System-Design-Class-Diagram-2025,upload,outcome,1,SUBSCORE-31,"Multiplicity: Resource used by 1 Project.
We don't specify whether resources can be shared or not, so if the student models this as * or 1..*, this is also accepted.",0,1,float,single,,1,
1027676,147612,1,System-Design-Class-Diagram-2025,upload,outcome,1,SUBSCORE-32,Association: Member allocates Resource.,0,2,float,single,,1,
1027676,147612,1,System-Design-Class-Diagram-2025,upload,outcome,1,SUBSCORE-33,"Multiplicity: Member allocates * Resources.
(*, 0..* or 1..* accepted).",0,1,float,single,,1,
1027676,147612,1,System-Design-Class-Diagram-2025,upload,outcome,1,SUBSCORE-34,Multiplicity: Resource is allocated by 1 Member.,0,2,float,single,,1,
1027676,147612,1,System-Design-Class-Diagram-2025,upload,outcome,1,SUBSCORE-35,Class Resource Type.,0,1,float,single,,0,
1027676,147612,1,System-Design-Class-Diagram-2025,upload,outcome,1,SUBSCORE-36,Association: Resource belongs to Resource Type.,0,1,float,single,,0,
1027676,147612,1,System-Design-Class-Diagram-2025,upload,outcome,1,SUBSCORE-37,Multiplicity: Resource belongs to 1 Resource Type.,0,1,float,single,,0,
1027676,147612,1,System-Design-Class-Diagram-2025,upload,outcome,1,SUBSCORE-38,"Multiplicity: Resource Type has * Resources.
(*, 0..* or 1..* accepted).",0,1,float,single,,0,
1027676,147612,1,System-Design-Class-Diagram-2025,upload,outcome,1,PASSED,,,,boolean,single,0,false,
1027676,147612,1,System-Design-Class-Diagram-2025,upload,outcome,1,MAXSCORE,,,,float,single,40,40,
1027676,147612,1,System-Design-Class-Diagram-2025,upload,template,1,RESPONSE_CORRECTRESPONSE_POINTS,,,,float,single,40,40,
1027676,147612,1,System-Design-Class-Diagram-2025,upload,template,1,RESPONSE-ACTION,,,,float,single,correct,40,
1027676,147612,1,System-Design-Class-Diagram-2025,upload,,0,SCORE,,,,float,single,,21.5,
1027676,147612,1,System-Design-Class-Diagram-2025,upload,,0,MAX_SCORE,,,,float,single,,40,
1027676,147612,1,System-Design-Class-Diagram-2025,upload,,0,COMPLETION_STATUS,,,,identifier,single,,completed,
