Candidate ID,Question number,Variable type,Interaction number,Variable name,Variable type,Variable cardinality,Variable default value,Variable value
150683,1,response,1,RESPONSE,file,single,,[REDACTED]
150683,1,outcome,1,SUBSCORE-1,float,single,,1
150683,1,outcome,1,SUBSCORE-2,float,single,,1
150683,1,outcome,1,SUBSCORE-3,float,single,,1
150683,1,outcome,1,SUBSCORE-4,float,single,,1
150683,1,outcome,1,SUBSCORE-5,float,single,,1
150683,1,outcome,1,SUBSCORE-6,float,single,,1
150683,1,outcome,1,SUBSCORE-7,float,single,,1
150683,1,outcome,1,SUBSCORE-8,float,single,,1
150683,1,outcome,1,SUBSCORE-9,float,single,,1
150683,1,outcome,1,SUBSCORE-10,float,single,,1
150683,1,outcome,1,SUBSCORE-11,float,single,,1
150683,1,outcome,1,SUBSCORE-12,float,single,,1
150683,1,outcome,1,SUBSCORE-13,float,single,,1
150683,1,outcome,1,SUBSCORE-14,float,single,,0
150683,1,outcome,1,SUBSCORE-15,float,single,,1
150683,1,outcome,1,SUBSCORE-16,float,single,,1
150683,1,outcome,1,SUBSCORE-17,float,single,,0
150683,1,outcome,1,SUBSCORE-18,float,single,,1
150683,1,outcome,1,SUBSCORE-19,float,single,,0
150683,1,outcome,1,SUBSCORE-20,float,single,,0
150683,1,outcome,1,SUBSCORE-21,float,single,,0
150683,1,outcome,1,SUBSCORE-22,float,single,,1
150683,1,outcome,1,SUBSCORE-23,float,single,,1
150683,1,outcome,1,SUBSCORE-24,float,single,,1
150683,1,outcome,1,SUBSCORE-25,float,single,,1
150683,1,outcome,1,SUBSCORE-26,float,single,,1
150683,1,outcome,1,SUBSCORE-27,float,single,,1
150683,1,outcome,1,SUBSCORE-28,float,single,,1
150683,1,outcome,1,SUBSCORE-29,float,single,,1
150683,1,outcome,1,SUBSCORE-30,float,single,,1
150683,1,outcome,1,SUBSCORE-31,float,single,,1
150683,1,outcome,1,SUBSCORE-32,float,single,,0
150683,1,outcome,1,SUBSCORE-33,float,single,,1
150683,1,outcome,1,SUBSCORE-34,float,single,,1
150683,1,outcome,1,SUBSCORE-35,float,single,,1
150683,1,outcome,1,SUBSCORE-36,float,single,,1
150683,1,outcome,1,SUBSCORE-37,float,single,,1
150683,1,outcome,1,SUBSCORE-38,float,single,,0.5
150683,1,outcome,1,SUBSCORE-39,float,single,,0.5
150683,1,outcome,1,SUBSCORE-40,float,single,,0.5
150683,1,outcome,1,PASSED,boolean,single,0,false
150683,1,outcome,1,MAXSCORE,float,single,40,40
150683,1,template,1,RESPONSE_CORRECTRESPONSE_POINTS,float,single,40,40
150683,1,template,1,RESPONSE-ACTION,float,single,,40
150683,1,,0,SCORE,float,single,,32.5
150683,1,,0,MAX_SCORE,float,single,,40
150683,1,,0,COMPLETION_STATUS,identifier,single,,completed
150246,1,response,1,RESPONSE,file,single,,[REDACTED]
150246,1,outcome,1,SUBSCORE-1,float,single,,1
150246,1,outcome,1,SUBSCORE-2,float,single,,1
150246,1,outcome,1,SUBSCORE-3,float,single,,1
150246,1,outcome,1,SUBSCORE-4,float,single,,1
150246,1,outcome,1,SUBSCORE-5,float,single,,1
150246,1,outcome,1,SUBSCORE-6,float,single,,1
150246,1,outcome,1,SUBSCORE-7,float,single,,1
150246,1,outcome,1,SUBSCORE-8,float,single,,1
150246,1,outcome,1,SUBSCORE-9,float,single,,1
150246,1,outcome,1,SUBSCORE-10,float,single,,1
150246,1,outcome,1,SUBSCORE-11,float,single,,1
150246,1,outcome,1,SUBSCORE-12,float,single,,1
150246,1,outcome,1,SUBSCORE-13,float,single,,1
150246,1,outcome,1,SUBSCORE-14,float,single,,1
150246,1,outcome,1,SUBSCORE-15,float,single,,1
150246,1,outcome,1,SUBSCORE-16,float,single,,1
150246,1,outcome,1,SUBSCORE-17,float,single,,1
150246,1,outcome,1,SUBSCORE-18,float,single,,1
150246,1,outcome,1,SUBSCORE-19,float,single,,0
150246,1,outcome,1,SUBSCORE-20,float,single,,0
150246,1,outcome,1,SUBSCORE-21,float,single,,0
150246,1,outcome,1,SUBSCORE-22,float,single,,1
150246,1,outcome,1,SUBSCORE-23,float,single,,1
150246,1,outcome,1,SUBSCORE-24,float,single,,1
150246,1,outcome,1,SUBSCORE-25,float,single,,1
150246,1,outcome,1,SUBSCORE-26,float,single,,1
150246,1,outcome,1,SUBSCORE-27,float,single,,1
150246,1,outcome,1,SUBSCORE-28,float,single,,1
150246,1,outcome,1,SUBSCORE-29,float,single,,1
150246,1,outcome,1,SUBSCORE-30,float,single,,1
150246,1,outcome,1,SUBSCORE-31,float,single,,1
150246,1,outcome,1,SUBSCORE-32,float,single,,1
150246,1,outcome,1,SUBSCORE-33,float,single,,1
150246,1,outcome,1,SUBSCORE-34,float,single,,1
150246,1,outcome,1,SUBSCORE-35,float,single,,1
150246,1,outcome,1,SUBSCORE-36,float,single,,1
150246,1,outcome,1,SUBSCORE-37,float,single,,1
150246,1,outcome,1,SUBSCORE-38,float,single,,0
150246,1,outcome,1,SUBSCORE-39,float,single,,0
150246,1,outcome,1,SUBSCORE-40,float,single,,0
150246,1,outcome,1,PASSED,boolean,single,0,false
150246,1,outcome,1,MAXSCORE,float,single,40,40
150246,1,template,1,RESPONSE_CORRECTRESPONSE_POINTS,float,single,40,40
150246,1,template,1,RESPONSE-ACTION,float,single,,40
150246,1,,0,SCORE,float,single,,34
150246,1,,0,MAX_SCORE,float,single,,40
150246,1,,0,COMPLETION_STATUS,identifier,single,,completed
150402,1,response,1,RESPONSE,file,single,,[REDACTED]
150402,1,outcome,1,SUBSCORE-1,float,single,,1
150402,1,outcome,1,SUBSCORE-2,float,single,,1
150402,1,outcome,1,SUBSCORE-3,float,single,,1
150402,1,outcome,1,SUBSCORE-4,float,single,,1
150402,1,outcome,1,SUBSCORE-5,float,single,,0
150402,1,outcome,1,SUBSCORE-6,float,single,,1
150402,1,outcome,1,SUBSCORE-7,float,single,,1
150402,1,outcome,1,SUBSCORE-8,float,single,,1
150402,1,outcome,1,SUBSCORE-9,float,single,,1
150402,1,outcome,1,SUBSCORE-10,float,single,,1
150402,1,outcome,1,SUBSCORE-11,float,single,,1
150402,1,outcome,1,SUBSCORE-12,float,single,,1
150402,1,outcome,1,SUBSCORE-13,float,single,,1
150402,1,outcome,1,SUBSCORE-14,float,single,,1
150402,1,outcome,1,SUBSCORE-15,float,single,,1
150402,1,outcome,1,SUBSCORE-16,float,single,,1
150402,1,outcome,1,SUBSCORE-17,float,single,,0
150402,1,outcome,1,SUBSCORE-18,float,single,,1
150402,1,outcome,1,SUBSCORE-19,float,single,,0
150402,1,outcome,1,SUBSCORE-20,float,single,,0
150402,1,outcome,1,SUBSCORE-21,float,single,,0
150402,1,outcome,1,SUBSCORE-22,float,single,,0
150402,1,outcome,1,SUBSCORE-23,float,single,,0
150402,1,outcome,1,SUBSCORE-24,float,single,,0
150402,1,outcome,1,SUBSCORE-25,float,single,,0
150402,1,outcome,1,SUBSCORE-26,float,single,,0
150402,1,outcome,1,SUBSCORE-27,float,single,,0
150402,1,outcome,1,SUBSCORE-28,float,single,,0
150402,1,outcome,1,SUBSCORE-29,float,single,,0
150402,1,outcome,1,SUBSCORE-30,float,single,,0
150402,1,outcome,1,SUBSCORE-31,float,single,,0
150402,1,outcome,1,SUBSCORE-32,float,single,,0
150402,1,outcome,1,SUBSCORE-33,float,single,,1
150402,1,outcome,1,SUBSCORE-34,float,single,,1
150402,1,outcome,1,SUBSCORE-35,float,single,,0
150402,1,outcome,1,SUBSCORE-36,float,single,,0
150402,1,outcome,1,SUBSCORE-37,float,single,,1
150402,1,outcome,1,SUBSCORE-38,float,single,,1
150402,1,outcome,1,SUBSCORE-39,float,single,,0
150402,1,outcome,1,SUBSCORE-40,float,single,,1
150402,1,outcome,1,PASSED,boolean,single,0,false
150402,1,outcome,1,MAXSCORE,float,single,40,40
150402,1,template,1,RESPONSE_CORRECTRESPONSE_POINTS,float,single,40,40
150402,1,template,1,RESPONSE-ACTION,float,single,,40
150402,1,,0,SCORE,float,single,,21
150402,1,,0,MAX_SCORE,float,single,,40
150402,1,,0,COMPLETION_STATUS,identifier,single,,completed
148622,1,response,1,RESPONSE,file,single,,[REDACTED]
148622,1,outcome,1,SUBSCORE-1,float,single,,1
148622,1,outcome,1,SUBSCORE-2,float,single,,1
148622,1,outcome,1,SUBSCORE-3,float,single,,1
148622,1,outcome,1,SUBSCORE-4,float,single,,1
148622,1,outcome,1,SUBSCORE-5,float,single,,1
148622,1,outcome,1,SUBSCORE-6,float,single,,1
148622,1,outcome,1,SUBSCORE-7,float,single,,1
148622,1,outcome,1,SUBSCORE-8,float,single,,1
148622,1,outcome,1,SUBSCORE-9,float,single,,1
148622,1,outcome,1,SUBSCORE-10,float,single,,1
148622,1,outcome,1,SUBSCORE-11,float,single,,1
148622,1,outcome,1,SUBSCORE-12,float,single,,1
148622,1,outcome,1,SUBSCORE-13,float,single,,1
148622,1,outcome,1,SUBSCORE-14,float,single,,1
148622,1,outcome,1,SUBSCORE-15,float,single,,1
148622,1,outcome,1,SUBSCORE-16,float,single,,0
148622,1,outcome,1,SUBSCORE-17,float,single,,1
148622,1,outcome,1,SUBSCORE-18,float,single,,1
148622,1,outcome,1,SUBSCORE-19,float,single,,0
148622,1,outcome,1,SUBSCORE-20,float,single,,0
148622,1,outcome,1,SUBSCORE-21,float,single,,0
148622,1,outcome,1,SUBSCORE-22,float,single,,1
148622,1,outcome,1,SUBSCORE-23,float,single,,1
148622,1,outcome,1,SUBSCORE-24,float,single,,1
148622,1,outcome,1,SUBSCORE-25,float,single,,1
148622,1,outcome,1,SUBSCORE-26,float,single,,1
148622,1,outcome,1,SUBSCORE-27,float,single,,1
148622,1,outcome,1,SUBSCORE-28,float,single,,1
148622,1,outcome,1,SUBSCORE-29,float,single,,1
148622,1,outcome,1,SUBSCORE-30,float,single,,0
148622,1,outcome,1,SUBSCORE-31,float,single,,0
148622,1,outcome,1,SUBSCORE-32,float,single,,0
148622,1,outcome,1,SUBSCORE-33,float,single,,1
148622,1,outcome,1,SUBSCORE-34,float,single,,1
148622,1,outcome,1,SUBSCORE-35,float,single,,0
148622,1,outcome,1,SUBSCORE-36,float,single,,1
148622,1,outcome,1,SUBSCORE-37,float,single,,0
148622,1,outcome,1,SUBSCORE-38,float,single,,0
148622,1,outcome,1,SUBSCORE-39,float,single,,0
148622,1,outcome,1,SUBSCORE-40,float,single,,0
148622,1,outcome,1,PASSED,boolean,single,0,false
148622,1,outcome,1,MAXSCORE,float,single,40,40
148622,1,template,1,RESPONSE_CORRECTRESPONSE_POINTS,float,single,40,40
148622,1,template,1,RESPONSE-ACTION,float,single,,40
148622,1,,0,SCORE,float,single,,28
148622,1,,0,MAX_SCORE,float,single,,40
148622,1,,0,COMPLETION_STATUS,identifier,single,,completed
149618,1,response,1,RESPONSE,file,single,,[REDACTED]
149618,1,outcome,1,SUBSCORE-1,float,single,,1
149618,1,outcome,1,SUBSCORE-2,float,single,,1
149618,1,outcome,1,SUBSCORE-3,float,single,,1
149618,1,outcome,1,SUBSCORE-4,float,single,,1
149618,1,outcome,1,SUBSCORE-5,float,single,,1
149618,1,outcome,1,SUBSCORE-6,float,single,,1
149618,1,outcome,1,SUBSCORE-7,float,single,,1
149618,1,outcome,1,SUBSCORE-8,float,single,,1
149618,1,outcome,1,SUBSCORE-9,float,single,,1
149618,1,outcome,1,SUBSCORE-10,float,single,,1
149618,1,outcome,1,SUBSCORE-11,float,single,,1
149618,1,outcome,1,SUBSCORE-12,float,single,,1
149618,1,outcome,1,SUBSCORE-13,float,single,,1
149618,1,outcome,1,SUBSCORE-14,float,single,,1
149618,1,outcome,1,SUBSCORE-15,float,single,,0
149618,1,outcome,1,SUBSCORE-16,float,single,,0
149618,1,outcome,1,SUBSCORE-17,float,single,,0
149618,1,outcome,1,SUBSCORE-18,float,single,,1
149618,1,outcome,1,SUBSCORE-19,float,single,,1
149618,1,outcome,1,SUBSCORE-20,float,single,,0
149618,1,outcome,1,SUBSCORE-21,float,single,,0
149618,1,outcome,1,SUBSCORE-22,float,single,,1
149618,1,outcome,1,SUBSCORE-23,float,single,,1
149618,1,outcome,1,SUBSCORE-24,float,single,,1
149618,1,outcome,1,SUBSCORE-25,float,single,,1
149618,1,outcome,1,SUBSCORE-26,float,single,,1
149618,1,outcome,1,SUBSCORE-27,float,single,,1
149618,1,outcome,1,SUBSCORE-28,float,single,,1
149618,1,outcome,1,SUBSCORE-29,float,single,,1
149618,1,outcome,1,SUBSCORE-30,float,single,,1
149618,1,outcome,1,SUBSCORE-31,float,single,,1
149618,1,outcome,1,SUBSCORE-32,float,single,,0
149618,1,outcome,1,SUBSCORE-33,float,single,,1
149618,1,outcome,1,SUBSCORE-34,float,single,,1
149618,1,outcome,1,SUBSCORE-35,float,single,,1
149618,1,outcome,1,SUBSCORE-36,float,single,,0
149618,1,outcome,1,SUBSCORE-37,float,single,,1
149618,1,outcome,1,SUBSCORE-38,float,single,,0.5
149618,1,outcome,1,SUBSCORE-39,float,single,,0.5
149618,1,outcome,1,SUBSCORE-40,float,single,,0.5
149618,1,outcome,1,PASSED,boolean,single,0,false
149618,1,outcome,1,MAXSCORE,float,single,40,40
149618,1,template,1,RESPONSE_CORRECTRESPONSE_POINTS,float,single,40,40
149618,1,template,1,RESPONSE-ACTION,float,single,,40
149618,1,,0,SCORE,float,single,,31.5
149618,1,,0,MAX_SCORE,float,single,,40
149618,1,,0,COMPLETION_STATUS,identifier,single,,completed
99884,1,response,1,RESPONSE,file,single,,[REDACTED]
99884,1,outcome,1,SUBSCORE-1,float,single,,1
99884,1,outcome,1,SUBSCORE-2,float,single,,1
99884,1,outcome,1,SUBSCORE-3,float,single,,1
99884,1,outcome,1,SUBSCORE-4,float,single,,0
99884,1,outcome,1,SUBSCORE-5,float,single,,0
99884,1,outcome,1,SUBSCORE-6,float,single,,1
99884,1,outcome,1,SUBSCORE-7,float,single,,1
99884,1,outcome,1,SUBSCORE-8,float,single,,1
99884,1,outcome,1,SUBSCORE-9,float,single,,1
99884,1,outcome,1,SUBSCORE-10,float,single,,1
99884,1,outcome,1,SUBSCORE-11,float,single,,0
99884,1,outcome,1,SUBSCORE-12,float,single,,0
99884,1,outcome,1,SUBSCORE-13,float,single,,0
99884,1,outcome,1,SUBSCORE-14,float,single,,0
99884,1,outcome,1,SUBSCORE-15,float,single,,0
99884,1,outcome,1,SUBSCORE-16,float,single,,0
99884,1,outcome,1,SUBSCORE-17,float,single,,0
99884,1,outcome,1,SUBSCORE-18,float,single,,1
99884,1,outcome,1,SUBSCORE-19,float,single,,0
99884,1,outcome,1,SUBSCORE-20,float,single,,0
99884,1,outcome,1,SUBSCORE-21,float,single,,0
99884,1,outcome,1,SUBSCORE-22,float,single,,1
99884,1,outcome,1,SUBSCORE-23,float,single,,1
99884,1,outcome,1,SUBSCORE-24,float,single,,1
99884,1,outcome,1,SUBSCORE-25,float,single,,1
99884,1,outcome,1,SUBSCORE-26,float,single,,0
99884,1,outcome,1,SUBSCORE-27,float,single,,0
99884,1,outcome,1,SUBSCORE-28,float,single,,0
99884,1,outcome,1,SUBSCORE-29,float,single,,0
99884,1,outcome,1,SUBSCORE-30,float,single,,0
99884,1,outcome,1,SUBSCORE-31,float,single,,0
99884,1,outcome,1,SUBSCORE-32,float,single,,0
99884,1,outcome,1,SUBSCORE-33,float,single,,1
99884,1,outcome,1,SUBSCORE-34,float,single,,1
99884,1,outcome,1,SUBSCORE-35,float,single,,1
99884,1,outcome,1,SUBSCORE-36,float,single,,0
99884,1,outcome,1,SUBSCORE-37,float,single,,1
99884,1,outcome,1,SUBSCORE-38,float,single,,1
99884,1,outcome,1,SUBSCORE-39,float,single,,1
99884,1,outcome,1,SUBSCORE-40,float,single,,1
99884,1,outcome,1,PASSED,boolean,single,0,false
99884,1,outcome,1,MAXSCORE,float,single,40,40
99884,1,template,1,RESPONSE_CORRECTRESPONSE_POINTS,float,single,40,40
99884,1,template,1,RESPONSE-ACTION,float,single,,40
99884,1,,0,SCORE,float,single,,20
99884,1,,0,MAX_SCORE,float,single,,40
99884,1,,0,COMPLETION_STATUS,identifier,single,,completed
97679,1,response,1,RESPONSE,file,single,,[REDACTED]
97679,1,outcome,1,SUBSCORE-1,float,single,,1
97679,1,outcome,1,SUBSCORE-2,float,single,,0
97679,1,outcome,1,SUBSCORE-3,float,single,,0
97679,1,outcome,1,SUBSCORE-4,float,single,,0
97679,1,outcome,1,SUBSCORE-5,float,single,,0
97679,1,outcome,1,SUBSCORE-6,float,single,,1
97679,1,outcome,1,SUBSCORE-7,float,single,,1
97679,1,outcome,1,SUBSCORE-8,float,single,,1
97679,1,outcome,1,SUBSCORE-9,float,single,,1
97679,1,outcome,1,SUBSCORE-10,float,single,,1
97679,1,outcome,1,SUBSCORE-11,float,single,,0
97679,1,outcome,1,SUBSCORE-12,float,single,,0
97679,1,outcome,1,SUBSCORE-13,float,single,,0
97679,1,outcome,1,SUBSCORE-14,float,single,,0
97679,1,outcome,1,SUBSCORE-15,float,single,,0
97679,1,outcome,1,SUBSCORE-16,float,single,,0
97679,1,outcome,1,SUBSCORE-17,float,single,,0
97679,1,outcome,1,SUBSCORE-18,float,single,,1
97679,1,outcome,1,SUBSCORE-19,float,single,,0
97679,1,outcome,1,SUBSCORE-20,float,single,,0
97679,1,outcome,1,SUBSCORE-21,float,single,,0
97679,1,outcome,1,SUBSCORE-22,float,single,,1
97679,1,outcome,1,SUBSCORE-23,float,single,,0
97679,1,outcome,1,SUBSCORE-24,float,single,,0
97679,1,outcome,1,SUBSCORE-25,float,single,,0
97679,1,outcome,1,SUBSCORE-26,float,single,,1
97679,1,outcome,1,SUBSCORE-27,float,single,,1
97679,1,outcome,1,SUBSCORE-28,float,single,,1
97679,1,outcome,1,SUBSCORE-29,float,single,,0
97679,1,outcome,1,SUBSCORE-30,float,single,,0
97679,1,outcome,1,SUBSCORE-31,float,single,,0
97679,1,outcome,1,SUBSCORE-32,float,single,,0
97679,1,outcome,1,SUBSCORE-33,float,single,,1
97679,1,outcome,1,SUBSCORE-34,float,single,,1
97679,1,outcome,1,SUBSCORE-35,float,single,,1
97679,1,outcome,1,SUBSCORE-36,float,single,,1
97679,1,outcome,1,SUBSCORE-37,float,single,,1
97679,1,outcome,1,SUBSCORE-38,float,single,,0
97679,1,outcome,1,SUBSCORE-39,float,single,,0
97679,1,outcome,1,SUBSCORE-40,float,single,,0
97679,1,outcome,1,PASSED,boolean,single,0,false
97679,1,outcome,1,MAXSCORE,float,single,40,40
97679,1,template,1,RESPONSE_CORRECTRESPONSE_POINTS,float,single,40,40
97679,1,template,1,RESPONSE-ACTION,float,single,,40
97679,1,,0,SCORE,float,single,,16
97679,1,,0,MAX_SCORE,float,single,,40
97679,1,,0,COMPLETION_STATUS,identifier,single,,completed
149836,1,response,1,RESPONSE,file,single,,[REDACTED]
149836,1,outcome,1,SUBSCORE-1,float,single,,1
149836,1,outcome,1,SUBSCORE-2,float,single,,1
149836,1,outcome,1,SUBSCORE-3,float,single,,1
149836,1,outcome,1,SUBSCORE-4,float,single,,1
149836,1,outcome,1,SUBSCORE-5,float,single,,1
149836,1,outcome,1,SUBSCORE-6,float,single,,1
149836,1,outcome,1,SUBSCORE-7,float,single,,1
149836,1,outcome,1,SUBSCORE-8,float,single,,1
149836,1,outcome,1,SUBSCORE-9,float,single,,1
149836,1,outcome,1,SUBSCORE-10,float,single,,1
149836,1,outcome,1,SUBSCORE-11,float,single,,1
149836,1,outcome,1,SUBSCORE-12,float,single,,0
149836,1,outcome,1,SUBSCORE-13,float,single,,0
149836,1,outcome,1,SUBSCORE-14,float,single,,0
149836,1,outcome,1,SUBSCORE-15,float,single,,0
149836,1,outcome,1,SUBSCORE-16,float,single,,0
149836,1,outcome,1,SUBSCORE-17,float,single,,0
149836,1,outcome,1,SUBSCORE-18,float,single,,1
149836,1,outcome,1,SUBSCORE-19,float,single,,0
149836,1,outcome,1,SUBSCORE-20,float,single,,0
149836,1,outcome,1,SUBSCORE-21,float,single,,0
149836,1,outcome,1,SUBSCORE-22,float,single,,1
149836,1,outcome,1,SUBSCORE-23,float,single,,1
149836,1,outcome,1,SUBSCORE-24,float,single,,1
149836,1,outcome,1,SUBSCORE-25,float,single,,1
149836,1,outcome,1,SUBSCORE-26,float,single,,1
149836,1,outcome,1,SUBSCORE-27,float,single,,1
149836,1,outcome,1,SUBSCORE-28,float,single,,1
149836,1,outcome,1,SUBSCORE-29,float,single,,1
149836,1,outcome,1,SUBSCORE-30,float,single,,1
149836,1,outcome,1,SUBSCORE-31,float,single,,1
149836,1,outcome,1,SUBSCORE-32,float,single,,1
149836,1,outcome,1,SUBSCORE-33,float,single,,1
149836,1,outcome,1,SUBSCORE-34,float,single,,1
149836,1,outcome,1,SUBSCORE-35,float,single,,1
149836,1,outcome,1,SUBSCORE-36,float,single,,0
149836,1,outcome,1,SUBSCORE-37,float,single,,1
149836,1,outcome,1,SUBSCORE-38,float,single,,0.5
149836,1,outcome,1,SUBSCORE-39,float,single,,0.5
149836,1,outcome,1,SUBSCORE-40,float,single,,0
149836,1,outcome,1,PASSED,boolean,single,0,false
149836,1,outcome,1,MAXSCORE,float,single,40,40
149836,1,template,1,RESPONSE_CORRECTRESPONSE_POINTS,float,single,40,40
149836,1,template,1,RESPONSE-ACTION,float,single,,40
149836,1,,0,SCORE,float,single,,28
149836,1,,0,MAX_SCORE,float,single,,40
149836,1,,0,COMPLETION_STATUS,identifier,single,,completed
143148,1,response,1,RESPONSE,file,single,,[REDACTED]
143148,1,outcome,1,SUBSCORE-1,float,single,,1
143148,1,outcome,1,SUBSCORE-2,float,single,,1
143148,1,outcome,1,SUBSCORE-3,float,single,,1
143148,1,outcome,1,SUBSCORE-4,float,single,,1
143148,1,outcome,1,SUBSCORE-5,float,single,,1
143148,1,outcome,1,SUBSCORE-6,float,single,,1
143148,1,outcome,1,SUBSCORE-7,float,single,,1
143148,1,outcome,1,SUBSCORE-8,float,single,,1
143148,1,outcome,1,SUBSCORE-9,float,single,,1
143148,1,outcome,1,SUBSCORE-10,float,single,,1
143148,1,outcome,1,SUBSCORE-11,float,single,,0
143148,1,outcome,1,SUBSCORE-12,float,single,,0
143148,1,outcome,1,SUBSCORE-13,float,single,,0
143148,1,outcome,1,SUBSCORE-14,float,single,,0
143148,1,outcome,1,SUBSCORE-15,float,single,,0
143148,1,outcome,1,SUBSCORE-16,float,single,,0
143148,1,outcome,1,SUBSCORE-17,float,single,,0
143148,1,outcome,1,SUBSCORE-18,float,single,,1
143148,1,outcome,1,SUBSCORE-19,float,single,,0
143148,1,outcome,1,SUBSCORE-20,float,single,,0
143148,1,outcome,1,SUBSCORE-21,float,single,,0
143148,1,outcome,1,SUBSCORE-22,float,single,,1
143148,1,outcome,1,SUBSCORE-23,float,single,,0
143148,1,outcome,1,SUBSCORE-24,float,single,,0
143148,1,outcome,1,SUBSCORE-25,float,single,,0
143148,1,outcome,1,SUBSCORE-26,float,single,,1
143148,1,outcome,1,SUBSCORE-27,float,single,,1
143148,1,outcome,1,SUBSCORE-28,float,single,,1
143148,1,outcome,1,SUBSCORE-29,float,single,,0
143148,1,outcome,1,SUBSCORE-30,float,single,,0
143148,1,outcome,1,SUBSCORE-31,float,single,,0
143148,1,outcome,1,SUBSCORE-32,float,single,,0
143148,1,outcome,1,SUBSCORE-33,float,single,,1
143148,1,outcome,1,SUBSCORE-34,float,single,,1
143148,1,outcome,1,SUBSCORE-35,float,single,,1
143148,1,outcome,1,SUBSCORE-36,float,single,,1
143148,1,outcome,1,SUBSCORE-37,float,single,,1
143148,1,outcome,1,SUBSCORE-38,float,single,,1
143148,1,outcome,1,SUBSCORE-39,float,single,,1
143148,1,outcome,1,SUBSCORE-40,float,single,,1
143148,1,outcome,1,PASSED,boolean,single,0,false
143148,1,outcome,1,MAXSCORE,float,single,40,40
143148,1,template,1,RESPONSE_CORRECTRESPONSE_POINTS,float,single,40,40
143148,1,template,1,RESPONSE-ACTION,float,single,,40
143148,1,,0,SCORE,float,single,,23
143148,1,,0,MAX_SCORE,float,single,,40
143148,1,,0,COMPLETION_STATUS,identifier,single,,completed
148588,1,response,1,RESPONSE,file,single,,[REDACTED]
148588,1,outcome,1,SUBSCORE-1,float,single,,1
148588,1,outcome,1,SUBSCORE-2,float,single,,1
148588,1,outcome,1,SUBSCORE-3,float,single,,1
148588,1,outcome,1,SUBSCORE-4,float,single,,1
148588,1,outcome,1,SUBSCORE-5,float,single,,1
148588,1,outcome,1,SUBSCORE-6,float,single,,1
148588,1,outcome,1,SUBSCORE-7,float,single,,1
148588,1,outcome,1,SUBSCORE-8,float,single,,1
148588,1,outcome,1,SUBSCORE-9,float,single,,1
148588,1,outcome,1,SUBSCORE-10,float,single,,1
148588,1,outcome,1,SUBSCORE-11,float,single,,1
148588,1,outcome,1,SUBSCORE-12,float,single,,1
148588,1,outcome,1,SUBSCORE-13,float,single,,1
148588,1,outcome,1,SUBSCORE-14,float,single,,1
148588,1,outcome,1,SUBSCORE-15,float,single,,0
148588,1,outcome,1,SUBSCORE-16,float,single,,0
148588,1,outcome,1,SUBSCORE-17,float,single,,0
148588,1,outcome,1,SUBSCORE-18,float,single,,1
148588,1,outcome,1,SUBSCORE-19,float,single,,0
148588,1,outcome,1,SUBSCORE-20,float,single,,0
148588,1,outcome,1,SUBSCORE-21,float,single,,0
148588,1,outcome,1,SUBSCORE-22,float,single,,1
148588,1,outcome,1,SUBSCORE-23,float,single,,0
148588,1,outcome,1,SUBSCORE-24,float,single,,0
148588,1,outcome,1,SUBSCORE-25,float,single,,0
148588,1,outcome,1,SUBSCORE-26,float,single,,1
148588,1,outcome,1,SUBSCORE-27,float,single,,1
148588,1,outcome,1,SUBSCORE-28,float,single,,1
148588,1,outcome,1,SUBSCORE-29,float,single,,0
148588,1,outcome,1,SUBSCORE-30,float,single,,0
148588,1,outcome,1,SUBSCORE-31,float,single,,0
148588,1,outcome,1,SUBSCORE-32,float,single,,0
148588,1,outcome,1,SUBSCORE-33,float,single,,1
148588,1,outcome,1,SUBSCORE-34,float,single,,0
148588,1,outcome,1,SUBSCORE-35,float,single,,0
148588,1,outcome,1,SUBSCORE-36,float,single,,0
148588,1,outcome,1,SUBSCORE-37,float,single,,1
148588,1,outcome,1,SUBSCORE-38,float,single,,0.5
148588,1,outcome,1,SUBSCORE-39,float,single,,0.5
148588,1,outcome,1,SUBSCORE-40,float,single,,0.5
148588,1,outcome,1,PASSED,boolean,single,0,false
148588,1,outcome,1,MAXSCORE,float,single,40,40
148588,1,template,1,RESPONSE_CORRECTRESPONSE_POINTS,float,single,40,40
148588,1,template,1,RESPONSE-ACTION,float,single,,40
148588,1,,0,SCORE,float,single,,22.5
148588,1,,0,MAX_SCORE,float,single,,40
148588,1,,0,COMPLETION_STATUS,identifier,single,,completed
143666,1,response,1,RESPONSE,file,single,,[REDACTED]
143666,1,outcome,1,SUBSCORE-1,float,single,,1
143666,1,outcome,1,SUBSCORE-2,float,single,,1
143666,1,outcome,1,SUBSCORE-3,float,single,,1
143666,1,outcome,1,SUBSCORE-4,float,single,,1
143666,1,outcome,1,SUBSCORE-5,float,single,,1
143666,1,outcome,1,SUBSCORE-6,float,single,,1
143666,1,outcome,1,SUBSCORE-7,float,single,,1
143666,1,outcome,1,SUBSCORE-8,float,single,,1
143666,1,outcome,1,SUBSCORE-9,float,single,,1
143666,1,outcome,1,SUBSCORE-10,float,single,,1
143666,1,outcome,1,SUBSCORE-11,float,single,,1
143666,1,outcome,1,SUBSCORE-12,float,single,,1
143666,1,outcome,1,SUBSCORE-13,float,single,,0
143666,1,outcome,1,SUBSCORE-14,float,single,,1
143666,1,outcome,1,SUBSCORE-15,float,single,,0
143666,1,outcome,1,SUBSCORE-16,float,single,,0
143666,1,outcome,1,SUBSCORE-17,float,single,,0
143666,1,outcome,1,SUBSCORE-18,float,single,,1
143666,1,outcome,1,SUBSCORE-19,float,single,,0
143666,1,outcome,1,SUBSCORE-20,float,single,,0
143666,1,outcome,1,SUBSCORE-21,float,single,,0
143666,1,outcome,1,SUBSCORE-22,float,single,,1
143666,1,outcome,1,SUBSCORE-23,float,single,,1
143666,1,outcome,1,SUBSCORE-24,float,single,,0
143666,1,outcome,1,SUBSCORE-25,float,single,,0
143666,1,outcome,1,SUBSCORE-26,float,single,,1
143666,1,outcome,1,SUBSCORE-27,float,single,,1
143666,1,outcome,1,SUBSCORE-28,float,single,,1
143666,1,outcome,1,SUBSCORE-29,float,single,,1
143666,1,outcome,1,SUBSCORE-30,float,single,,0
143666,1,outcome,1,SUBSCORE-31,float,single,,0
143666,1,outcome,1,SUBSCORE-32,float,single,,0
143666,1,outcome,1,SUBSCORE-33,float,single,,1
143666,1,outcome,1,SUBSCORE-34,float,single,,1
143666,1,outcome,1,SUBSCORE-35,float,single,,0
143666,1,outcome,1,SUBSCORE-36,float,single,,0
143666,1,outcome,1,SUBSCORE-37,float,single,,1
143666,1,outcome,1,SUBSCORE-38,float,single,,1
143666,1,outcome,1,SUBSCORE-39,float,single,,1
143666,1,outcome,1,SUBSCORE-40,float,single,,1
143666,1,outcome,1,PASSED,boolean,single,0,false
143666,1,outcome,1,MAXSCORE,float,single,40,40
143666,1,template,1,RESPONSE_CORRECTRESPONSE_POINTS,float,single,40,40
143666,1,template,1,RESPONSE-ACTION,float,single,,40
143666,1,,0,SCORE,float,single,,26
143666,1,,0,MAX_SCORE,float,single,,40
143666,1,,0,COMPLETION_STATUS,identifier,single,,completed
150542,1,response,1,RESPONSE,file,single,,[REDACTED]
150542,1,outcome,1,SUBSCORE-1,float,single,,1
150542,1,outcome,1,SUBSCORE-2,float,single,,0
150542,1,outcome,1,SUBSCORE-3,float,single,,0
150542,1,outcome,1,SUBSCORE-4,float,single,,0
150542,1,outcome,1,SUBSCORE-5,float,single,,0
150542,1,outcome,1,SUBSCORE-6,float,single,,1
150542,1,outcome,1,SUBSCORE-7,float,single,,1
150542,1,outcome,1,SUBSCORE-8,float,single,,1
150542,1,outcome,1,SUBSCORE-9,float,single,,1
150542,1,outcome,1,SUBSCORE-10,float,single,,0
150542,1,outcome,1,SUBSCORE-11,float,single,,1
150542,1,outcome,1,SUBSCORE-12,float,single,,0
150542,1,outcome,1,SUBSCORE-13,float,single,,0
150542,1,outcome,1,SUBSCORE-14,float,single,,0
150542,1,outcome,1,SUBSCORE-15,float,single,,0
150542,1,outcome,1,SUBSCORE-16,float,single,,0
150542,1,outcome,1,SUBSCORE-17,float,single,,0
150542,1,outcome,1,SUBSCORE-18,float,single,,1
150542,1,outcome,1,SUBSCORE-19,float,single,,0
150542,1,outcome,1,SUBSCORE-20,float,single,,0
150542,1,outcome,1,SUBSCORE-21,float,single,,0
150542,1,outcome,1,SUBSCORE-22,float,single,,1
150542,1,outcome,1,SUBSCORE-23,float,single,,1
150542,1,outcome,1,SUBSCORE-24,float,single,,1
150542,1,outcome,1,SUBSCORE-25,float,single,,1
150542,1,outcome,1,SUBSCORE-26,float,single,,1
150542,1,outcome,1,SUBSCORE-27,float,single,,1
150542,1,outcome,1,SUBSCORE-28,float,single,,0
150542,1,outcome,1,SUBSCORE-29,float,single,,1
150542,1,outcome,1,SUBSCORE-30,float,single,,1
150542,1,outcome,1,SUBSCORE-31,float,single,,1
150542,1,outcome,1,SUBSCORE-32,float,single,,0
150542,1,outcome,1,SUBSCORE-33,float,single,,1
150542,1,outcome,1,SUBSCORE-34,float,single,,1
150542,1,outcome,1,SUBSCORE-35,float,single,,1
150542,1,outcome,1,SUBSCORE-36,float,single,,1
150542,1,outcome,1,SUBSCORE-37,float,single,,1
150542,1,outcome,1,SUBSCORE-38,float,single,,1
150542,1,outcome,1,SUBSCORE-39,float,single,,1
150542,1,outcome,1,SUBSCORE-40,float,single,,1
150542,1,outcome,1,PASSED,boolean,single,0,false
150542,1,outcome,1,MAXSCORE,float,single,40,40
150542,1,template,1,RESPONSE_CORRECTRESPONSE_POINTS,float,single,40,40
150542,1,template,1,RESPONSE-ACTION,float,single,,40
150542,1,,0,SCORE,float,single,,24
150542,1,,0,MAX_SCORE,float,single,,40
150542,1,,0,COMPLETION_STATUS,identifier,single,,completed
150192,1,response,1,RESPONSE,file,single,,[REDACTED]
150192,1,outcome,1,SUBSCORE-1,float,single,,1
150192,1,outcome,1,SUBSCORE-2,float,single,,1
150192,1,outcome,1,SUBSCORE-3,float,single,,1
150192,1,outcome,1,SUBSCORE-4,float,single,,1
150192,1,outcome,1,SUBSCORE-5,float,single,,1
150192,1,outcome,1,SUBSCORE-6,float,single,,1
150192,1,outcome,1,SUBSCORE-7,float,single,,1
150192,1,outcome,1,SUBSCORE-8,float,single,,1
150192,1,outcome,1,SUBSCORE-9,float,single,,1
150192,1,outcome,1,SUBSCORE-10,float,single,,1
150192,1,outcome,1,SUBSCORE-11,float,single,,1
150192,1,outcome,1,SUBSCORE-12,float,single,,1
150192,1,outcome,1,SUBSCORE-13,float,single,,1
150192,1,outcome,1,SUBSCORE-14,float,single,,1
150192,1,outcome,1,SUBSCORE-15,float,single,,1
150192,1,outcome,1,SUBSCORE-16,float,single,,1
150192,1,outcome,1,SUBSCORE-17,float,single,,0
150192,1,outcome,1,SUBSCORE-18,float,single,,1
150192,1,outcome,1,SUBSCORE-19,float,single,,0
150192,1,outcome,1,SUBSCORE-20,float,single,,0
150192,1,outcome,1,SUBSCORE-21,float,single,,0
150192,1,outcome,1,SUBSCORE-22,float,single,,1
150192,1,outcome,1,SUBSCORE-23,float,single,,1
150192,1,outcome,1,SUBSCORE-24,float,single,,1
150192,1,outcome,1,SUBSCORE-25,float,single,,1
150192,1,outcome,1,SUBSCORE-26,float,single,,1
150192,1,outcome,1,SUBSCORE-27,float,single,,1
150192,1,outcome,1,SUBSCORE-28,float,single,,1
150192,1,outcome,1,SUBSCORE-29,float,single,,1
150192,1,outcome,1,SUBSCORE-30,float,single,,1
150192,1,outcome,1,SUBSCORE-31,float,single,,1
150192,1,outcome,1,SUBSCORE-32,float,single,,0
150192,1,outcome,1,SUBSCORE-33,float,single,,1
150192,1,outcome,1,SUBSCORE-34,float,single,,1
150192,1,outcome,1,SUBSCORE-35,float,single,,1
150192,1,outcome,1,SUBSCORE-36,float,single,,0
150192,1,outcome,1,SUBSCORE-37,float,single,,1
150192,1,outcome,1,SUBSCORE-38,float,single,,1
150192,1,outcome,1,SUBSCORE-39,float,single,,1
150192,1,outcome,1,SUBSCORE-40,float,single,,1
150192,1,outcome,1,PASSED,boolean,single,0,false
150192,1,outcome,1,MAXSCORE,float,single,40,40
150192,1,template,1,RESPONSE_CORRECTRESPONSE_POINTS,float,single,40,40
150192,1,template,1,RESPONSE-ACTION,float,single,,40
150192,1,,0,SCORE,float,single,,34
150192,1,,0,MAX_SCORE,float,single,,40
150192,1,,0,COMPLETION_STATUS,identifier,single,,completed
98609,1,response,1,RESPONSE,file,single,,[REDACTED]
98609,1,outcome,1,SUBSCORE-1,float,single,,1
98609,1,outcome,1,SUBSCORE-2,float,single,,1
98609,1,outcome,1,SUBSCORE-3,float,single,,1
98609,1,outcome,1,SUBSCORE-4,float,single,,1
98609,1,outcome,1,SUBSCORE-5,float,single,,1
98609,1,outcome,1,SUBSCORE-6,float,single,,1
98609,1,outcome,1,SUBSCORE-7,float,single,,1
98609,1,outcome,1,SUBSCORE-8,float,single,,1
98609,1,outcome,1,SUBSCORE-9,float,single,,1
98609,1,outcome,1,SUBSCORE-10,float,single,,1
98609,1,outcome,1,SUBSCORE-11,float,single,,1
98609,1,outcome,1,SUBSCORE-12,float,single,,1
98609,1,outcome,1,SUBSCORE-13,float,single,,0
98609,1,outcome,1,SUBSCORE-14,float,single,,1
98609,1,outcome,1,SUBSCORE-15,float,single,,0
98609,1,outcome,1,SUBSCORE-16,float,single,,0
98609,1,outcome,1,SUBSCORE-17,float,single,,0
98609,1,outcome,1,SUBSCORE-18,float,single,,1
98609,1,outcome,1,SUBSCORE-19,float,single,,0
98609,1,outcome,1,SUBSCORE-20,float,single,,0
98609,1,outcome,1,SUBSCORE-21,float,single,,0
98609,1,outcome,1,SUBSCORE-22,float,single,,1
98609,1,outcome,1,SUBSCORE-23,float,single,,0
98609,1,outcome,1,SUBSCORE-24,float,single,,0
98609,1,outcome,1,SUBSCORE-25,float,single,,0
98609,1,outcome,1,SUBSCORE-26,float,single,,1
98609,1,outcome,1,SUBSCORE-27,float,single,,1
98609,1,outcome,1,SUBSCORE-28,float,single,,1
98609,1,outcome,1,SUBSCORE-29,float,single,,1
98609,1,outcome,1,SUBSCORE-30,float,single,,0
98609,1,outcome,1,SUBSCORE-31,float,single,,0
98609,1,outcome,1,SUBSCORE-32,float,single,,0
98609,1,outcome,1,SUBSCORE-33,float,single,,1
98609,1,outcome,1,SUBSCORE-34,float,single,,1
98609,1,outcome,1,SUBSCORE-35,float,single,,0
98609,1,outcome,1,SUBSCORE-36,float,single,,0
98609,1,outcome,1,SUBSCORE-37,float,single,,1
98609,1,outcome,1,SUBSCORE-38,float,single,,1
98609,1,outcome,1,SUBSCORE-39,float,single,,0
98609,1,outcome,1,SUBSCORE-40,float,single,,1
98609,1,outcome,1,PASSED,boolean,single,0,false
98609,1,outcome,1,MAXSCORE,float,single,40,40
98609,1,template,1,RESPONSE_CORRECTRESPONSE_POINTS,float,single,40,40
98609,1,template,1,RESPONSE-ACTION,float,single,,40
98609,1,,0,SCORE,float,single,,24
98609,1,,0,MAX_SCORE,float,single,,40
98609,1,,0,COMPLETION_STATUS,identifier,single,,completed
91459,1,response,1,RESPONSE,file,single,,[REDACTED]
91459,1,outcome,1,SUBSCORE-1,float,single,,1
91459,1,outcome,1,SUBSCORE-2,float,single,,1
91459,1,outcome,1,SUBSCORE-3,float,single,,1
91459,1,outcome,1,SUBSCORE-4,float,single,,1
91459,1,outcome,1,SUBSCORE-5,float,single,,1
91459,1,outcome,1,SUBSCORE-6,float,single,,1
91459,1,outcome,1,SUBSCORE-7,float,single,,1
91459,1,outcome,1,SUBSCORE-8,float,single,,1
91459,1,outcome,1,SUBSCORE-9,float,single,,1
91459,1,outcome,1,SUBSCORE-10,float,single,,1
91459,1,outcome,1,SUBSCORE-11,float,single,,1
91459,1,outcome,1,SUBSCORE-12,float,single,,1
91459,1,outcome,1,SUBSCORE-13,float,single,,0
91459,1,outcome,1,SUBSCORE-14,float,single,,1
91459,1,outcome,1,SUBSCORE-15,float,single,,0
91459,1,outcome,1,SUBSCORE-16,float,single,,0
91459,1,outcome,1,SUBSCORE-17,float,single,,0
91459,1,outcome,1,SUBSCORE-18,float,single,,1
91459,1,outcome,1,SUBSCORE-19,float,single,,0
91459,1,outcome,1,SUBSCORE-20,float,single,,0
91459,1,outcome,1,SUBSCORE-21,float,single,,0
91459,1,outcome,1,SUBSCORE-22,float,single,,1
91459,1,outcome,1,SUBSCORE-23,float,single,,1
91459,1,outcome,1,SUBSCORE-24,float,single,,1
91459,1,outcome,1,SUBSCORE-25,float,single,,1
91459,1,outcome,1,SUBSCORE-26,float,single,,1
91459,1,outcome,1,SUBSCORE-27,float,single,,1
91459,1,outcome,1,SUBSCORE-28,float,single,,1
91459,1,outcome,1,SUBSCORE-29,float,single,,1
91459,1,outcome,1,SUBSCORE-30,float,single,,0
91459,1,outcome,1,SUBSCORE-31,float,single,,0
91459,1,outcome,1,SUBSCORE-32,float,single,,0
91459,1,outcome,1,SUBSCORE-33,float,single,,1
91459,1,outcome,1,SUBSCORE-34,float,single,,1
91459,1,outcome,1,SUBSCORE-35,float,single,,0
91459,1,outcome,1,SUBSCORE-36,float,single,,1
91459,1,outcome,1,SUBSCORE-37,float,single,,1
91459,1,outcome,1,SUBSCORE-38,float,single,,0.5
91459,1,outcome,1,SUBSCORE-39,float,single,,0
91459,1,outcome,1,SUBSCORE-40,float,single,,0.5
91459,1,outcome,1,PASSED,boolean,single,0,false
91459,1,outcome,1,MAXSCORE,float,single,40,40
91459,1,template,1,RESPONSE_CORRECTRESPONSE_POINTS,float,single,40,40
91459,1,template,1,RESPONSE-ACTION,float,single,,40
91459,1,,0,SCORE,float,single,,27
91459,1,,0,MAX_SCORE,float,single,,40
91459,1,,0,COMPLETION_STATUS,identifier,single,,completed
150312,1,response,1,RESPONSE,file,single,,[REDACTED]
150312,1,outcome,1,SUBSCORE-1,float,single,,1
150312,1,outcome,1,SUBSCORE-2,float,single,,0
150312,1,outcome,1,SUBSCORE-3,float,single,,0
150312,1,outcome,1,SUBSCORE-4,float,single,,0
150312,1,outcome,1,SUBSCORE-5,float,single,,0
150312,1,outcome,1,SUBSCORE-6,float,single,,1
150312,1,outcome,1,SUBSCORE-7,float,single,,1
150312,1,outcome,1,SUBSCORE-8,float,single,,1
150312,1,outcome,1,SUBSCORE-9,float,single,,1
150312,1,outcome,1,SUBSCORE-10,float,single,,1
150312,1,outcome,1,SUBSCORE-11,float,single,,1
150312,1,outcome,1,SUBSCORE-12,float,single,,1
150312,1,outcome,1,SUBSCORE-13,float,single,,1
150312,1,outcome,1,SUBSCORE-14,float,single,,1
150312,1,outcome,1,SUBSCORE-15,float,single,,0
150312,1,outcome,1,SUBSCORE-16,float,single,,0
150312,1,outcome,1,SUBSCORE-17,float,single,,0
150312,1,outcome,1,SUBSCORE-18,float,single,,1
150312,1,outcome,1,SUBSCORE-19,float,single,,0
150312,1,outcome,1,SUBSCORE-20,float,single,,0
150312,1,outcome,1,SUBSCORE-21,float,single,,0
150312,1,outcome,1,SUBSCORE-22,float,single,,1
150312,1,outcome,1,SUBSCORE-23,float,single,,1
150312,1,outcome,1,SUBSCORE-24,float,single,,0
150312,1,outcome,1,SUBSCORE-25,float,single,,0
150312,1,outcome,1,SUBSCORE-26,float,single,,0
150312,1,outcome,1,SUBSCORE-27,float,single,,0
150312,1,outcome,1,SUBSCORE-28,float,single,,0
150312,1,outcome,1,SUBSCORE-29,float,single,,0
150312,1,outcome,1,SUBSCORE-30,float,single,,0
150312,1,outcome,1,SUBSCORE-31,float,single,,0
150312,1,outcome,1,SUBSCORE-32,float,single,,0
150312,1,outcome,1,SUBSCORE-33,float,single,,1
150312,1,outcome,1,SUBSCORE-34,float,single,,1
150312,1,outcome,1,SUBSCORE-35,float,single,,0
150312,1,outcome,1,SUBSCORE-36,float,single,,0
150312,1,outcome,1,SUBSCORE-37,float,single,,1
150312,1,outcome,1,SUBSCORE-38,float,single,,1
150312,1,outcome,1,SUBSCORE-39,float,single,,0
150312,1,outcome,1,SUBSCORE-40,float,single,,1
150312,1,outcome,1,PASSED,boolean,single,0,false
150312,1,outcome,1,MAXSCORE,float,single,40,40
150312,1,template,1,RESPONSE_CORRECTRESPONSE_POINTS,float,single,40,40
150312,1,template,1,RESPONSE-ACTION,float,single,,40
150312,1,,0,SCORE,float,single,,18
150312,1,,0,MAX_SCORE,float,single,,40
150312,1,,0,COMPLETION_STATUS,identifier,single,,completed
150051,1,response,1,RESPONSE,file,single,,[REDACTED]
150051,1,outcome,1,SUBSCORE-1,float,single,,1
150051,1,outcome,1,SUBSCORE-2,float,single,,1
150051,1,outcome,1,SUBSCORE-3,float,single,,1
150051,1,outcome,1,SUBSCORE-4,float,single,,1
150051,1,outcome,1,SUBSCORE-5,float,single,,1
150051,1,outcome,1,SUBSCORE-6,float,single,,1
150051,1,outcome,1,SUBSCORE-7,float,single,,1
150051,1,outcome,1,SUBSCORE-8,float,single,,1
150051,1,outcome,1,SUBSCORE-9,float,single,,1
150051,1,outcome,1,SUBSCORE-10,float,single,,1
150051,1,outcome,1,SUBSCORE-11,float,single,,1
150051,1,outcome,1,SUBSCORE-12,float,single,,1
150051,1,outcome,1,SUBSCORE-13,float,single,,1
150051,1,outcome,1,SUBSCORE-14,float,single,,1
150051,1,outcome,1,SUBSCORE-15,float,single,,0
150051,1,outcome,1,SUBSCORE-16,float,single,,0
150051,1,outcome,1,SUBSCORE-17,float,single,,0
150051,1,outcome,1,SUBSCORE-18,float,single,,1
150051,1,outcome,1,SUBSCORE-19,float,single,,0
150051,1,outcome,1,SUBSCORE-20,float,single,,0
150051,1,outcome,1,SUBSCORE-21,float,single,,0
150051,1,outcome,1,SUBSCORE-22,float,single,,1
150051,1,outcome,1,SUBSCORE-23,float,single,,1
150051,1,outcome,1,SUBSCORE-24,float,single,,1
150051,1,outcome,1,SUBSCORE-25,float,single,,1
150051,1,outcome,1,SUBSCORE-26,float,single,,1
150051,1,outcome,1,SUBSCORE-27,float,single,,1
150051,1,outcome,1,SUBSCORE-28,float,single,,1
150051,1,outcome,1,SUBSCORE-29,float,single,,1
150051,1,outcome,1,SUBSCORE-30,float,single,,1
150051,1,outcome,1,SUBSCORE-31,float,single,,1
150051,1,outcome,1,SUBSCORE-32,float,single,,0
150051,1,outcome,1,SUBSCORE-33,float,single,,1
150051,1,outcome,1,SUBSCORE-34,float,single,,1
150051,1,outcome,1,SUBSCORE-35,float,single,,1
150051,1,outcome,1,SUBSCORE-36,float,single,,1
150051,1,outcome,1,SUBSCORE-37,float,single,,0
150051,1,outcome,1,SUBSCORE-38,float,single,,0
150051,1,outcome,1,SUBSCORE-39,float,single,,0
150051,1,outcome,1,SUBSCORE-40,float,single,,0
150051,1,outcome,1,PASSED,boolean,single,0,false
150051,1,outcome,1,MAXSCORE,float,single,40,40
150051,1,template,1,RESPONSE_CORRECTRESPONSE_POINTS,float,single,40,40
150051,1,template,1,RESPONSE-ACTION,float,single,,40
150051,1,,0,SCORE,float,single,,29
150051,1,,0,MAX_SCORE,float,single,,40
150051,1,,0,COMPLETION_STATUS,identifier,single,,completed
144638,1,response,1,RESPONSE,file,single,,[REDACTED]
144638,1,outcome,1,SUBSCORE-1,float,single,,1
144638,1,outcome,1,SUBSCORE-2,float,single,,1
144638,1,outcome,1,SUBSCORE-3,float,single,,1
144638,1,outcome,1,SUBSCORE-4,float,single,,1
144638,1,outcome,1,SUBSCORE-5,float,single,,1
144638,1,outcome,1,SUBSCORE-6,float,single,,1
144638,1,outcome,1,SUBSCORE-7,float,single,,1
144638,1,outcome,1,SUBSCORE-8,float,single,,1
144638,1,outcome,1,SUBSCORE-9,float,single,,1
144638,1,outcome,1,SUBSCORE-10,float,single,,1
144638,1,outcome,1,SUBSCORE-11,float,single,,1
144638,1,outcome,1,SUBSCORE-12,float,single,,1
144638,1,outcome,1,SUBSCORE-13,float,single,,1
144638,1,outcome,1,SUBSCORE-14,float,single,,1
144638,1,outcome,1,SUBSCORE-15,float,single,,0
144638,1,outcome,1,SUBSCORE-16,float,single,,0
144638,1,outcome,1,SUBSCORE-17,float,single,,0
144638,1,outcome,1,SUBSCORE-18,float,single,,1
144638,1,outcome,1,SUBSCORE-19,float,single,,1
144638,1,outcome,1,SUBSCORE-20,float,single,,0
144638,1,outcome,1,SUBSCORE-21,float,single,,1
144638,1,outcome,1,SUBSCORE-22,float,single,,1
144638,1,outcome,1,SUBSCORE-23,float,single,,0
144638,1,outcome,1,SUBSCORE-24,float,single,,0
144638,1,outcome,1,SUBSCORE-25,float,single,,0
144638,1,outcome,1,SUBSCORE-26,float,single,,1
144638,1,outcome,1,SUBSCORE-27,float,single,,1
144638,1,outcome,1,SUBSCORE-28,float,single,,1
144638,1,outcome,1,SUBSCORE-29,float,single,,1
144638,1,outcome,1,SUBSCORE-30,float,single,,1
144638,1,outcome,1,SUBSCORE-31,float,single,,1
144638,1,outcome,1,SUBSCORE-32,float,single,,0
144638,1,outcome,1,SUBSCORE-33,float,single,,1
144638,1,outcome,1,SUBSCORE-34,float,single,,1
144638,1,outcome,1,SUBSCORE-35,float,single,,1
144638,1,outcome,1,SUBSCORE-36,float,single,,1
144638,1,outcome,1,SUBSCORE-37,float,single,,1
144638,1,outcome,1,SUBSCORE-38,float,single,,1
144638,1,outcome,1,SUBSCORE-39,float,single,,1
144638,1,outcome,1,SUBSCORE-40,float,single,,1
144638,1,outcome,1,PASSED,boolean,single,0,false
144638,1,outcome,1,MAXSCORE,float,single,40,40
144638,1,template,1,RESPONSE_CORRECTRESPONSE_POINTS,float,single,40,40
144638,1,template,1,RESPONSE-ACTION,float,single,,40
144638,1,,0,SCORE,float,single,,32
144638,1,,0,MAX_SCORE,float,single,,40
144638,1,,0,COMPLETION_STATUS,identifier,single,,completed
123763,1,response,1,RESPONSE,file,single,,[REDACTED]
123763,1,outcome,1,SUBSCORE-1,float,single,,1
123763,1,outcome,1,SUBSCORE-2,float,single,,0
123763,1,outcome,1,SUBSCORE-3,float,single,,0
123763,1,outcome,1,SUBSCORE-4,float,single,,0
123763,1,outcome,1,SUBSCORE-5,float,single,,0
123763,1,outcome,1,SUBSCORE-6,float,single,,1
123763,1,outcome,1,SUBSCORE-7,float,single,,1
123763,1,outcome,1,SUBSCORE-8,float,single,,1
123763,1,outcome,1,SUBSCORE-9,float,single,,1
123763,1,outcome,1,SUBSCORE-10,float,single,,1
123763,1,outcome,1,SUBSCORE-11,float,single,,1
123763,1,outcome,1,SUBSCORE-12,float,single,,1
123763,1,outcome,1,SUBSCORE-13,float,single,,1
123763,1,outcome,1,SUBSCORE-14,float,single,,1
123763,1,outcome,1,SUBSCORE-15,float,single,,0
123763,1,outcome,1,SUBSCORE-16,float,single,,0
123763,1,outcome,1,SUBSCORE-17,float,single,,0
123763,1,outcome,1,SUBSCORE-18,float,single,,1
123763,1,outcome,1,SUBSCORE-19,float,single,,0
123763,1,outcome,1,SUBSCORE-20,float,single,,0
123763,1,outcome,1,SUBSCORE-21,float,single,,0
123763,1,outcome,1,SUBSCORE-22,float,single,,0
123763,1,outcome,1,SUBSCORE-23,float,single,,0
123763,1,outcome,1,SUBSCORE-24,float,single,,0
123763,1,outcome,1,SUBSCORE-25,float,single,,0
123763,1,outcome,1,SUBSCORE-26,float,single,,1
123763,1,outcome,1,SUBSCORE-27,float,single,,1
123763,1,outcome,1,SUBSCORE-28,float,single,,1
123763,1,outcome,1,SUBSCORE-29,float,single,,1
123763,1,outcome,1,SUBSCORE-30,float,single,,0
123763,1,outcome,1,SUBSCORE-31,float,single,,0
123763,1,outcome,1,SUBSCORE-32,float,single,,0
123763,1,outcome,1,SUBSCORE-33,float,single,,0
123763,1,outcome,1,SUBSCORE-34,float,single,,0
123763,1,outcome,1,SUBSCORE-35,float,single,,0
123763,1,outcome,1,SUBSCORE-36,float,single,,0
123763,1,outcome,1,SUBSCORE-37,float,single,,1
123763,1,outcome,1,SUBSCORE-38,float,single,,1
123763,1,outcome,1,SUBSCORE-39,float,single,,1
123763,1,outcome,1,SUBSCORE-40,float,single,,1
123763,1,outcome,1,PASSED,boolean,single,0,false
123763,1,outcome,1,MAXSCORE,float,single,40,40
123763,1,template,1,RESPONSE_CORRECTRESPONSE_POINTS,float,single,40,40
123763,1,template,1,RESPONSE-ACTION,float,single,,40
123763,1,,0,SCORE,float,single,,19
123763,1,,0,MAX_SCORE,float,single,,40
123763,1,,0,COMPLETION_STATUS,identifier,single,,completed
150123,1,response,1,RESPONSE,file,single,,[REDACTED]
150123,1,outcome,1,SUBSCORE-1,float,single,,1
150123,1,outcome,1,SUBSCORE-2,float,single,,0
150123,1,outcome,1,SUBSCORE-3,float,single,,0
150123,1,outcome,1,SUBSCORE-4,float,single,,0
150123,1,outcome,1,SUBSCORE-5,float,single,,0
150123,1,outcome,1,SUBSCORE-6,float,single,,1
150123,1,outcome,1,SUBSCORE-7,float,single,,1
150123,1,outcome,1,SUBSCORE-8,float,single,,1
150123,1,outcome,1,SUBSCORE-9,float,single,,1
150123,1,outcome,1,SUBSCORE-10,float,single,,1
150123,1,outcome,1,SUBSCORE-11,float,single,,1
150123,1,outcome,1,SUBSCORE-12,float,single,,1
150123,1,outcome,1,SUBSCORE-13,float,single,,1
150123,1,outcome,1,SUBSCORE-14,float,single,,1
150123,1,outcome,1,SUBSCORE-15,float,single,,0
150123,1,outcome,1,SUBSCORE-16,float,single,,0
150123,1,outcome,1,SUBSCORE-17,float,single,,0
150123,1,outcome,1,SUBSCORE-18,float,single,,1
150123,1,outcome,1,SUBSCORE-19,float,single,,0
150123,1,outcome,1,SUBSCORE-20,float,single,,0
150123,1,outcome,1,SUBSCORE-21,float,single,,0
150123,1,outcome,1,SUBSCORE-22,float,single,,1
150123,1,outcome,1,SUBSCORE-23,float,single,,0
150123,1,outcome,1,SUBSCORE-24,float,single,,0
150123,1,outcome,1,SUBSCORE-25,float,single,,0
150123,1,outcome,1,SUBSCORE-26,float,single,,0
150123,1,outcome,1,SUBSCORE-27,float,single,,0
150123,1,outcome,1,SUBSCORE-28,float,single,,0
150123,1,outcome,1,SUBSCORE-29,float,single,,0
150123,1,outcome,1,SUBSCORE-30,float,single,,0
150123,1,outcome,1,SUBSCORE-31,float,single,,0
150123,1,outcome,1,SUBSCORE-32,float,single,,0
150123,1,outcome,1,SUBSCORE-33,float,single,,1
150123,1,outcome,1,SUBSCORE-34,float,single,,1
150123,1,outcome,1,SUBSCORE-35,float,single,,1
150123,1,outcome,1,SUBSCORE-36,float,single,,0
150123,1,outcome,1,SUBSCORE-37,float,single,,1
150123,1,outcome,1,SUBSCORE-38,float,single,,1
150123,1,outcome,1,SUBSCORE-39,float,single,,1
150123,1,outcome,1,SUBSCORE-40,float,single,,1
150123,1,outcome,1,PASSED,boolean,single,0,false
150123,1,outcome,1,MAXSCORE,float,single,40,40
150123,1,template,1,RESPONSE_CORRECTRESPONSE_POINTS,float,single,40,40
150123,1,template,1,RESPONSE-ACTION,float,single,,40
150123,1,,0,SCORE,float,single,,19
150123,1,,0,MAX_SCORE,float,single,,40
150123,1,,0,COMPLETION_STATUS,identifier,single,,completed
149611,1,response,1,RESPONSE,file,single,,[REDACTED]
149611,1,outcome,1,SUBSCORE-1,float,single,,1
149611,1,outcome,1,SUBSCORE-2,float,single,,1
149611,1,outcome,1,SUBSCORE-3,float,single,,1
149611,1,outcome,1,SUBSCORE-4,float,single,,1
149611,1,outcome,1,SUBSCORE-5,float,single,,1
149611,1,outcome,1,SUBSCORE-6,float,single,,1
149611,1,outcome,1,SUBSCORE-7,float,single,,1
149611,1,outcome,1,SUBSCORE-8,float,single,,1
149611,1,outcome,1,SUBSCORE-9,float,single,,1
149611,1,outcome,1,SUBSCORE-10,float,single,,1
149611,1,outcome,1,SUBSCORE-11,float,single,,1
149611,1,outcome,1,SUBSCORE-12,float,single,,1
149611,1,outcome,1,SUBSCORE-13,float,single,,0
149611,1,outcome,1,SUBSCORE-14,float,single,,1
149611,1,outcome,1,SUBSCORE-15,float,single,,1
149611,1,outcome,1,SUBSCORE-16,float,single,,1
149611,1,outcome,1,SUBSCORE-17,float,single,,0
149611,1,outcome,1,SUBSCORE-18,float,single,,1
149611,1,outcome,1,SUBSCORE-19,float,single,,0
149611,1,outcome,1,SUBSCORE-20,float,single,,0
149611,1,outcome,1,SUBSCORE-21,float,single,,0
149611,1,outcome,1,SUBSCORE-22,float,single,,1
149611,1,outcome,1,SUBSCORE-23,float,single,,1
149611,1,outcome,1,SUBSCORE-24,float,single,,1
149611,1,outcome,1,SUBSCORE-25,float,single,,1
149611,1,outcome,1,SUBSCORE-26,float,single,,1
149611,1,outcome,1,SUBSCORE-27,float,single,,1
149611,1,outcome,1,SUBSCORE-28,float,single,,1
149611,1,outcome,1,SUBSCORE-29,float,single,,1
149611,1,outcome,1,SUBSCORE-30,float,single,,1
149611,1,outcome,1,SUBSCORE-31,float,single,,1
149611,1,outcome,1,SUBSCORE-32,float,single,,0
149611,1,outcome,1,SUBSCORE-33,float,single,,1
149611,1,outcome,1,SUBSCORE-34,float,single,,1
149611,1,outcome,1,SUBSCORE-35,float,single,,1
149611,1,outcome,1,SUBSCORE-36,float,single,,1
149611,1,outcome,1,SUBSCORE-37,float,single,,1
149611,1,outcome,1,SUBSCORE-38,float,single,,0.5
149611,1,outcome,1,SUBSCORE-39,float,single,,0
149611,1,outcome,1,SUBSCORE-40,float,single,,0.5
149611,1,outcome,1,PASSED,boolean,single,0,false
149611,1,outcome,1,MAXSCORE,float,single,40,40
149611,1,template,1,RESPONSE_CORRECTRESPONSE_POINTS,float,single,40,40
149611,1,template,1,RESPONSE-ACTION,float,single,,40
149611,1,,0,SCORE,float,single,,32
149611,1,,0,MAX_SCORE,float,single,,40
149611,1,,0,COMPLETION_STATUS,identifier,single,,completed
150240,1,response,1,RESPONSE,file,single,,[REDACTED]
150240,1,outcome,1,SUBSCORE-1,float,single,,1
150240,1,outcome,1,SUBSCORE-2,float,single,,1
150240,1,outcome,1,SUBSCORE-3,float,single,,1
150240,1,outcome,1,SUBSCORE-4,float,single,,1
150240,1,outcome,1,SUBSCORE-5,float,single,,1
150240,1,outcome,1,SUBSCORE-6,float,single,,1
150240,1,outcome,1,SUBSCORE-7,float,single,,1
150240,1,outcome,1,SUBSCORE-8,float,single,,1
150240,1,outcome,1,SUBSCORE-9,float,single,,1
150240,1,outcome,1,SUBSCORE-10,float,single,,1
150240,1,outcome,1,SUBSCORE-11,float,single,,1
150240,1,outcome,1,SUBSCORE-12,float,single,,1
150240,1,outcome,1,SUBSCORE-13,float,single,,1
150240,1,outcome,1,SUBSCORE-14,float,single,,1
150240,1,outcome,1,SUBSCORE-15,float,single,,1
150240,1,outcome,1,SUBSCORE-16,float,single,,1
150240,1,outcome,1,SUBSCORE-17,float,single,,1
150240,1,outcome,1,SUBSCORE-18,float,single,,1
150240,1,outcome,1,SUBSCORE-19,float,single,,1
150240,1,outcome,1,SUBSCORE-20,float,single,,1
150240,1,outcome,1,SUBSCORE-21,float,single,,1
150240,1,outcome,1,SUBSCORE-22,float,single,,1
150240,1,outcome,1,SUBSCORE-23,float,single,,0
150240,1,outcome,1,SUBSCORE-24,float,single,,0
150240,1,outcome,1,SUBSCORE-25,float,single,,0
150240,1,outcome,1,SUBSCORE-26,float,single,,1
150240,1,outcome,1,SUBSCORE-27,float,single,,1
150240,1,outcome,1,SUBSCORE-28,float,single,,1
150240,1,outcome,1,SUBSCORE-29,float,single,,1
150240,1,outcome,1,SUBSCORE-30,float,single,,1
150240,1,outcome,1,SUBSCORE-31,float,single,,1
150240,1,outcome,1,SUBSCORE-32,float,single,,1
150240,1,outcome,1,SUBSCORE-33,float,single,,1
150240,1,outcome,1,SUBSCORE-34,float,single,,1
150240,1,outcome,1,SUBSCORE-35,float,single,,1
150240,1,outcome,1,SUBSCORE-36,float,single,,1
150240,1,outcome,1,SUBSCORE-37,float,single,,1
150240,1,outcome,1,SUBSCORE-38,float,single,,1
150240,1,outcome,1,SUBSCORE-39,float,single,,1
150240,1,outcome,1,SUBSCORE-40,float,single,,1
150240,1,outcome,1,PASSED,boolean,single,0,false
150240,1,outcome,1,MAXSCORE,float,single,40,40
150240,1,template,1,RESPONSE_CORRECTRESPONSE_POINTS,float,single,40,40
150240,1,template,1,RESPONSE-ACTION,float,single,,40
150240,1,,0,SCORE,float,single,,37
150240,1,,0,MAX_SCORE,float,single,,40
150240,1,,0,COMPLETION_STATUS,identifier,single,,completed
149933,1,response,1,RESPONSE,file,single,,[REDACTED]
149933,1,outcome,1,SUBSCORE-1,float,single,,1
149933,1,outcome,1,SUBSCORE-2,float,single,,1
149933,1,outcome,1,SUBSCORE-3,float,single,,1
149933,1,outcome,1,SUBSCORE-4,float,single,,1
149933,1,outcome,1,SUBSCORE-5,float,single,,1
149933,1,outcome,1,SUBSCORE-6,float,single,,1
149933,1,outcome,1,SUBSCORE-7,float,single,,1
149933,1,outcome,1,SUBSCORE-8,float,single,,1
149933,1,outcome,1,SUBSCORE-9,float,single,,1
149933,1,outcome,1,SUBSCORE-10,float,single,,1
149933,1,outcome,1,SUBSCORE-11,float,single,,1
149933,1,outcome,1,SUBSCORE-12,float,single,,1
149933,1,outcome,1,SUBSCORE-13,float,single,,1
149933,1,outcome,1,SUBSCORE-14,float,single,,1
149933,1,outcome,1,SUBSCORE-15,float,single,,0
149933,1,outcome,1,SUBSCORE-16,float,single,,0
149933,1,outcome,1,SUBSCORE-17,float,single,,0
149933,1,outcome,1,SUBSCORE-18,float,single,,1
149933,1,outcome,1,SUBSCORE-19,float,single,,0
149933,1,outcome,1,SUBSCORE-20,float,single,,0
149933,1,outcome,1,SUBSCORE-21,float,single,,0
149933,1,outcome,1,SUBSCORE-22,float,single,,1
149933,1,outcome,1,SUBSCORE-23,float,single,,1
149933,1,outcome,1,SUBSCORE-24,float,single,,1
149933,1,outcome,1,SUBSCORE-25,float,single,,1
149933,1,outcome,1,SUBSCORE-26,float,single,,1
149933,1,outcome,1,SUBSCORE-27,float,single,,1
149933,1,outcome,1,SUBSCORE-28,float,single,,1
149933,1,outcome,1,SUBSCORE-29,float,single,,1
149933,1,outcome,1,SUBSCORE-30,float,single,,1
149933,1,outcome,1,SUBSCORE-31,float,single,,1
149933,1,outcome,1,SUBSCORE-32,float,single,,0
149933,1,outcome,1,SUBSCORE-33,float,single,,1
149933,1,outcome,1,SUBSCORE-34,float,single,,1
149933,1,outcome,1,SUBSCORE-35,float,single,,1
149933,1,outcome,1,SUBSCORE-36,float,single,,0
149933,1,outcome,1,SUBSCORE-37,float,single,,1
149933,1,outcome,1,SUBSCORE-38,float,single,,1
149933,1,outcome,1,SUBSCORE-39,float,single,,1
149933,1,outcome,1,SUBSCORE-40,float,single,,1
149933,1,outcome,1,PASSED,boolean,single,0,false
149933,1,outcome,1,MAXSCORE,float,single,40,40
149933,1,template,1,RESPONSE_CORRECTRESPONSE_POINTS,float,single,40,40
149933,1,template,1,RESPONSE-ACTION,float,single,,40
149933,1,,0,SCORE,float,single,,32
149933,1,,0,MAX_SCORE,float,single,,40
149933,1,,0,COMPLETION_STATUS,identifier,single,,completed
149474,1,response,1,RESPONSE,file,single,,[REDACTED]
149474,1,outcome,1,SUBSCORE-1,float,single,,1
149474,1,outcome,1,SUBSCORE-2,float,single,,1
149474,1,outcome,1,SUBSCORE-3,float,single,,0
149474,1,outcome,1,SUBSCORE-4,float,single,,0
149474,1,outcome,1,SUBSCORE-5,float,single,,0
149474,1,outcome,1,SUBSCORE-6,float,single,,1
149474,1,outcome,1,SUBSCORE-7,float,single,,1
149474,1,outcome,1,SUBSCORE-8,float,single,,1
149474,1,outcome,1,SUBSCORE-9,float,single,,1
149474,1,outcome,1,SUBSCORE-10,float,single,,0
149474,1,outcome,1,SUBSCORE-11,float,single,,1
149474,1,outcome,1,SUBSCORE-12,float,single,,1
149474,1,outcome,1,SUBSCORE-13,float,single,,1
149474,1,outcome,1,SUBSCORE-14,float,single,,1
149474,1,outcome,1,SUBSCORE-15,float,single,,0
149474,1,outcome,1,SUBSCORE-16,float,single,,0
149474,1,outcome,1,SUBSCORE-17,float,single,,0
149474,1,outcome,1,SUBSCORE-18,float,single,,1
149474,1,outcome,1,SUBSCORE-19,float,single,,0
149474,1,outcome,1,SUBSCORE-20,float,single,,0
149474,1,outcome,1,SUBSCORE-21,float,single,,0
149474,1,outcome,1,SUBSCORE-22,float,single,,1
149474,1,outcome,1,SUBSCORE-23,float,single,,1
149474,1,outcome,1,SUBSCORE-24,float,single,,1
149474,1,outcome,1,SUBSCORE-25,float,single,,1
149474,1,outcome,1,SUBSCORE-26,float,single,,1
149474,1,outcome,1,SUBSCORE-27,float,single,,1
149474,1,outcome,1,SUBSCORE-28,float,single,,1
149474,1,outcome,1,SUBSCORE-29,float,single,,0
149474,1,outcome,1,SUBSCORE-30,float,single,,1
149474,1,outcome,1,SUBSCORE-31,float,single,,1
149474,1,outcome,1,SUBSCORE-32,float,single,,1
149474,1,outcome,1,SUBSCORE-33,float,single,,1
149474,1,outcome,1,SUBSCORE-34,float,single,,1
149474,1,outcome,1,SUBSCORE-35,float,single,,1
149474,1,outcome,1,SUBSCORE-36,float,single,,0
149474,1,outcome,1,SUBSCORE-37,float,single,,1
149474,1,outcome,1,SUBSCORE-38,float,single,,1
149474,1,outcome,1,SUBSCORE-39,float,single,,1
149474,1,outcome,1,SUBSCORE-40,float,single,,1
149474,1,outcome,1,PASSED,boolean,single,0,false
149474,1,outcome,1,MAXSCORE,float,single,40,40
149474,1,template,1,RESPONSE_CORRECTRESPONSE_POINTS,float,single,40,40
149474,1,template,1,RESPONSE-ACTION,float,single,,40
149474,1,,0,SCORE,float,single,,28
149474,1,,0,MAX_SCORE,float,single,,40
149474,1,,0,COMPLETION_STATUS,identifier,single,,completed
144512,1,response,1,RESPONSE,file,single,,[REDACTED]
144512,1,outcome,1,SUBSCORE-1,float,single,,1
144512,1,outcome,1,SUBSCORE-2,float,single,,0
144512,1,outcome,1,SUBSCORE-3,float,single,,0
144512,1,outcome,1,SUBSCORE-4,float,single,,0
144512,1,outcome,1,SUBSCORE-5,float,single,,0
144512,1,outcome,1,SUBSCORE-6,float,single,,1
144512,1,outcome,1,SUBSCORE-7,float,single,,1
144512,1,outcome,1,SUBSCORE-8,float,single,,1
144512,1,outcome,1,SUBSCORE-9,float,single,,0
144512,1,outcome,1,SUBSCORE-10,float,single,,1
144512,1,outcome,1,SUBSCORE-11,float,single,,0
144512,1,outcome,1,SUBSCORE-12,float,single,,0
144512,1,outcome,1,SUBSCORE-13,float,single,,0
144512,1,outcome,1,SUBSCORE-14,float,single,,0
144512,1,outcome,1,SUBSCORE-15,float,single,,0
144512,1,outcome,1,SUBSCORE-16,float,single,,0
144512,1,outcome,1,SUBSCORE-17,float,single,,0
144512,1,outcome,1,SUBSCORE-18,float,single,,1
144512,1,outcome,1,SUBSCORE-19,float,single,,0
144512,1,outcome,1,SUBSCORE-20,float,single,,0
144512,1,outcome,1,SUBSCORE-21,float,single,,0
144512,1,outcome,1,SUBSCORE-22,float,single,,1
144512,1,outcome,1,SUBSCORE-23,float,single,,1
144512,1,outcome,1,SUBSCORE-24,float,single,,1
144512,1,outcome,1,SUBSCORE-25,float,single,,1
144512,1,outcome,1,SUBSCORE-26,float,single,,1
144512,1,outcome,1,SUBSCORE-27,float,single,,1
144512,1,outcome,1,SUBSCORE-28,float,single,,0
144512,1,outcome,1,SUBSCORE-29,float,single,,1
144512,1,outcome,1,SUBSCORE-30,float,single,,1
144512,1,outcome,1,SUBSCORE-31,float,single,,1
144512,1,outcome,1,SUBSCORE-32,float,single,,0
144512,1,outcome,1,SUBSCORE-33,float,single,,1
144512,1,outcome,1,SUBSCORE-34,float,single,,1
144512,1,outcome,1,SUBSCORE-35,float,single,,0
144512,1,outcome,1,SUBSCORE-36,float,single,,0
144512,1,outcome,1,SUBSCORE-37,float,single,,1
144512,1,outcome,1,SUBSCORE-38,float,single,,1
144512,1,outcome,1,SUBSCORE-39,float,single,,0
144512,1,outcome,1,SUBSCORE-40,float,single,,1
144512,1,outcome,1,PASSED,boolean,single,0,false
144512,1,outcome,1,MAXSCORE,float,single,40,40
144512,1,template,1,RESPONSE_CORRECTRESPONSE_POINTS,float,single,40,40
144512,1,template,1,RESPONSE-ACTION,float,single,,40
144512,1,,0,SCORE,float,single,,20
144512,1,,0,MAX_SCORE,float,single,,40
144512,1,,0,COMPLETION_STATUS,identifier,single,,completed
149516,1,response,1,RESPONSE,file,single,,[REDACTED]
149516,1,outcome,1,SUBSCORE-1,float,single,,1
149516,1,outcome,1,SUBSCORE-2,float,single,,1
149516,1,outcome,1,SUBSCORE-3,float,single,,1
149516,1,outcome,1,SUBSCORE-4,float,single,,1
149516,1,outcome,1,SUBSCORE-5,float,single,,1
149516,1,outcome,1,SUBSCORE-6,float,single,,1
149516,1,outcome,1,SUBSCORE-7,float,single,,1
149516,1,outcome,1,SUBSCORE-8,float,single,,1
149516,1,outcome,1,SUBSCORE-9,float,single,,1
149516,1,outcome,1,SUBSCORE-10,float,single,,1
149516,1,outcome,1,SUBSCORE-11,float,single,,1
149516,1,outcome,1,SUBSCORE-12,float,single,,1
149516,1,outcome,1,SUBSCORE-13,float,single,,0
149516,1,outcome,1,SUBSCORE-14,float,single,,1
149516,1,outcome,1,SUBSCORE-15,float,single,,1
149516,1,outcome,1,SUBSCORE-16,float,single,,1
149516,1,outcome,1,SUBSCORE-17,float,single,,0
149516,1,outcome,1,SUBSCORE-18,float,single,,1
149516,1,outcome,1,SUBSCORE-19,float,single,,0
149516,1,outcome,1,SUBSCORE-20,float,single,,0
149516,1,outcome,1,SUBSCORE-21,float,single,,0
149516,1,outcome,1,SUBSCORE-22,float,single,,1
149516,1,outcome,1,SUBSCORE-23,float,single,,1
149516,1,outcome,1,SUBSCORE-24,float,single,,1
149516,1,outcome,1,SUBSCORE-25,float,single,,1
149516,1,outcome,1,SUBSCORE-26,float,single,,1
149516,1,outcome,1,SUBSCORE-27,float,single,,1
149516,1,outcome,1,SUBSCORE-28,float,single,,1
149516,1,outcome,1,SUBSCORE-29,float,single,,1
149516,1,outcome,1,SUBSCORE-30,float,single,,1
149516,1,outcome,1,SUBSCORE-31,float,single,,1
149516,1,outcome,1,SUBSCORE-32,float,single,,1
149516,1,outcome,1,SUBSCORE-33,float,single,,0
149516,1,outcome,1,SUBSCORE-34,float,single,,0
149516,1,outcome,1,SUBSCORE-35,float,single,,0
149516,1,outcome,1,SUBSCORE-36,float,single,,0
149516,1,outcome,1,SUBSCORE-37,float,single,,1
149516,1,outcome,1,SUBSCORE-38,float,single,,1
149516,1,outcome,1,SUBSCORE-39,float,single,,1
149516,1,outcome,1,SUBSCORE-40,float,single,,0
149516,1,outcome,1,PASSED,boolean,single,0,false
149516,1,outcome,1,MAXSCORE,float,single,40,40
149516,1,template,1,RESPONSE_CORRECTRESPONSE_POINTS,float,single,40,40
149516,1,template,1,RESPONSE-ACTION,float,single,,40
149516,1,,0,SCORE,float,single,,30
149516,1,,0,MAX_SCORE,float,single,,40
149516,1,,0,COMPLETION_STATUS,identifier,single,,completed
147904,1,response,1,RESPONSE,file,single,,[REDACTED]
147904,1,outcome,1,SUBSCORE-1,float,single,,1
147904,1,outcome,1,SUBSCORE-2,float,single,,1
147904,1,outcome,1,SUBSCORE-3,float,single,,1
147904,1,outcome,1,SUBSCORE-4,float,single,,1
147904,1,outcome,1,SUBSCORE-5,float,single,,1
147904,1,outcome,1,SUBSCORE-6,float,single,,1
147904,1,outcome,1,SUBSCORE-7,float,single,,1
147904,1,outcome,1,SUBSCORE-8,float,single,,1
147904,1,outcome,1,SUBSCORE-9,float,single,,1
147904,1,outcome,1,SUBSCORE-10,float,single,,1
147904,1,outcome,1,SUBSCORE-11,float,single,,1
147904,1,outcome,1,SUBSCORE-12,float,single,,1
147904,1,outcome,1,SUBSCORE-13,float,single,,1
147904,1,outcome,1,SUBSCORE-14,float,single,,1
147904,1,outcome,1,SUBSCORE-15,float,single,,0
147904,1,outcome,1,SUBSCORE-16,float,single,,0
147904,1,outcome,1,SUBSCORE-17,float,single,,0
147904,1,outcome,1,SUBSCORE-18,float,single,,1
147904,1,outcome,1,SUBSCORE-19,float,single,,0
147904,1,outcome,1,SUBSCORE-20,float,single,,0
147904,1,outcome,1,SUBSCORE-21,float,single,,0
147904,1,outcome,1,SUBSCORE-22,float,single,,1
147904,1,outcome,1,SUBSCORE-23,float,single,,1
147904,1,outcome,1,SUBSCORE-24,float,single,,1
147904,1,outcome,1,SUBSCORE-25,float,single,,1
147904,1,outcome,1,SUBSCORE-26,float,single,,1
147904,1,outcome,1,SUBSCORE-27,float,single,,1
147904,1,outcome,1,SUBSCORE-28,float,single,,1
147904,1,outcome,1,SUBSCORE-29,float,single,,1
147904,1,outcome,1,SUBSCORE-30,float,single,,1
147904,1,outcome,1,SUBSCORE-31,float,single,,1
147904,1,outcome,1,SUBSCORE-32,float,single,,0
147904,1,outcome,1,SUBSCORE-33,float,single,,1
147904,1,outcome,1,SUBSCORE-34,float,single,,0
147904,1,outcome,1,SUBSCORE-35,float,single,,0
147904,1,outcome,1,SUBSCORE-36,float,single,,0
147904,1,outcome,1,SUBSCORE-37,float,single,,1
147904,1,outcome,1,SUBSCORE-38,float,single,,0
147904,1,outcome,1,SUBSCORE-39,float,single,,0
147904,1,outcome,1,SUBSCORE-40,float,single,,0
147904,1,outcome,1,PASSED,boolean,single,0,false
147904,1,outcome,1,MAXSCORE,float,single,40,40
147904,1,template,1,RESPONSE_CORRECTRESPONSE_POINTS,float,single,40,40
147904,1,template,1,RESPONSE-ACTION,float,single,,40
147904,1,,0,SCORE,float,single,,27
147904,1,,0,MAX_SCORE,float,single,,40
147904,1,,0,COMPLETION_STATUS,identifier,single,,completed
149620,1,response,1,RESPONSE,file,single,,[REDACTED]
149620,1,outcome,1,SUBSCORE-1,float,single,,1
149620,1,outcome,1,SUBSCORE-2,float,single,,1
149620,1,outcome,1,SUBSCORE-3,float,single,,1
149620,1,outcome,1,SUBSCORE-4,float,single,,1
149620,1,outcome,1,SUBSCORE-5,float,single,,1
149620,1,outcome,1,SUBSCORE-6,float,single,,1
149620,1,outcome,1,SUBSCORE-7,float,single,,1
149620,1,outcome,1,SUBSCORE-8,float,single,,1
149620,1,outcome,1,SUBSCORE-9,float,single,,1
149620,1,outcome,1,SUBSCORE-10,float,single,,1
149620,1,outcome,1,SUBSCORE-11,float,single,,1
149620,1,outcome,1,SUBSCORE-12,float,single,,1
149620,1,outcome,1,SUBSCORE-13,float,single,,1
149620,1,outcome,1,SUBSCORE-14,float,single,,1
149620,1,outcome,1,SUBSCORE-15,float,single,,1
149620,1,outcome,1,SUBSCORE-16,float,single,,1
149620,1,outcome,1,SUBSCORE-17,float,single,,0
149620,1,outcome,1,SUBSCORE-18,float,single,,1
149620,1,outcome,1,SUBSCORE-19,float,single,,0
149620,1,outcome,1,SUBSCORE-20,float,single,,0
149620,1,outcome,1,SUBSCORE-21,float,single,,0
149620,1,outcome,1,SUBSCORE-22,float,single,,1
149620,1,outcome,1,SUBSCORE-23,float,single,,1
149620,1,outcome,1,SUBSCORE-24,float,single,,1
149620,1,outcome,1,SUBSCORE-25,float,single,,1
149620,1,outcome,1,SUBSCORE-26,float,single,,1
149620,1,outcome,1,SUBSCORE-27,float,single,,1
149620,1,outcome,1,SUBSCORE-28,float,single,,1
149620,1,outcome,1,SUBSCORE-29,float,single,,1
149620,1,outcome,1,SUBSCORE-30,float,single,,1
149620,1,outcome,1,SUBSCORE-31,float,single,,1
149620,1,outcome,1,SUBSCORE-32,float,single,,0
149620,1,outcome,1,SUBSCORE-33,float,single,,1
149620,1,outcome,1,SUBSCORE-34,float,single,,1
149620,1,outcome,1,SUBSCORE-35,float,single,,1
149620,1,outcome,1,SUBSCORE-36,float,single,,0
149620,1,outcome,1,SUBSCORE-37,float,single,,1
149620,1,outcome,1,SUBSCORE-38,float,single,,0.5
149620,1,outcome,1,SUBSCORE-39,float,single,,0.5
149620,1,outcome,1,SUBSCORE-40,float,single,,0.5
149620,1,outcome,1,PASSED,boolean,single,0,false
149620,1,outcome,1,MAXSCORE,float,single,40,40
149620,1,template,1,RESPONSE_CORRECTRESPONSE_POINTS,float,single,40,40
149620,1,template,1,RESPONSE-ACTION,float,single,,40
149620,1,,0,SCORE,float,single,,32.5
149620,1,,0,MAX_SCORE,float,single,,40
149620,1,,0,COMPLETION_STATUS,identifier,single,,completed
149047,1,response,1,RESPONSE,file,single,,[REDACTED]
149047,1,outcome,1,SUBSCORE-1,float,single,,1
149047,1,outcome,1,SUBSCORE-2,float,single,,1
149047,1,outcome,1,SUBSCORE-3,float,single,,0
149047,1,outcome,1,SUBSCORE-4,float,single,,0
149047,1,outcome,1,SUBSCORE-5,float,single,,0
149047,1,outcome,1,SUBSCORE-6,float,single,,1
149047,1,outcome,1,SUBSCORE-7,float,single,,1
149047,1,outcome,1,SUBSCORE-8,float,single,,1
149047,1,outcome,1,SUBSCORE-9,float,single,,1
149047,1,outcome,1,SUBSCORE-10,float,single,,1
149047,1,outcome,1,SUBSCORE-11,float,single,,1
149047,1,outcome,1,SUBSCORE-12,float,single,,1
149047,1,outcome,1,SUBSCORE-13,float,single,,1
149047,1,outcome,1,SUBSCORE-14,float,single,,1
149047,1,outcome,1,SUBSCORE-15,float,single,,1
149047,1,outcome,1,SUBSCORE-16,float,single,,1
149047,1,outcome,1,SUBSCORE-17,float,single,,0
149047,1,outcome,1,SUBSCORE-18,float,single,,1
149047,1,outcome,1,SUBSCORE-19,float,single,,0
149047,1,outcome,1,SUBSCORE-20,float,single,,0
149047,1,outcome,1,SUBSCORE-21,float,single,,0
149047,1,outcome,1,SUBSCORE-22,float,single,,1
149047,1,outcome,1,SUBSCORE-23,float,single,,1
149047,1,outcome,1,SUBSCORE-24,float,single,,1
149047,1,outcome,1,SUBSCORE-25,float,single,,1
149047,1,outcome,1,SUBSCORE-26,float,single,,1
149047,1,outcome,1,SUBSCORE-27,float,single,,1
149047,1,outcome,1,SUBSCORE-28,float,single,,1
149047,1,outcome,1,SUBSCORE-29,float,single,,1
149047,1,outcome,1,SUBSCORE-30,float,single,,1
149047,1,outcome,1,SUBSCORE-31,float,single,,1
149047,1,outcome,1,SUBSCORE-32,float,single,,1
149047,1,outcome,1,SUBSCORE-33,float,single,,1
149047,1,outcome,1,SUBSCORE-34,float,single,,1
149047,1,outcome,1,SUBSCORE-35,float,single,,1
149047,1,outcome,1,SUBSCORE-36,float,single,,1
149047,1,outcome,1,SUBSCORE-37,float,single,,1
149047,1,outcome,1,SUBSCORE-38,float,single,,0.5
149047,1,outcome,1,SUBSCORE-39,float,single,,0.5
149047,1,outcome,1,SUBSCORE-40,float,single,,0.5
149047,1,outcome,1,PASSED,boolean,single,0,false
149047,1,outcome,1,MAXSCORE,float,single,40,40
149047,1,template,1,RESPONSE_CORRECTRESPONSE_POINTS,float,single,40,40
149047,1,template,1,RESPONSE-ACTION,float,single,,40
149047,1,,0,SCORE,float,single,,31.5
149047,1,,0,MAX_SCORE,float,single,,40
149047,1,,0,COMPLETION_STATUS,identifier,single,,completed
150977,1,response,1,RESPONSE,file,single,,[REDACTED]
150977,1,outcome,1,SUBSCORE-1,float,single,,1
150977,1,outcome,1,SUBSCORE-2,float,single,,1
150977,1,outcome,1,SUBSCORE-3,float,single,,1
150977,1,outcome,1,SUBSCORE-4,float,single,,1
150977,1,outcome,1,SUBSCORE-5,float,single,,1
150977,1,outcome,1,SUBSCORE-6,float,single,,1
150977,1,outcome,1,SUBSCORE-7,float,single,,1
150977,1,outcome,1,SUBSCORE-8,float,single,,1
150977,1,outcome,1,SUBSCORE-9,float,single,,1
150977,1,outcome,1,SUBSCORE-10,float,single,,1
150977,1,outcome,1,SUBSCORE-11,float,single,,1
150977,1,outcome,1,SUBSCORE-12,float,single,,1
150977,1,outcome,1,SUBSCORE-13,float,single,,1
150977,1,outcome,1,SUBSCORE-14,float,single,,0
150977,1,outcome,1,SUBSCORE-15,float,single,,1
150977,1,outcome,1,SUBSCORE-16,float,single,,1
150977,1,outcome,1,SUBSCORE-17,float,single,,1
150977,1,outcome,1,SUBSCORE-18,float,single,,1
150977,1,outcome,1,SUBSCORE-19,float,single,,1
150977,1,outcome,1,SUBSCORE-20,float,single,,1
150977,1,outcome,1,SUBSCORE-21,float,single,,1
150977,1,outcome,1,SUBSCORE-22,float,single,,1
150977,1,outcome,1,SUBSCORE-23,float,single,,1
150977,1,outcome,1,SUBSCORE-24,float,single,,1
150977,1,outcome,1,SUBSCORE-25,float,single,,1
150977,1,outcome,1,SUBSCORE-26,float,single,,1
150977,1,outcome,1,SUBSCORE-27,float,single,,1
150977,1,outcome,1,SUBSCORE-28,float,single,,1
150977,1,outcome,1,SUBSCORE-29,float,single,,1
150977,1,outcome,1,SUBSCORE-30,float,single,,1
150977,1,outcome,1,SUBSCORE-31,float,single,,1
150977,1,outcome,1,SUBSCORE-32,float,single,,0
150977,1,outcome,1,SUBSCORE-33,float,single,,1
150977,1,outcome,1,SUBSCORE-34,float,single,,1
150977,1,outcome,1,SUBSCORE-35,float,single,,1
150977,1,outcome,1,SUBSCORE-36,float,single,,1
150977,1,outcome,1,SUBSCORE-37,float,single,,1
150977,1,outcome,1,SUBSCORE-38,float,single,,0.5
150977,1,outcome,1,SUBSCORE-39,float,single,,0.5
150977,1,outcome,1,SUBSCORE-40,float,single,,0.5
150977,1,outcome,1,PASSED,boolean,single,0,false
150977,1,outcome,1,MAXSCORE,float,single,40,40
150977,1,template,1,RESPONSE_CORRECTRESPONSE_POINTS,float,single,40,40
150977,1,template,1,RESPONSE-ACTION,float,single,,40
150977,1,,0,SCORE,float,single,,36.5
150977,1,,0,MAX_SCORE,float,single,,40
150977,1,,0,COMPLETION_STATUS,identifier,single,,completed
144261,1,response,1,RESPONSE,file,single,,[REDACTED]
144261,1,outcome,1,SUBSCORE-1,float,single,,1
144261,1,outcome,1,SUBSCORE-2,float,single,,1
144261,1,outcome,1,SUBSCORE-3,float,single,,1
144261,1,outcome,1,SUBSCORE-4,float,single,,1
144261,1,outcome,1,SUBSCORE-5,float,single,,1
144261,1,outcome,1,SUBSCORE-6,float,single,,1
144261,1,outcome,1,SUBSCORE-7,float,single,,1
144261,1,outcome,1,SUBSCORE-8,float,single,,1
144261,1,outcome,1,SUBSCORE-9,float,single,,1
144261,1,outcome,1,SUBSCORE-10,float,single,,1
144261,1,outcome,1,SUBSCORE-11,float,single,,0
144261,1,outcome,1,SUBSCORE-12,float,single,,0
144261,1,outcome,1,SUBSCORE-13,float,single,,0
144261,1,outcome,1,SUBSCORE-14,float,single,,0
144261,1,outcome,1,SUBSCORE-15,float,single,,0
144261,1,outcome,1,SUBSCORE-16,float,single,,0
144261,1,outcome,1,SUBSCORE-17,float,single,,0
144261,1,outcome,1,SUBSCORE-18,float,single,,1
144261,1,outcome,1,SUBSCORE-19,float,single,,0
144261,1,outcome,1,SUBSCORE-20,float,single,,0
144261,1,outcome,1,SUBSCORE-21,float,single,,0
144261,1,outcome,1,SUBSCORE-22,float,single,,1
144261,1,outcome,1,SUBSCORE-23,float,single,,1
144261,1,outcome,1,SUBSCORE-24,float,single,,1
144261,1,outcome,1,SUBSCORE-25,float,single,,1
144261,1,outcome,1,SUBSCORE-26,float,single,,1
144261,1,outcome,1,SUBSCORE-27,float,single,,1
144261,1,outcome,1,SUBSCORE-28,float,single,,1
144261,1,outcome,1,SUBSCORE-29,float,single,,1
144261,1,outcome,1,SUBSCORE-30,float,single,,1
144261,1,outcome,1,SUBSCORE-31,float,single,,1
144261,1,outcome,1,SUBSCORE-32,float,single,,1
144261,1,outcome,1,SUBSCORE-33,float,single,,1
144261,1,outcome,1,SUBSCORE-34,float,single,,1
144261,1,outcome,1,SUBSCORE-35,float,single,,1
144261,1,outcome,1,SUBSCORE-36,float,single,,1
144261,1,outcome,1,SUBSCORE-37,float,single,,1
144261,1,outcome,1,SUBSCORE-38,float,single,,0.5
144261,1,outcome,1,SUBSCORE-39,float,single,,0.5
144261,1,outcome,1,SUBSCORE-40,float,single,,0.5
144261,1,outcome,1,PASSED,boolean,single,0,false
144261,1,outcome,1,MAXSCORE,float,single,40,40
144261,1,template,1,RESPONSE_CORRECTRESPONSE_POINTS,float,single,40,40
144261,1,template,1,RESPONSE-ACTION,float,single,,40
144261,1,,0,SCORE,float,single,,28.5
144261,1,,0,MAX_SCORE,float,single,,40
144261,1,,0,COMPLETION_STATUS,identifier,single,,completed
144645,1,response,1,RESPONSE,file,single,,[REDACTED]
144645,1,outcome,1,SUBSCORE-1,float,single,,1
144645,1,outcome,1,SUBSCORE-2,float,single,,1
144645,1,outcome,1,SUBSCORE-3,float,single,,1
144645,1,outcome,1,SUBSCORE-4,float,single,,1
144645,1,outcome,1,SUBSCORE-5,float,single,,1
144645,1,outcome,1,SUBSCORE-6,float,single,,1
144645,1,outcome,1,SUBSCORE-7,float,single,,1
144645,1,outcome,1,SUBSCORE-8,float,single,,1
144645,1,outcome,1,SUBSCORE-9,float,single,,0
144645,1,outcome,1,SUBSCORE-10,float,single,,1
144645,1,outcome,1,SUBSCORE-11,float,single,,0
144645,1,outcome,1,SUBSCORE-12,float,single,,0
144645,1,outcome,1,SUBSCORE-13,float,single,,0
144645,1,outcome,1,SUBSCORE-14,float,single,,0
144645,1,outcome,1,SUBSCORE-15,float,single,,0
144645,1,outcome,1,SUBSCORE-16,float,single,,0
144645,1,outcome,1,SUBSCORE-17,float,single,,0
144645,1,outcome,1,SUBSCORE-18,float,single,,1
144645,1,outcome,1,SUBSCORE-19,float,single,,1
144645,1,outcome,1,SUBSCORE-20,float,single,,0.5
144645,1,outcome,1,SUBSCORE-21,float,single,,1
144645,1,outcome,1,SUBSCORE-22,float,single,,1
144645,1,outcome,1,SUBSCORE-23,float,single,,1
144645,1,outcome,1,SUBSCORE-24,float,single,,1
144645,1,outcome,1,SUBSCORE-25,float,single,,1
144645,1,outcome,1,SUBSCORE-26,float,single,,1
144645,1,outcome,1,SUBSCORE-27,float,single,,1
144645,1,outcome,1,SUBSCORE-28,float,single,,1
144645,1,outcome,1,SUBSCORE-29,float,single,,1
144645,1,outcome,1,SUBSCORE-30,float,single,,0
144645,1,outcome,1,SUBSCORE-31,float,single,,0
144645,1,outcome,1,SUBSCORE-32,float,single,,0
144645,1,outcome,1,SUBSCORE-33,float,single,,1
144645,1,outcome,1,SUBSCORE-34,float,single,,1
144645,1,outcome,1,SUBSCORE-35,float,single,,1
144645,1,outcome,1,SUBSCORE-36,float,single,,1
144645,1,outcome,1,SUBSCORE-37,float,single,,1
144645,1,outcome,1,SUBSCORE-38,float,single,,1
144645,1,outcome,1,SUBSCORE-39,float,single,,1
144645,1,outcome,1,SUBSCORE-40,float,single,,1
144645,1,outcome,1,PASSED,boolean,single,0,false
144645,1,outcome,1,MAXSCORE,float,single,40,40
144645,1,template,1,RESPONSE_CORRECTRESPONSE_POINTS,float,single,40,40
144645,1,template,1,RESPONSE-ACTION,float,single,,40
144645,1,,0,SCORE,float,single,,28.5
144645,1,,0,MAX_SCORE,float,single,,40
144645,1,,0,COMPLETION_STATUS,identifier,single,,completed
146013,1,response,1,RESPONSE,file,single,,[REDACTED]
146013,1,outcome,1,SUBSCORE-1,float,single,,1
146013,1,outcome,1,SUBSCORE-2,float,single,,1
146013,1,outcome,1,SUBSCORE-3,float,single,,1
146013,1,outcome,1,SUBSCORE-4,float,single,,1
146013,1,outcome,1,SUBSCORE-5,float,single,,1
146013,1,outcome,1,SUBSCORE-6,float,single,,1
146013,1,outcome,1,SUBSCORE-7,float,single,,1
146013,1,outcome,1,SUBSCORE-8,float,single,,1
146013,1,outcome,1,SUBSCORE-9,float,single,,1
146013,1,outcome,1,SUBSCORE-10,float,single,,1
146013,1,outcome,1,SUBSCORE-11,float,single,,1
146013,1,outcome,1,SUBSCORE-12,float,single,,1
146013,1,outcome,1,SUBSCORE-13,float,single,,1
146013,1,outcome,1,SUBSCORE-14,float,single,,1
146013,1,outcome,1,SUBSCORE-15,float,single,,1
146013,1,outcome,1,SUBSCORE-16,float,single,,1
146013,1,outcome,1,SUBSCORE-17,float,single,,1
146013,1,outcome,1,SUBSCORE-18,float,single,,1
146013,1,outcome,1,SUBSCORE-19,float,single,,0
146013,1,outcome,1,SUBSCORE-20,float,single,,0
146013,1,outcome,1,SUBSCORE-21,float,single,,0
146013,1,outcome,1,SUBSCORE-22,float,single,,1
146013,1,outcome,1,SUBSCORE-23,float,single,,1
146013,1,outcome,1,SUBSCORE-24,float,single,,1
146013,1,outcome,1,SUBSCORE-25,float,single,,0
146013,1,outcome,1,SUBSCORE-26,float,single,,1
146013,1,outcome,1,SUBSCORE-27,float,single,,1
146013,1,outcome,1,SUBSCORE-28,float,single,,1
146013,1,outcome,1,SUBSCORE-29,float,single,,1
146013,1,outcome,1,SUBSCORE-30,float,single,,1
146013,1,outcome,1,SUBSCORE-31,float,single,,1
146013,1,outcome,1,SUBSCORE-32,float,single,,1
146013,1,outcome,1,SUBSCORE-33,float,single,,1
146013,1,outcome,1,SUBSCORE-34,float,single,,1
146013,1,outcome,1,SUBSCORE-35,float,single,,1
146013,1,outcome,1,SUBSCORE-36,float,single,,0
146013,1,outcome,1,SUBSCORE-37,float,single,,1
146013,1,outcome,1,SUBSCORE-38,float,single,,0.5
146013,1,outcome,1,SUBSCORE-39,float,single,,0.5
146013,1,outcome,1,SUBSCORE-40,float,single,,0
146013,1,outcome,1,PASSED,boolean,single,0,false
146013,1,outcome,1,MAXSCORE,float,single,40,40
146013,1,template,1,RESPONSE_CORRECTRESPONSE_POINTS,float,single,40,40
146013,1,template,1,RESPONSE-ACTION,float,single,,40
146013,1,,0,SCORE,float,single,,33
146013,1,,0,MAX_SCORE,float,single,,40
146013,1,,0,COMPLETION_STATUS,identifier,single,,completed
149844,1,response,1,RESPONSE,file,single,,[REDACTED]
149844,1,outcome,1,SUBSCORE-1,float,single,,1
149844,1,outcome,1,SUBSCORE-2,float,single,,1
149844,1,outcome,1,SUBSCORE-3,float,single,,1
149844,1,outcome,1,SUBSCORE-4,float,single,,1
149844,1,outcome,1,SUBSCORE-5,float,single,,1
149844,1,outcome,1,SUBSCORE-6,float,single,,1
149844,1,outcome,1,SUBSCORE-7,float,single,,1
149844,1,outcome,1,SUBSCORE-8,float,single,,1
149844,1,outcome,1,SUBSCORE-9,float,single,,1
149844,1,outcome,1,SUBSCORE-10,float,single,,1
149844,1,outcome,1,SUBSCORE-11,float,single,,0
149844,1,outcome,1,SUBSCORE-12,float,single,,0
149844,1,outcome,1,SUBSCORE-13,float,single,,0
149844,1,outcome,1,SUBSCORE-14,float,single,,0
149844,1,outcome,1,SUBSCORE-15,float,single,,0
149844,1,outcome,1,SUBSCORE-16,float,single,,0
149844,1,outcome,1,SUBSCORE-17,float,single,,0
149844,1,outcome,1,SUBSCORE-18,float,single,,1
149844,1,outcome,1,SUBSCORE-19,float,single,,1
149844,1,outcome,1,SUBSCORE-20,float,single,,1
149844,1,outcome,1,SUBSCORE-21,float,single,,1
149844,1,outcome,1,SUBSCORE-22,float,single,,0
149844,1,outcome,1,SUBSCORE-23,float,single,,0
149844,1,outcome,1,SUBSCORE-24,float,single,,0
149844,1,outcome,1,SUBSCORE-25,float,single,,0
149844,1,outcome,1,SUBSCORE-26,float,single,,1
149844,1,outcome,1,SUBSCORE-27,float,single,,1
149844,1,outcome,1,SUBSCORE-28,float,single,,1
149844,1,outcome,1,SUBSCORE-29,float,single,,1
149844,1,outcome,1,SUBSCORE-30,float,single,,0
149844,1,outcome,1,SUBSCORE-31,float,single,,0
149844,1,outcome,1,SUBSCORE-32,float,single,,0
149844,1,outcome,1,SUBSCORE-33,float,single,,1
149844,1,outcome,1,SUBSCORE-34,float,single,,1
149844,1,outcome,1,SUBSCORE-35,float,single,,1
149844,1,outcome,1,SUBSCORE-36,float,single,,1
149844,1,outcome,1,SUBSCORE-37,float,single,,1
149844,1,outcome,1,SUBSCORE-38,float,single,,1
149844,1,outcome,1,SUBSCORE-39,float,single,,1
149844,1,outcome,1,SUBSCORE-40,float,single,,1
149844,1,outcome,1,PASSED,boolean,single,0,false
149844,1,outcome,1,MAXSCORE,float,single,40,40
149844,1,template,1,RESPONSE_CORRECTRESPONSE_POINTS,float,single,40,40
149844,1,template,1,RESPONSE-ACTION,float,single,,40
149844,1,,0,SCORE,float,single,,26
149844,1,,0,MAX_SCORE,float,single,,40
149844,1,,0,COMPLETION_STATUS,identifier,single,,completed
150422,1,response,1,RESPONSE,file,single,,[REDACTED]
150422,1,outcome,1,SUBSCORE-1,float,single,,1
150422,1,outcome,1,SUBSCORE-2,float,single,,1
150422,1,outcome,1,SUBSCORE-3,float,single,,1
150422,1,outcome,1,SUBSCORE-4,float,single,,1
150422,1,outcome,1,SUBSCORE-5,float,single,,1
150422,1,outcome,1,SUBSCORE-6,float,single,,1
150422,1,outcome,1,SUBSCORE-7,float,single,,1
150422,1,outcome,1,SUBSCORE-8,float,single,,1
150422,1,outcome,1,SUBSCORE-9,float,single,,1
150422,1,outcome,1,SUBSCORE-10,float,single,,1
150422,1,outcome,1,SUBSCORE-11,float,single,,1
150422,1,outcome,1,SUBSCORE-12,float,single,,1
150422,1,outcome,1,SUBSCORE-13,float,single,,0.5
150422,1,outcome,1,SUBSCORE-14,float,single,,1
150422,1,outcome,1,SUBSCORE-15,float,single,,0
150422,1,outcome,1,SUBSCORE-16,float,single,,0
150422,1,outcome,1,SUBSCORE-17,float,single,,0
150422,1,outcome,1,SUBSCORE-18,float,single,,1
150422,1,outcome,1,SUBSCORE-19,float,single,,1
150422,1,outcome,1,SUBSCORE-20,float,single,,1
150422,1,outcome,1,SUBSCORE-21,float,single,,1
150422,1,outcome,1,SUBSCORE-22,float,single,,1
150422,1,outcome,1,SUBSCORE-23,float,single,,1
150422,1,outcome,1,SUBSCORE-24,float,single,,1
150422,1,outcome,1,SUBSCORE-25,float,single,,1
150422,1,outcome,1,SUBSCORE-26,float,single,,1
150422,1,outcome,1,SUBSCORE-27,float,single,,1
150422,1,outcome,1,SUBSCORE-28,float,single,,1
150422,1,outcome,1,SUBSCORE-29,float,single,,1
150422,1,outcome,1,SUBSCORE-30,float,single,,1
150422,1,outcome,1,SUBSCORE-31,float,single,,1
150422,1,outcome,1,SUBSCORE-32,float,single,,1
150422,1,outcome,1,SUBSCORE-33,float,single,,1
150422,1,outcome,1,SUBSCORE-34,float,single,,1
150422,1,outcome,1,SUBSCORE-35,float,single,,1
150422,1,outcome,1,SUBSCORE-36,float,single,,1
150422,1,outcome,1,SUBSCORE-37,float,single,,1
150422,1,outcome,1,SUBSCORE-38,float,single,,0.5
150422,1,outcome,1,SUBSCORE-39,float,single,,0.5
150422,1,outcome,1,SUBSCORE-40,float,single,,1
150422,1,outcome,1,PASSED,boolean,single,0,false
150422,1,outcome,1,MAXSCORE,float,single,40,40
150422,1,template,1,RESPONSE_CORRECTRESPONSE_POINTS,float,single,40,40
150422,1,template,1,RESPONSE-ACTION,float,single,,40
150422,1,,0,SCORE,float,single,,35.5
150422,1,,0,MAX_SCORE,float,single,,40
150422,1,,0,COMPLETION_STATUS,identifier,single,,completed
150228,1,response,1,RESPONSE,file,single,,[REDACTED]
150228,1,outcome,1,SUBSCORE-1,float,single,,1
150228,1,outcome,1,SUBSCORE-2,float,single,,1
150228,1,outcome,1,SUBSCORE-3,float,single,,1
150228,1,outcome,1,SUBSCORE-4,float,single,,1
150228,1,outcome,1,SUBSCORE-5,float,single,,1
150228,1,outcome,1,SUBSCORE-6,float,single,,1
150228,1,outcome,1,SUBSCORE-7,float,single,,1
150228,1,outcome,1,SUBSCORE-8,float,single,,1
150228,1,outcome,1,SUBSCORE-9,float,single,,1
150228,1,outcome,1,SUBSCORE-10,float,single,,1
150228,1,outcome,1,SUBSCORE-11,float,single,,1
150228,1,outcome,1,SUBSCORE-12,float,single,,1
150228,1,outcome,1,SUBSCORE-13,float,single,,1
150228,1,outcome,1,SUBSCORE-14,float,single,,1
150228,1,outcome,1,SUBSCORE-15,float,single,,1
150228,1,outcome,1,SUBSCORE-16,float,single,,1
150228,1,outcome,1,SUBSCORE-17,float,single,,1
150228,1,outcome,1,SUBSCORE-18,float,single,,1
150228,1,outcome,1,SUBSCORE-19,float,single,,0
150228,1,outcome,1,SUBSCORE-20,float,single,,0
150228,1,outcome,1,SUBSCORE-21,float,single,,0
150228,1,outcome,1,SUBSCORE-22,float,single,,1
150228,1,outcome,1,SUBSCORE-23,float,single,,1
150228,1,outcome,1,SUBSCORE-24,float,single,,1
150228,1,outcome,1,SUBSCORE-25,float,single,,1
150228,1,outcome,1,SUBSCORE-26,float,single,,1
150228,1,outcome,1,SUBSCORE-27,float,single,,1
150228,1,outcome,1,SUBSCORE-28,float,single,,1
150228,1,outcome,1,SUBSCORE-29,float,single,,1
150228,1,outcome,1,SUBSCORE-30,float,single,,1
150228,1,outcome,1,SUBSCORE-31,float,single,,0
150228,1,outcome,1,SUBSCORE-32,float,single,,0
150228,1,outcome,1,SUBSCORE-33,float,single,,1
150228,1,outcome,1,SUBSCORE-34,float,single,,1
150228,1,outcome,1,SUBSCORE-35,float,single,,1
150228,1,outcome,1,SUBSCORE-36,float,single,,1
150228,1,outcome,1,SUBSCORE-37,float,single,,1
150228,1,outcome,1,SUBSCORE-38,float,single,,0.5
150228,1,outcome,1,SUBSCORE-39,float,single,,0.5
150228,1,outcome,1,SUBSCORE-40,float,single,,1
150228,1,outcome,1,PASSED,boolean,single,0,false
150228,1,outcome,1,MAXSCORE,float,single,40,40
150228,1,template,1,RESPONSE_CORRECTRESPONSE_POINTS,float,single,40,40
150228,1,template,1,RESPONSE-ACTION,float,single,,40
150228,1,,0,SCORE,float,single,,34
150228,1,,0,MAX_SCORE,float,single,,40
150228,1,,0,COMPLETION_STATUS,identifier,single,,completed
147948,1,response,1,RESPONSE,file,single,,[REDACTED]
147948,1,outcome,1,SUBSCORE-1,float,single,,1
147948,1,outcome,1,SUBSCORE-2,float,single,,1
147948,1,outcome,1,SUBSCORE-3,float,single,,1
147948,1,outcome,1,SUBSCORE-4,float,single,,1
147948,1,outcome,1,SUBSCORE-5,float,single,,1
147948,1,outcome,1,SUBSCORE-6,float,single,,1
147948,1,outcome,1,SUBSCORE-7,float,single,,1
147948,1,outcome,1,SUBSCORE-8,float,single,,1
147948,1,outcome,1,SUBSCORE-9,float,single,,1
147948,1,outcome,1,SUBSCORE-10,float,single,,1
147948,1,outcome,1,SUBSCORE-11,float,single,,1
147948,1,outcome,1,SUBSCORE-12,float,single,,1
147948,1,outcome,1,SUBSCORE-13,float,single,,1
147948,1,outcome,1,SUBSCORE-14,float,single,,1
147948,1,outcome,1,SUBSCORE-15,float,single,,1
147948,1,outcome,1,SUBSCORE-16,float,single,,1
147948,1,outcome,1,SUBSCORE-17,float,single,,1
147948,1,outcome,1,SUBSCORE-18,float,single,,1
147948,1,outcome,1,SUBSCORE-19,float,single,,1
147948,1,outcome,1,SUBSCORE-20,float,single,,0
147948,1,outcome,1,SUBSCORE-21,float,single,,1
147948,1,outcome,1,SUBSCORE-22,float,single,,1
147948,1,outcome,1,SUBSCORE-23,float,single,,0
147948,1,outcome,1,SUBSCORE-24,float,single,,0
147948,1,outcome,1,SUBSCORE-25,float,single,,0
147948,1,outcome,1,SUBSCORE-26,float,single,,1
147948,1,outcome,1,SUBSCORE-27,float,single,,1
147948,1,outcome,1,SUBSCORE-28,float,single,,1
147948,1,outcome,1,SUBSCORE-29,float,single,,0
147948,1,outcome,1,SUBSCORE-30,float,single,,1
147948,1,outcome,1,SUBSCORE-31,float,single,,1
147948,1,outcome,1,SUBSCORE-32,float,single,,1
147948,1,outcome,1,SUBSCORE-33,float,single,,1
147948,1,outcome,1,SUBSCORE-34,float,single,,1
147948,1,outcome,1,SUBSCORE-35,float,single,,1
147948,1,outcome,1,SUBSCORE-36,float,single,,1
147948,1,outcome,1,SUBSCORE-37,float,single,,1
147948,1,outcome,1,SUBSCORE-38,float,single,,1
147948,1,outcome,1,SUBSCORE-39,float,single,,1
147948,1,outcome,1,SUBSCORE-40,float,single,,1
147948,1,outcome,1,PASSED,boolean,single,0,false
147948,1,outcome,1,MAXSCORE,float,single,40,40
147948,1,template,1,RESPONSE_CORRECTRESPONSE_POINTS,float,single,40,40
147948,1,template,1,RESPONSE-ACTION,float,single,,40
147948,1,,0,SCORE,float,single,,35
147948,1,,0,MAX_SCORE,float,single,,40
147948,1,,0,COMPLETION_STATUS,identifier,single,,completed
149373,1,response,1,RESPONSE,file,single,,[REDACTED]
149373,1,outcome,1,SUBSCORE-1,float,single,,1
149373,1,outcome,1,SUBSCORE-2,float,single,,1
149373,1,outcome,1,SUBSCORE-3,float,single,,1
149373,1,outcome,1,SUBSCORE-4,float,single,,1
149373,1,outcome,1,SUBSCORE-5,float,single,,1
149373,1,outcome,1,SUBSCORE-6,float,single,,1
149373,1,outcome,1,SUBSCORE-7,float,single,,1
149373,1,outcome,1,SUBSCORE-8,float,single,,1
149373,1,outcome,1,SUBSCORE-9,float,single,,1
149373,1,outcome,1,SUBSCORE-10,float,single,,1
149373,1,outcome,1,SUBSCORE-11,float,single,,1
149373,1,outcome,1,SUBSCORE-12,float,single,,1
149373,1,outcome,1,SUBSCORE-13,float,single,,1
149373,1,outcome,1,SUBSCORE-14,float,single,,1
149373,1,outcome,1,SUBSCORE-15,float,single,,1
149373,1,outcome,1,SUBSCORE-16,float,single,,1
149373,1,outcome,1,SUBSCORE-17,float,single,,1
149373,1,outcome,1,SUBSCORE-18,float,single,,1
149373,1,outcome,1,SUBSCORE-19,float,single,,1
149373,1,outcome,1,SUBSCORE-20,float,single,,0
149373,1,outcome,1,SUBSCORE-21,float,single,,0
149373,1,outcome,1,SUBSCORE-22,float,single,,0
149373,1,outcome,1,SUBSCORE-23,float,single,,0
149373,1,outcome,1,SUBSCORE-24,float,single,,0
149373,1,outcome,1,SUBSCORE-25,float,single,,1
149373,1,outcome,1,SUBSCORE-26,float,single,,1
149373,1,outcome,1,SUBSCORE-27,float,single,,1
149373,1,outcome,1,SUBSCORE-28,float,single,,1
149373,1,outcome,1,SUBSCORE-29,float,single,,1
149373,1,outcome,1,SUBSCORE-30,float,single,,0
149373,1,outcome,1,SUBSCORE-31,float,single,,0
149373,1,outcome,1,SUBSCORE-32,float,single,,0
149373,1,outcome,1,SUBSCORE-33,float,single,,1
149373,1,outcome,1,SUBSCORE-34,float,single,,1
149373,1,outcome,1,SUBSCORE-35,float,single,,1
149373,1,outcome,1,SUBSCORE-36,float,single,,1
149373,1,outcome,1,SUBSCORE-37,float,single,,1
149373,1,outcome,1,SUBSCORE-38,float,single,,1
149373,1,outcome,1,SUBSCORE-39,float,single,,1
149373,1,outcome,1,SUBSCORE-40,float,single,,1
149373,1,outcome,1,PASSED,boolean,single,0,false
149373,1,outcome,1,MAXSCORE,float,single,40,40
149373,1,template,1,RESPONSE_CORRECTRESPONSE_POINTS,float,single,40,40
149373,1,template,1,RESPONSE-ACTION,float,single,,40
149373,1,,0,SCORE,float,single,,32
149373,1,,0,MAX_SCORE,float,single,,40
149373,1,,0,COMPLETION_STATUS,identifier,single,,completed
150464,1,response,1,RESPONSE,file,single,,[REDACTED]
150464,1,outcome,1,SUBSCORE-1,float,single,,1
150464,1,outcome,1,SUBSCORE-2,float,single,,1
150464,1,outcome,1,SUBSCORE-3,float,single,,1
150464,1,outcome,1,SUBSCORE-4,float,single,,1
150464,1,outcome,1,SUBSCORE-5,float,single,,1
150464,1,outcome,1,SUBSCORE-6,float,single,,1
150464,1,outcome,1,SUBSCORE-7,float,single,,1
150464,1,outcome,1,SUBSCORE-8,float,single,,1
150464,1,outcome,1,SUBSCORE-9,float,single,,1
150464,1,outcome,1,SUBSCORE-10,float,single,,1
150464,1,outcome,1,SUBSCORE-11,float,single,,1
150464,1,outcome,1,SUBSCORE-12,float,single,,1
150464,1,outcome,1,SUBSCORE-13,float,single,,1
150464,1,outcome,1,SUBSCORE-14,float,single,,1
150464,1,outcome,1,SUBSCORE-15,float,single,,0
150464,1,outcome,1,SUBSCORE-16,float,single,,0
150464,1,outcome,1,SUBSCORE-17,float,single,,0
150464,1,outcome,1,SUBSCORE-18,float,single,,1
150464,1,outcome,1,SUBSCORE-19,float,single,,0
150464,1,outcome,1,SUBSCORE-20,float,single,,0
150464,1,outcome,1,SUBSCORE-21,float,single,,0
150464,1,outcome,1,SUBSCORE-22,float,single,,1
150464,1,outcome,1,SUBSCORE-23,float,single,,1
150464,1,outcome,1,SUBSCORE-24,float,single,,1
150464,1,outcome,1,SUBSCORE-25,float,single,,0
150464,1,outcome,1,SUBSCORE-26,float,single,,1
150464,1,outcome,1,SUBSCORE-27,float,single,,1
150464,1,outcome,1,SUBSCORE-28,float,single,,1
150464,1,outcome,1,SUBSCORE-29,float,single,,1
150464,1,outcome,1,SUBSCORE-30,float,single,,1
150464,1,outcome,1,SUBSCORE-31,float,single,,1
150464,1,outcome,1,SUBSCORE-32,float,single,,1
150464,1,outcome,1,SUBSCORE-33,float,single,,1
150464,1,outcome,1,SUBSCORE-34,float,single,,1
150464,1,outcome,1,SUBSCORE-35,float,single,,1
150464,1,outcome,1,SUBSCORE-36,float,single,,1
150464,1,outcome,1,SUBSCORE-37,float,single,,1
150464,1,outcome,1,SUBSCORE-38,float,single,,1
150464,1,outcome,1,SUBSCORE-39,float,single,,1
150464,1,outcome,1,SUBSCORE-40,float,single,,1
150464,1,outcome,1,PASSED,boolean,single,0,false
150464,1,outcome,1,MAXSCORE,float,single,40,40
150464,1,template,1,RESPONSE_CORRECTRESPONSE_POINTS,float,single,40,40
150464,1,template,1,RESPONSE-ACTION,float,single,,40
150464,1,,0,SCORE,float,single,,33
150464,1,,0,MAX_SCORE,float,single,,40
150464,1,,0,COMPLETION_STATUS,identifier,single,,completed
149652,1,response,1,RESPONSE,file,single,,[REDACTED]
149652,1,outcome,1,SUBSCORE-1,float,single,,1
149652,1,outcome,1,SUBSCORE-2,float,single,,1
149652,1,outcome,1,SUBSCORE-3,float,single,,1
149652,1,outcome,1,SUBSCORE-4,float,single,,1
149652,1,outcome,1,SUBSCORE-5,float,single,,1
149652,1,outcome,1,SUBSCORE-6,float,single,,1
149652,1,outcome,1,SUBSCORE-7,float,single,,1
149652,1,outcome,1,SUBSCORE-8,float,single,,1
149652,1,outcome,1,SUBSCORE-9,float,single,,1
149652,1,outcome,1,SUBSCORE-10,float,single,,1
149652,1,outcome,1,SUBSCORE-11,float,single,,1
149652,1,outcome,1,SUBSCORE-12,float,single,,1
149652,1,outcome,1,SUBSCORE-13,float,single,,1
149652,1,outcome,1,SUBSCORE-14,float,single,,0
149652,1,outcome,1,SUBSCORE-15,float,single,,0
149652,1,outcome,1,SUBSCORE-16,float,single,,0
149652,1,outcome,1,SUBSCORE-17,float,single,,0
149652,1,outcome,1,SUBSCORE-18,float,single,,1
149652,1,outcome,1,SUBSCORE-19,float,single,,0
149652,1,outcome,1,SUBSCORE-20,float,single,,0
149652,1,outcome,1,SUBSCORE-21,float,single,,0.5
149652,1,outcome,1,SUBSCORE-22,float,single,,1
149652,1,outcome,1,SUBSCORE-23,float,single,,1
149652,1,outcome,1,SUBSCORE-24,float,single,,1
149652,1,outcome,1,SUBSCORE-25,float,single,,0
149652,1,outcome,1,SUBSCORE-26,float,single,,1
149652,1,outcome,1,SUBSCORE-27,float,single,,1
149652,1,outcome,1,SUBSCORE-28,float,single,,1
149652,1,outcome,1,SUBSCORE-29,float,single,,1
149652,1,outcome,1,SUBSCORE-30,float,single,,1
149652,1,outcome,1,SUBSCORE-31,float,single,,1
149652,1,outcome,1,SUBSCORE-32,float,single,,0
149652,1,outcome,1,SUBSCORE-33,float,single,,1
149652,1,outcome,1,SUBSCORE-34,float,single,,1
149652,1,outcome,1,SUBSCORE-35,float,single,,1
149652,1,outcome,1,SUBSCORE-36,float,single,,0
149652,1,outcome,1,SUBSCORE-37,float,single,,1
149652,1,outcome,1,SUBSCORE-38,float,single,,1
149652,1,outcome,1,SUBSCORE-39,float,single,,1
149652,1,outcome,1,SUBSCORE-40,float,single,,1
149652,1,outcome,1,PASSED,boolean,single,0,false
149652,1,outcome,1,MAXSCORE,float,single,40,40
149652,1,template,1,RESPONSE_CORRECTRESPONSE_POINTS,float,single,40,40
149652,1,template,1,RESPONSE-ACTION,float,single,,40
149652,1,,0,SCORE,float,single,,30.5
149652,1,,0,MAX_SCORE,float,single,,40
149652,1,,0,COMPLETION_STATUS,identifier,single,,completed
149918,1,response,1,RESPONSE,file,single,,[REDACTED]
149918,1,outcome,1,SUBSCORE-1,float,single,,1
149918,1,outcome,1,SUBSCORE-2,float,single,,1
149918,1,outcome,1,SUBSCORE-3,float,single,,1
149918,1,outcome,1,SUBSCORE-4,float,single,,1
149918,1,outcome,1,SUBSCORE-5,float,single,,1
149918,1,outcome,1,SUBSCORE-6,float,single,,1
149918,1,outcome,1,SUBSCORE-7,float,single,,1
149918,1,outcome,1,SUBSCORE-8,float,single,,1
149918,1,outcome,1,SUBSCORE-9,float,single,,1
149918,1,outcome,1,SUBSCORE-10,float,single,,1
149918,1,outcome,1,SUBSCORE-11,float,single,,1
149918,1,outcome,1,SUBSCORE-12,float,single,,1
149918,1,outcome,1,SUBSCORE-13,float,single,,1
149918,1,outcome,1,SUBSCORE-14,float,single,,1
149918,1,outcome,1,SUBSCORE-15,float,single,,1
149918,1,outcome,1,SUBSCORE-16,float,single,,1
149918,1,outcome,1,SUBSCORE-17,float,single,,1
149918,1,outcome,1,SUBSCORE-18,float,single,,1
149918,1,outcome,1,SUBSCORE-19,float,single,,0
149918,1,outcome,1,SUBSCORE-20,float,single,,1
149918,1,outcome,1,SUBSCORE-21,float,single,,1
149918,1,outcome,1,SUBSCORE-22,float,single,,1
149918,1,outcome,1,SUBSCORE-23,float,single,,1
149918,1,outcome,1,SUBSCORE-24,float,single,,1
149918,1,outcome,1,SUBSCORE-25,float,single,,0
149918,1,outcome,1,SUBSCORE-26,float,single,,1
149918,1,outcome,1,SUBSCORE-27,float,single,,1
149918,1,outcome,1,SUBSCORE-28,float,single,,1
149918,1,outcome,1,SUBSCORE-29,float,single,,1
149918,1,outcome,1,SUBSCORE-30,float,single,,1
149918,1,outcome,1,SUBSCORE-31,float,single,,1
149918,1,outcome,1,SUBSCORE-32,float,single,,0
149918,1,outcome,1,SUBSCORE-33,float,single,,1
149918,1,outcome,1,SUBSCORE-34,float,single,,1
149918,1,outcome,1,SUBSCORE-35,float,single,,1
149918,1,outcome,1,SUBSCORE-36,float,single,,1
149918,1,outcome,1,SUBSCORE-37,float,single,,1
149918,1,outcome,1,SUBSCORE-38,float,single,,0.5
149918,1,outcome,1,SUBSCORE-39,float,single,,0.5
149918,1,outcome,1,SUBSCORE-40,float,single,,1
149918,1,outcome,1,PASSED,boolean,single,0,false
149918,1,outcome,1,MAXSCORE,float,single,40,40
149918,1,template,1,RESPONSE_CORRECTRESPONSE_POINTS,float,single,40,40
149918,1,template,1,RESPONSE-ACTION,float,single,,40
149918,1,,0,SCORE,float,single,,36
149918,1,,0,MAX_SCORE,float,single,,40
149918,1,,0,COMPLETION_STATUS,identifier,single,,completed
148247,1,response,1,RESPONSE,file,single,,[REDACTED]
148247,1,outcome,1,SUBSCORE-1,float,single,,1
148247,1,outcome,1,SUBSCORE-2,float,single,,1
148247,1,outcome,1,SUBSCORE-3,float,single,,1
148247,1,outcome,1,SUBSCORE-4,float,single,,1
148247,1,outcome,1,SUBSCORE-5,float,single,,0
148247,1,outcome,1,SUBSCORE-6,float,single,,1
148247,1,outcome,1,SUBSCORE-7,float,single,,1
148247,1,outcome,1,SUBSCORE-8,float,single,,1
148247,1,outcome,1,SUBSCORE-9,float,single,,1
148247,1,outcome,1,SUBSCORE-10,float,single,,1
148247,1,outcome,1,SUBSCORE-11,float,single,,0
148247,1,outcome,1,SUBSCORE-12,float,single,,0
148247,1,outcome,1,SUBSCORE-13,float,single,,0
148247,1,outcome,1,SUBSCORE-14,float,single,,0
148247,1,outcome,1,SUBSCORE-15,float,single,,0
148247,1,outcome,1,SUBSCORE-16,float,single,,0
148247,1,outcome,1,SUBSCORE-17,float,single,,0
148247,1,outcome,1,SUBSCORE-18,float,single,,1
148247,1,outcome,1,SUBSCORE-19,float,single,,0
148247,1,outcome,1,SUBSCORE-20,float,single,,0
148247,1,outcome,1,SUBSCORE-21,float,single,,0
148247,1,outcome,1,SUBSCORE-22,float,single,,1
148247,1,outcome,1,SUBSCORE-23,float,single,,1
148247,1,outcome,1,SUBSCORE-24,float,single,,0.5
148247,1,outcome,1,SUBSCORE-25,float,single,,0
148247,1,outcome,1,SUBSCORE-26,float,single,,1
148247,1,outcome,1,SUBSCORE-27,float,single,,1
148247,1,outcome,1,SUBSCORE-28,float,single,,1
148247,1,outcome,1,SUBSCORE-29,float,single,,0
148247,1,outcome,1,SUBSCORE-30,float,single,,1
148247,1,outcome,1,SUBSCORE-31,float,single,,0.5
148247,1,outcome,1,SUBSCORE-32,float,single,,0.5
148247,1,outcome,1,SUBSCORE-33,float,single,,1
148247,1,outcome,1,SUBSCORE-34,float,single,,1
148247,1,outcome,1,SUBSCORE-35,float,single,,1
148247,1,outcome,1,SUBSCORE-36,float,single,,0
148247,1,outcome,1,SUBSCORE-37,float,single,,1
148247,1,outcome,1,SUBSCORE-38,float,single,,1
148247,1,outcome,1,SUBSCORE-39,float,single,,1
148247,1,outcome,1,SUBSCORE-40,float,single,,1
148247,1,outcome,1,PASSED,boolean,single,0,false
148247,1,outcome,1,MAXSCORE,float,single,40,40
148247,1,template,1,RESPONSE_CORRECTRESPONSE_POINTS,float,single,40,40
148247,1,template,1,RESPONSE-ACTION,float,single,,40
148247,1,,0,SCORE,float,single,,24.5
148247,1,,0,MAX_SCORE,float,single,,40
148247,1,,0,COMPLETION_STATUS,identifier,single,,completed
142554,1,response,1,RESPONSE,file,single,,[REDACTED]
142554,1,outcome,1,SUBSCORE-1,float,single,,1
142554,1,outcome,1,SUBSCORE-2,float,single,,1
142554,1,outcome,1,SUBSCORE-3,float,single,,1
142554,1,outcome,1,SUBSCORE-4,float,single,,1
142554,1,outcome,1,SUBSCORE-5,float,single,,1
142554,1,outcome,1,SUBSCORE-6,float,single,,1
142554,1,outcome,1,SUBSCORE-7,float,single,,1
142554,1,outcome,1,SUBSCORE-8,float,single,,1
142554,1,outcome,1,SUBSCORE-9,float,single,,1
142554,1,outcome,1,SUBSCORE-10,float,single,,1
142554,1,outcome,1,SUBSCORE-11,float,single,,1
142554,1,outcome,1,SUBSCORE-12,float,single,,1
142554,1,outcome,1,SUBSCORE-13,float,single,,1
142554,1,outcome,1,SUBSCORE-14,float,single,,1
142554,1,outcome,1,SUBSCORE-15,float,single,,1
142554,1,outcome,1,SUBSCORE-16,float,single,,1
142554,1,outcome,1,SUBSCORE-17,float,single,,1
142554,1,outcome,1,SUBSCORE-18,float,single,,0
142554,1,outcome,1,SUBSCORE-19,float,single,,0
142554,1,outcome,1,SUBSCORE-20,float,single,,0
142554,1,outcome,1,SUBSCORE-21,float,single,,0
142554,1,outcome,1,SUBSCORE-22,float,single,,0
142554,1,outcome,1,SUBSCORE-23,float,single,,0
142554,1,outcome,1,SUBSCORE-24,float,single,,0
142554,1,outcome,1,SUBSCORE-25,float,single,,0
142554,1,outcome,1,SUBSCORE-26,float,single,,1
142554,1,outcome,1,SUBSCORE-27,float,single,,1
142554,1,outcome,1,SUBSCORE-28,float,single,,1
142554,1,outcome,1,SUBSCORE-29,float,single,,1
142554,1,outcome,1,SUBSCORE-30,float,single,,1
142554,1,outcome,1,SUBSCORE-31,float,single,,0
142554,1,outcome,1,SUBSCORE-32,float,single,,0
142554,1,outcome,1,SUBSCORE-33,float,single,,1
142554,1,outcome,1,SUBSCORE-34,float,single,,1
142554,1,outcome,1,SUBSCORE-35,float,single,,1
142554,1,outcome,1,SUBSCORE-36,float,single,,1
142554,1,outcome,1,SUBSCORE-37,float,single,,1
142554,1,outcome,1,SUBSCORE-38,float,single,,1
142554,1,outcome,1,SUBSCORE-39,float,single,,1
142554,1,outcome,1,SUBSCORE-40,float,single,,1
142554,1,outcome,1,PASSED,boolean,single,0,false
142554,1,outcome,1,MAXSCORE,float,single,40,40
142554,1,template,1,RESPONSE_CORRECTRESPONSE_POINTS,float,single,40,40
142554,1,template,1,RESPONSE-ACTION,float,single,,40
142554,1,,0,SCORE,float,single,,30
142554,1,,0,MAX_SCORE,float,single,,40
142554,1,,0,COMPLETION_STATUS,identifier,single,,completed
148369,1,response,1,RESPONSE,file,single,,[REDACTED]
148369,1,outcome,1,SUBSCORE-1,float,single,,1
148369,1,outcome,1,SUBSCORE-2,float,single,,1
148369,1,outcome,1,SUBSCORE-3,float,single,,1
148369,1,outcome,1,SUBSCORE-4,float,single,,1
148369,1,outcome,1,SUBSCORE-5,float,single,,1
148369,1,outcome,1,SUBSCORE-6,float,single,,1
148369,1,outcome,1,SUBSCORE-7,float,single,,1
148369,1,outcome,1,SUBSCORE-8,float,single,,1
148369,1,outcome,1,SUBSCORE-9,float,single,,1
148369,1,outcome,1,SUBSCORE-10,float,single,,1
148369,1,outcome,1,SUBSCORE-11,float,single,,1
148369,1,outcome,1,SUBSCORE-12,float,single,,1
148369,1,outcome,1,SUBSCORE-13,float,single,,1
148369,1,outcome,1,SUBSCORE-14,float,single,,1
148369,1,outcome,1,SUBSCORE-15,float,single,,0
148369,1,outcome,1,SUBSCORE-16,float,single,,0
148369,1,outcome,1,SUBSCORE-17,float,single,,0
148369,1,outcome,1,SUBSCORE-18,float,single,,1
148369,1,outcome,1,SUBSCORE-19,float,single,,0
148369,1,outcome,1,SUBSCORE-20,float,single,,0
148369,1,outcome,1,SUBSCORE-21,float,single,,0
148369,1,outcome,1,SUBSCORE-22,float,single,,1
148369,1,outcome,1,SUBSCORE-23,float,single,,1
148369,1,outcome,1,SUBSCORE-24,float,single,,1
148369,1,outcome,1,SUBSCORE-25,float,single,,0
148369,1,outcome,1,SUBSCORE-26,float,single,,1
148369,1,outcome,1,SUBSCORE-27,float,single,,1
148369,1,outcome,1,SUBSCORE-28,float,single,,1
148369,1,outcome,1,SUBSCORE-29,float,single,,1
148369,1,outcome,1,SUBSCORE-30,float,single,,1
148369,1,outcome,1,SUBSCORE-31,float,single,,1
148369,1,outcome,1,SUBSCORE-32,float,single,,0
148369,1,outcome,1,SUBSCORE-33,float,single,,1
148369,1,outcome,1,SUBSCORE-34,float,single,,1
148369,1,outcome,1,SUBSCORE-35,float,single,,1
148369,1,outcome,1,SUBSCORE-36,float,single,,0
148369,1,outcome,1,SUBSCORE-37,float,single,,1
148369,1,outcome,1,SUBSCORE-38,float,single,,1
148369,1,outcome,1,SUBSCORE-39,float,single,,1
148369,1,outcome,1,SUBSCORE-40,float,single,,1
148369,1,outcome,1,PASSED,boolean,single,0,false
148369,1,outcome,1,MAXSCORE,float,single,40,40
148369,1,template,1,RESPONSE_CORRECTRESPONSE_POINTS,float,single,40,40
148369,1,template,1,RESPONSE-ACTION,float,single,,40
148369,1,,0,SCORE,float,single,,31
148369,1,,0,MAX_SCORE,float,single,,40
148369,1,,0,COMPLETION_STATUS,identifier,single,,completed
150908,1,response,1,RESPONSE,file,single,,[REDACTED]
150908,1,outcome,1,SUBSCORE-1,float,single,,1
150908,1,outcome,1,SUBSCORE-2,float,single,,1
150908,1,outcome,1,SUBSCORE-3,float,single,,1
150908,1,outcome,1,SUBSCORE-4,float,single,,1
150908,1,outcome,1,SUBSCORE-5,float,single,,1
150908,1,outcome,1,SUBSCORE-6,float,single,,1
150908,1,outcome,1,SUBSCORE-7,float,single,,1
150908,1,outcome,1,SUBSCORE-8,float,single,,1
150908,1,outcome,1,SUBSCORE-9,float,single,,1
150908,1,outcome,1,SUBSCORE-10,float,single,,1
150908,1,outcome,1,SUBSCORE-11,float,single,,1
150908,1,outcome,1,SUBSCORE-12,float,single,,1
150908,1,outcome,1,SUBSCORE-13,float,single,,1
150908,1,outcome,1,SUBSCORE-14,float,single,,0
150908,1,outcome,1,SUBSCORE-15,float,single,,0
150908,1,outcome,1,SUBSCORE-16,float,single,,0
150908,1,outcome,1,SUBSCORE-17,float,single,,0
150908,1,outcome,1,SUBSCORE-18,float,single,,0
150908,1,outcome,1,SUBSCORE-19,float,single,,0
150908,1,outcome,1,SUBSCORE-20,float,single,,0
150908,1,outcome,1,SUBSCORE-21,float,single,,0
150908,1,outcome,1,SUBSCORE-22,float,single,,1
150908,1,outcome,1,SUBSCORE-23,float,single,,0
150908,1,outcome,1,SUBSCORE-24,float,single,,1
150908,1,outcome,1,SUBSCORE-25,float,single,,0
150908,1,outcome,1,SUBSCORE-26,float,single,,1
150908,1,outcome,1,SUBSCORE-27,float,single,,1
150908,1,outcome,1,SUBSCORE-28,float,single,,1
150908,1,outcome,1,SUBSCORE-29,float,single,,1
150908,1,outcome,1,SUBSCORE-30,float,single,,1
150908,1,outcome,1,SUBSCORE-31,float,single,,1
150908,1,outcome,1,SUBSCORE-32,float,single,,0.5
150908,1,outcome,1,SUBSCORE-33,float,single,,1
150908,1,outcome,1,SUBSCORE-34,float,single,,1
150908,1,outcome,1,SUBSCORE-35,float,single,,1
150908,1,outcome,1,SUBSCORE-36,float,single,,1
150908,1,outcome,1,SUBSCORE-37,float,single,,1
150908,1,outcome,1,SUBSCORE-38,float,single,,1
150908,1,outcome,1,SUBSCORE-39,float,single,,1
150908,1,outcome,1,SUBSCORE-40,float,single,,1
150908,1,outcome,1,PASSED,boolean,single,0,false
150908,1,outcome,1,MAXSCORE,float,single,40,40
150908,1,template,1,RESPONSE_CORRECTRESPONSE_POINTS,float,single,40,40
150908,1,template,1,RESPONSE-ACTION,float,single,,40
150908,1,,0,SCORE,float,single,,29.5
150908,1,,0,MAX_SCORE,float,single,,40
150908,1,,0,COMPLETION_STATUS,identifier,single,,completed
142624,1,response,1,RESPONSE,file,single,,[REDACTED]
142624,1,outcome,1,SUBSCORE-1,float,single,,1
142624,1,outcome,1,SUBSCORE-2,float,single,,1
142624,1,outcome,1,SUBSCORE-3,float,single,,1
142624,1,outcome,1,SUBSCORE-4,float,single,,1
142624,1,outcome,1,SUBSCORE-5,float,single,,1
142624,1,outcome,1,SUBSCORE-6,float,single,,1
142624,1,outcome,1,SUBSCORE-7,float,single,,1
142624,1,outcome,1,SUBSCORE-8,float,single,,1
142624,1,outcome,1,SUBSCORE-9,float,single,,1
142624,1,outcome,1,SUBSCORE-10,float,single,,1
142624,1,outcome,1,SUBSCORE-11,float,single,,1
142624,1,outcome,1,SUBSCORE-12,float,single,,1
142624,1,outcome,1,SUBSCORE-13,float,single,,1
142624,1,outcome,1,SUBSCORE-14,float,single,,1
142624,1,outcome,1,SUBSCORE-15,float,single,,1
142624,1,outcome,1,SUBSCORE-16,float,single,,1
142624,1,outcome,1,SUBSCORE-17,float,single,,1
142624,1,outcome,1,SUBSCORE-18,float,single,,1
142624,1,outcome,1,SUBSCORE-19,float,single,,0.5
142624,1,outcome,1,SUBSCORE-20,float,single,,1
142624,1,outcome,1,SUBSCORE-21,float,single,,1
142624,1,outcome,1,SUBSCORE-22,float,single,,1
142624,1,outcome,1,SUBSCORE-23,float,single,,1
142624,1,outcome,1,SUBSCORE-24,float,single,,1
142624,1,outcome,1,SUBSCORE-25,float,single,,1
142624,1,outcome,1,SUBSCORE-26,float,single,,1
142624,1,outcome,1,SUBSCORE-27,float,single,,1
142624,1,outcome,1,SUBSCORE-28,float,single,,1
142624,1,outcome,1,SUBSCORE-29,float,single,,1
142624,1,outcome,1,SUBSCORE-30,float,single,,1
142624,1,outcome,1,SUBSCORE-31,float,single,,1
142624,1,outcome,1,SUBSCORE-32,float,single,,1
142624,1,outcome,1,SUBSCORE-33,float,single,,1
142624,1,outcome,1,SUBSCORE-34,float,single,,1
142624,1,outcome,1,SUBSCORE-35,float,single,,1
142624,1,outcome,1,SUBSCORE-36,float,single,,1
142624,1,outcome,1,SUBSCORE-37,float,single,,0
142624,1,outcome,1,SUBSCORE-38,float,single,,0
142624,1,outcome,1,SUBSCORE-39,float,single,,0
142624,1,outcome,1,SUBSCORE-40,float,single,,0
142624,1,outcome,1,PASSED,boolean,single,0,false
142624,1,outcome,1,MAXSCORE,float,single,40,40
142624,1,template,1,RESPONSE_CORRECTRESPONSE_POINTS,float,single,40,40
142624,1,template,1,RESPONSE-ACTION,float,single,,40
142624,1,,0,SCORE,float,single,,35.5
142624,1,,0,MAX_SCORE,float,single,,40
142624,1,,0,COMPLETION_STATUS,identifier,single,,completed
143123,1,response,1,RESPONSE,file,single,,[REDACTED]
143123,1,outcome,1,SUBSCORE-1,float,single,,1
143123,1,outcome,1,SUBSCORE-2,float,single,,1
143123,1,outcome,1,SUBSCORE-3,float,single,,1
143123,1,outcome,1,SUBSCORE-4,float,single,,1
143123,1,outcome,1,SUBSCORE-5,float,single,,1
143123,1,outcome,1,SUBSCORE-6,float,single,,1
143123,1,outcome,1,SUBSCORE-7,float,single,,1
143123,1,outcome,1,SUBSCORE-8,float,single,,1
143123,1,outcome,1,SUBSCORE-9,float,single,,1
143123,1,outcome,1,SUBSCORE-10,float,single,,1
143123,1,outcome,1,SUBSCORE-11,float,single,,1
143123,1,outcome,1,SUBSCORE-12,float,single,,1
143123,1,outcome,1,SUBSCORE-13,float,single,,1
143123,1,outcome,1,SUBSCORE-14,float,single,,1
143123,1,outcome,1,SUBSCORE-15,float,single,,1
143123,1,outcome,1,SUBSCORE-16,float,single,,1
143123,1,outcome,1,SUBSCORE-17,float,single,,1
143123,1,outcome,1,SUBSCORE-18,float,single,,1
143123,1,outcome,1,SUBSCORE-19,float,single,,0
143123,1,outcome,1,SUBSCORE-20,float,single,,0
143123,1,outcome,1,SUBSCORE-21,float,single,,0
143123,1,outcome,1,SUBSCORE-22,float,single,,1
143123,1,outcome,1,SUBSCORE-23,float,single,,1
143123,1,outcome,1,SUBSCORE-24,float,single,,1
143123,1,outcome,1,SUBSCORE-25,float,single,,0
143123,1,outcome,1,SUBSCORE-26,float,single,,1
143123,1,outcome,1,SUBSCORE-27,float,single,,1
143123,1,outcome,1,SUBSCORE-28,float,single,,1
143123,1,outcome,1,SUBSCORE-29,float,single,,1
143123,1,outcome,1,SUBSCORE-30,float,single,,1
143123,1,outcome,1,SUBSCORE-31,float,single,,0.5
143123,1,outcome,1,SUBSCORE-32,float,single,,0
143123,1,outcome,1,SUBSCORE-33,float,single,,0
143123,1,outcome,1,SUBSCORE-34,float,single,,1
143123,1,outcome,1,SUBSCORE-35,float,single,,1
143123,1,outcome,1,SUBSCORE-36,float,single,,0
143123,1,outcome,1,SUBSCORE-37,float,single,,1
143123,1,outcome,1,SUBSCORE-38,float,single,,1
143123,1,outcome,1,SUBSCORE-39,float,single,,1
143123,1,outcome,1,SUBSCORE-40,float,single,,1
143123,1,outcome,1,PASSED,boolean,single,0,false
143123,1,outcome,1,MAXSCORE,float,single,40,40
143123,1,template,1,RESPONSE_CORRECTRESPONSE_POINTS,float,single,40,40
143123,1,template,1,RESPONSE-ACTION,float,single,,40
143123,1,,0,SCORE,float,single,,32.5
143123,1,,0,MAX_SCORE,float,single,,40
143123,1,,0,COMPLETION_STATUS,identifier,single,,completed
150238,1,response,1,RESPONSE,file,single,,[REDACTED]
150238,1,outcome,1,SUBSCORE-1,float,single,,1
150238,1,outcome,1,SUBSCORE-2,float,single,,1
150238,1,outcome,1,SUBSCORE-3,float,single,,1
150238,1,outcome,1,SUBSCORE-4,float,single,,1
150238,1,outcome,1,SUBSCORE-5,float,single,,1
150238,1,outcome,1,SUBSCORE-6,float,single,,1
150238,1,outcome,1,SUBSCORE-7,float,single,,1
150238,1,outcome,1,SUBSCORE-8,float,single,,1
150238,1,outcome,1,SUBSCORE-9,float,single,,1
150238,1,outcome,1,SUBSCORE-10,float,single,,1
150238,1,outcome,1,SUBSCORE-11,float,single,,1
150238,1,outcome,1,SUBSCORE-12,float,single,,1
150238,1,outcome,1,SUBSCORE-13,float,single,,1
150238,1,outcome,1,SUBSCORE-14,float,single,,1
150238,1,outcome,1,SUBSCORE-15,float,single,,1
150238,1,outcome,1,SUBSCORE-16,float,single,,1
150238,1,outcome,1,SUBSCORE-17,float,single,,1
150238,1,outcome,1,SUBSCORE-18,float,single,,1
150238,1,outcome,1,SUBSCORE-19,float,single,,1
150238,1,outcome,1,SUBSCORE-20,float,single,,1
150238,1,outcome,1,SUBSCORE-21,float,single,,1
150238,1,outcome,1,SUBSCORE-22,float,single,,1
150238,1,outcome,1,SUBSCORE-23,float,single,,1
150238,1,outcome,1,SUBSCORE-24,float,single,,1
150238,1,outcome,1,SUBSCORE-25,float,single,,1
150238,1,outcome,1,SUBSCORE-26,float,single,,1
150238,1,outcome,1,SUBSCORE-27,float,single,,1
150238,1,outcome,1,SUBSCORE-28,float,single,,1
150238,1,outcome,1,SUBSCORE-29,float,single,,1
150238,1,outcome,1,SUBSCORE-30,float,single,,1
150238,1,outcome,1,SUBSCORE-31,float,single,,0
150238,1,outcome,1,SUBSCORE-32,float,single,,0
150238,1,outcome,1,SUBSCORE-33,float,single,,1
150238,1,outcome,1,SUBSCORE-34,float,single,,1
150238,1,outcome,1,SUBSCORE-35,float,single,,1
150238,1,outcome,1,SUBSCORE-36,float,single,,1
150238,1,outcome,1,SUBSCORE-37,float,single,,1
150238,1,outcome,1,SUBSCORE-38,float,single,,1
150238,1,outcome,1,SUBSCORE-39,float,single,,1
150238,1,outcome,1,SUBSCORE-40,float,single,,1
150238,1,outcome,1,PASSED,boolean,single,0,false
150238,1,outcome,1,MAXSCORE,float,single,40,40
150238,1,template,1,RESPONSE_CORRECTRESPONSE_POINTS,float,single,40,40
150238,1,template,1,RESPONSE-ACTION,float,single,,40
150238,1,,0,SCORE,float,single,,38
150238,1,,0,MAX_SCORE,float,single,,40
150238,1,,0,COMPLETION_STATUS,identifier,single,,completed
150524,1,response,1,RESPONSE,file,single,,[REDACTED]
150524,1,outcome,1,SUBSCORE-1,float,single,,1
150524,1,outcome,1,SUBSCORE-2,float,single,,1
150524,1,outcome,1,SUBSCORE-3,float,single,,1
150524,1,outcome,1,SUBSCORE-4,float,single,,1
150524,1,outcome,1,SUBSCORE-5,float,single,,1
150524,1,outcome,1,SUBSCORE-6,float,single,,1
150524,1,outcome,1,SUBSCORE-7,float,single,,1
150524,1,outcome,1,SUBSCORE-8,float,single,,1
150524,1,outcome,1,SUBSCORE-9,float,single,,1
150524,1,outcome,1,SUBSCORE-10,float,single,,1
150524,1,outcome,1,SUBSCORE-11,float,single,,1
150524,1,outcome,1,SUBSCORE-12,float,single,,1
150524,1,outcome,1,SUBSCORE-13,float,single,,1
150524,1,outcome,1,SUBSCORE-14,float,single,,1
150524,1,outcome,1,SUBSCORE-15,float,single,,0
150524,1,outcome,1,SUBSCORE-16,float,single,,0
150524,1,outcome,1,SUBSCORE-17,float,single,,0
150524,1,outcome,1,SUBSCORE-18,float,single,,1
150524,1,outcome,1,SUBSCORE-19,float,single,,1
150524,1,outcome,1,SUBSCORE-20,float,single,,0
150524,1,outcome,1,SUBSCORE-21,float,single,,0
150524,1,outcome,1,SUBSCORE-22,float,single,,1
150524,1,outcome,1,SUBSCORE-23,float,single,,1
150524,1,outcome,1,SUBSCORE-24,float,single,,1
150524,1,outcome,1,SUBSCORE-25,float,single,,1
150524,1,outcome,1,SUBSCORE-26,float,single,,1
150524,1,outcome,1,SUBSCORE-27,float,single,,1
150524,1,outcome,1,SUBSCORE-28,float,single,,1
150524,1,outcome,1,SUBSCORE-29,float,single,,1
150524,1,outcome,1,SUBSCORE-30,float,single,,1
150524,1,outcome,1,SUBSCORE-31,float,single,,1
150524,1,outcome,1,SUBSCORE-32,float,single,,1
150524,1,outcome,1,SUBSCORE-33,float,single,,1
150524,1,outcome,1,SUBSCORE-34,float,single,,1
150524,1,outcome,1,SUBSCORE-35,float,single,,1
150524,1,outcome,1,SUBSCORE-36,float,single,,0
150524,1,outcome,1,SUBSCORE-37,float,single,,1
150524,1,outcome,1,SUBSCORE-38,float,single,,0
150524,1,outcome,1,SUBSCORE-39,float,single,,0
150524,1,outcome,1,SUBSCORE-40,float,single,,0.5
150524,1,outcome,1,PASSED,boolean,single,0,false
150524,1,outcome,1,MAXSCORE,float,single,40,40
150524,1,template,1,RESPONSE_CORRECTRESPONSE_POINTS,float,single,40,40
150524,1,template,1,RESPONSE-ACTION,float,single,,40
150524,1,,0,SCORE,float,single,,31.5
150524,1,,0,MAX_SCORE,float,single,,40
150524,1,,0,COMPLETION_STATUS,identifier,single,,completed
149687,1,response,1,RESPONSE,file,single,,[REDACTED]
149687,1,outcome,1,SUBSCORE-1,float,single,,1
149687,1,outcome,1,SUBSCORE-2,float,single,,1
149687,1,outcome,1,SUBSCORE-3,float,single,,1
149687,1,outcome,1,SUBSCORE-4,float,single,,0
149687,1,outcome,1,SUBSCORE-5,float,single,,0
149687,1,outcome,1,SUBSCORE-6,float,single,,1
149687,1,outcome,1,SUBSCORE-7,float,single,,1
149687,1,outcome,1,SUBSCORE-8,float,single,,1
149687,1,outcome,1,SUBSCORE-9,float,single,,1
149687,1,outcome,1,SUBSCORE-10,float,single,,1
149687,1,outcome,1,SUBSCORE-11,float,single,,1
149687,1,outcome,1,SUBSCORE-12,float,single,,1
149687,1,outcome,1,SUBSCORE-13,float,single,,1
149687,1,outcome,1,SUBSCORE-14,float,single,,1
149687,1,outcome,1,SUBSCORE-15,float,single,,1
149687,1,outcome,1,SUBSCORE-16,float,single,,1
149687,1,outcome,1,SUBSCORE-17,float,single,,1
149687,1,outcome,1,SUBSCORE-18,float,single,,1
149687,1,outcome,1,SUBSCORE-19,float,single,,1
149687,1,outcome,1,SUBSCORE-20,float,single,,1
149687,1,outcome,1,SUBSCORE-21,float,single,,1
149687,1,outcome,1,SUBSCORE-22,float,single,,1
149687,1,outcome,1,SUBSCORE-23,float,single,,1
149687,1,outcome,1,SUBSCORE-24,float,single,,1
149687,1,outcome,1,SUBSCORE-25,float,single,,1
149687,1,outcome,1,SUBSCORE-26,float,single,,1
149687,1,outcome,1,SUBSCORE-27,float,single,,1
149687,1,outcome,1,SUBSCORE-28,float,single,,1
149687,1,outcome,1,SUBSCORE-29,float,single,,1
149687,1,outcome,1,SUBSCORE-30,float,single,,1
149687,1,outcome,1,SUBSCORE-31,float,single,,1
149687,1,outcome,1,SUBSCORE-32,float,single,,1
149687,1,outcome,1,SUBSCORE-33,float,single,,1
149687,1,outcome,1,SUBSCORE-34,float,single,,1
149687,1,outcome,1,SUBSCORE-35,float,single,,1
149687,1,outcome,1,SUBSCORE-36,float,single,,1
149687,1,outcome,1,SUBSCORE-37,float,single,,1
149687,1,outcome,1,SUBSCORE-38,float,single,,1
149687,1,outcome,1,SUBSCORE-39,float,single,,1
149687,1,outcome,1,SUBSCORE-40,float,single,,1
149687,1,outcome,1,PASSED,boolean,single,0,false
149687,1,outcome,1,MAXSCORE,float,single,40,40
149687,1,template,1,RESPONSE_CORRECTRESPONSE_POINTS,float,single,40,40
149687,1,template,1,RESPONSE-ACTION,float,single,,40
149687,1,,0,SCORE,float,single,,38
149687,1,,0,MAX_SCORE,float,single,,40
149687,1,,0,COMPLETION_STATUS,identifier,single,,completed
148893,1,response,1,RESPONSE,file,single,,[REDACTED]
148893,1,outcome,1,SUBSCORE-1,float,single,,1
148893,1,outcome,1,SUBSCORE-2,float,single,,1
148893,1,outcome,1,SUBSCORE-3,float,single,,1
148893,1,outcome,1,SUBSCORE-4,float,single,,0
148893,1,outcome,1,SUBSCORE-5,float,single,,0
148893,1,outcome,1,SUBSCORE-6,float,single,,1
148893,1,outcome,1,SUBSCORE-7,float,single,,1
148893,1,outcome,1,SUBSCORE-8,float,single,,1
148893,1,outcome,1,SUBSCORE-9,float,single,,0
148893,1,outcome,1,SUBSCORE-10,float,single,,0
148893,1,outcome,1,SUBSCORE-11,float,single,,1
148893,1,outcome,1,SUBSCORE-12,float,single,,1
148893,1,outcome,1,SUBSCORE-13,float,single,,0
148893,1,outcome,1,SUBSCORE-14,float,single,,0
148893,1,outcome,1,SUBSCORE-15,float,single,,0
148893,1,outcome,1,SUBSCORE-16,float,single,,0
148893,1,outcome,1,SUBSCORE-17,float,single,,0
148893,1,outcome,1,SUBSCORE-18,float,single,,1
148893,1,outcome,1,SUBSCORE-19,float,single,,1
148893,1,outcome,1,SUBSCORE-20,float,single,,0
148893,1,outcome,1,SUBSCORE-21,float,single,,1
148893,1,outcome,1,SUBSCORE-22,float,single,,1
148893,1,outcome,1,SUBSCORE-23,float,single,,1
148893,1,outcome,1,SUBSCORE-24,float,single,,1
148893,1,outcome,1,SUBSCORE-25,float,single,,1
148893,1,outcome,1,SUBSCORE-26,float,single,,1
148893,1,outcome,1,SUBSCORE-27,float,single,,1
148893,1,outcome,1,SUBSCORE-28,float,single,,0
148893,1,outcome,1,SUBSCORE-29,float,single,,0
148893,1,outcome,1,SUBSCORE-30,float,single,,1
148893,1,outcome,1,SUBSCORE-31,float,single,,0
148893,1,outcome,1,SUBSCORE-32,float,single,,0
148893,1,outcome,1,SUBSCORE-33,float,single,,1
148893,1,outcome,1,SUBSCORE-34,float,single,,1
148893,1,outcome,1,SUBSCORE-35,float,single,,0
148893,1,outcome,1,SUBSCORE-36,float,single,,0
148893,1,outcome,1,SUBSCORE-37,float,single,,1
148893,1,outcome,1,SUBSCORE-38,float,single,,0.5
148893,1,outcome,1,SUBSCORE-39,float,single,,0
148893,1,outcome,1,SUBSCORE-40,float,single,,0
148893,1,outcome,1,PASSED,boolean,single,0,false
148893,1,outcome,1,MAXSCORE,float,single,40,40
148893,1,template,1,RESPONSE_CORRECTRESPONSE_POINTS,float,single,40,40
148893,1,template,1,RESPONSE-ACTION,float,single,,40
148893,1,,0,SCORE,float,single,,21.5
148893,1,,0,MAX_SCORE,float,single,,40
148893,1,,0,COMPLETION_STATUS,identifier,single,,completed
54286,1,response,1,RESPONSE,file,single,,[REDACTED]
54286,1,outcome,1,SUBSCORE-1,float,single,,1
54286,1,outcome,1,SUBSCORE-2,float,single,,1
54286,1,outcome,1,SUBSCORE-3,float,single,,1
54286,1,outcome,1,SUBSCORE-4,float,single,,1
54286,1,outcome,1,SUBSCORE-5,float,single,,1
54286,1,outcome,1,SUBSCORE-6,float,single,,1
54286,1,outcome,1,SUBSCORE-7,float,single,,1
54286,1,outcome,1,SUBSCORE-8,float,single,,1
54286,1,outcome,1,SUBSCORE-9,float,single,,1
54286,1,outcome,1,SUBSCORE-10,float,single,,1
54286,1,outcome,1,SUBSCORE-11,float,single,,1
54286,1,outcome,1,SUBSCORE-12,float,single,,1
54286,1,outcome,1,SUBSCORE-13,float,single,,1
54286,1,outcome,1,SUBSCORE-14,float,single,,1
54286,1,outcome,1,SUBSCORE-15,float,single,,1
54286,1,outcome,1,SUBSCORE-16,float,single,,1
54286,1,outcome,1,SUBSCORE-17,float,single,,1
54286,1,outcome,1,SUBSCORE-18,float,single,,1
54286,1,outcome,1,SUBSCORE-19,float,single,,1
54286,1,outcome,1,SUBSCORE-20,float,single,,1
54286,1,outcome,1,SUBSCORE-21,float,single,,1
54286,1,outcome,1,SUBSCORE-22,float,single,,1
54286,1,outcome,1,SUBSCORE-23,float,single,,1
54286,1,outcome,1,SUBSCORE-24,float,single,,1
54286,1,outcome,1,SUBSCORE-25,float,single,,1
54286,1,outcome,1,SUBSCORE-26,float,single,,1
54286,1,outcome,1,SUBSCORE-27,float,single,,1
54286,1,outcome,1,SUBSCORE-28,float,single,,1
54286,1,outcome,1,SUBSCORE-29,float,single,,1
54286,1,outcome,1,SUBSCORE-30,float,single,,1
54286,1,outcome,1,SUBSCORE-31,float,single,,0
54286,1,outcome,1,SUBSCORE-32,float,single,,0
54286,1,outcome,1,SUBSCORE-33,float,single,,1
54286,1,outcome,1,SUBSCORE-34,float,single,,1
54286,1,outcome,1,SUBSCORE-35,float,single,,1
54286,1,outcome,1,SUBSCORE-36,float,single,,0
54286,1,outcome,1,SUBSCORE-37,float,single,,1
54286,1,outcome,1,SUBSCORE-38,float,single,,0.5
54286,1,outcome,1,SUBSCORE-39,float,single,,0.5
54286,1,outcome,1,SUBSCORE-40,float,single,,0.5
54286,1,outcome,1,PASSED,boolean,single,0,false
54286,1,outcome,1,MAXSCORE,float,single,40,40
54286,1,template,1,RESPONSE_CORRECTRESPONSE_POINTS,float,single,40,40
54286,1,template,1,RESPONSE-ACTION,float,single,,40
54286,1,,0,SCORE,float,single,,35.5
54286,1,,0,MAX_SCORE,float,single,,40
54286,1,,0,COMPLETION_STATUS,identifier,single,,completed
150194,1,response,1,RESPONSE,file,single,,[REDACTED]
150194,1,outcome,1,SUBSCORE-1,float,single,,1
150194,1,outcome,1,SUBSCORE-2,float,single,,1
150194,1,outcome,1,SUBSCORE-3,float,single,,1
150194,1,outcome,1,SUBSCORE-4,float,single,,1
150194,1,outcome,1,SUBSCORE-5,float,single,,1
150194,1,outcome,1,SUBSCORE-6,float,single,,1
150194,1,outcome,1,SUBSCORE-7,float,single,,1
150194,1,outcome,1,SUBSCORE-8,float,single,,1
150194,1,outcome,1,SUBSCORE-9,float,single,,1
150194,1,outcome,1,SUBSCORE-10,float,single,,1
150194,1,outcome,1,SUBSCORE-11,float,single,,1
150194,1,outcome,1,SUBSCORE-12,float,single,,1
150194,1,outcome,1,SUBSCORE-13,float,single,,1
150194,1,outcome,1,SUBSCORE-14,float,single,,1
150194,1,outcome,1,SUBSCORE-15,float,single,,1
150194,1,outcome,1,SUBSCORE-16,float,single,,1
150194,1,outcome,1,SUBSCORE-17,float,single,,1
150194,1,outcome,1,SUBSCORE-18,float,single,,1
150194,1,outcome,1,SUBSCORE-19,float,single,,0
150194,1,outcome,1,SUBSCORE-20,float,single,,0
150194,1,outcome,1,SUBSCORE-21,float,single,,0
150194,1,outcome,1,SUBSCORE-22,float,single,,1
150194,1,outcome,1,SUBSCORE-23,float,single,,1
150194,1,outcome,1,SUBSCORE-24,float,single,,1
150194,1,outcome,1,SUBSCORE-25,float,single,,1
150194,1,outcome,1,SUBSCORE-26,float,single,,1
150194,1,outcome,1,SUBSCORE-27,float,single,,1
150194,1,outcome,1,SUBSCORE-28,float,single,,1
150194,1,outcome,1,SUBSCORE-29,float,single,,0
150194,1,outcome,1,SUBSCORE-30,float,single,,1
150194,1,outcome,1,SUBSCORE-31,float,single,,1
150194,1,outcome,1,SUBSCORE-32,float,single,,0
150194,1,outcome,1,SUBSCORE-33,float,single,,1
150194,1,outcome,1,SUBSCORE-34,float,single,,1
150194,1,outcome,1,SUBSCORE-35,float,single,,1
150194,1,outcome,1,SUBSCORE-36,float,single,,1
150194,1,outcome,1,SUBSCORE-37,float,single,,1
150194,1,outcome,1,SUBSCORE-38,float,single,,0.5
150194,1,outcome,1,SUBSCORE-39,float,single,,0.5
150194,1,outcome,1,SUBSCORE-40,float,single,,0.5
150194,1,outcome,1,PASSED,boolean,single,0,false
150194,1,outcome,1,MAXSCORE,float,single,40,40
150194,1,template,1,RESPONSE_CORRECTRESPONSE_POINTS,float,single,40,40
150194,1,template,1,RESPONSE-ACTION,float,single,,40
150194,1,,0,SCORE,float,single,,33.5
150194,1,,0,MAX_SCORE,float,single,,40
150194,1,,0,COMPLETION_STATUS,identifier,single,,completed
148644,1,response,1,RESPONSE,file,single,,[REDACTED]
148644,1,outcome,1,SUBSCORE-1,float,single,,1
148644,1,outcome,1,SUBSCORE-2,float,single,,1
148644,1,outcome,1,SUBSCORE-3,float,single,,1
148644,1,outcome,1,SUBSCORE-4,float,single,,1
148644,1,outcome,1,SUBSCORE-5,float,single,,1
148644,1,outcome,1,SUBSCORE-6,float,single,,1
148644,1,outcome,1,SUBSCORE-7,float,single,,1
148644,1,outcome,1,SUBSCORE-8,float,single,,1
148644,1,outcome,1,SUBSCORE-9,float,single,,1
148644,1,outcome,1,SUBSCORE-10,float,single,,1
148644,1,outcome,1,SUBSCORE-11,float,single,,1
148644,1,outcome,1,SUBSCORE-12,float,single,,1
148644,1,outcome,1,SUBSCORE-13,float,single,,1
148644,1,outcome,1,SUBSCORE-14,float,single,,1
148644,1,outcome,1,SUBSCORE-15,float,single,,1
148644,1,outcome,1,SUBSCORE-16,float,single,,1
148644,1,outcome,1,SUBSCORE-17,float,single,,0
148644,1,outcome,1,SUBSCORE-18,float,single,,1
148644,1,outcome,1,SUBSCORE-19,float,single,,1
148644,1,outcome,1,SUBSCORE-20,float,single,,0
148644,1,outcome,1,SUBSCORE-21,float,single,,1
148644,1,outcome,1,SUBSCORE-22,float,single,,1
148644,1,outcome,1,SUBSCORE-23,float,single,,1
148644,1,outcome,1,SUBSCORE-24,float,single,,1
148644,1,outcome,1,SUBSCORE-25,float,single,,1
148644,1,outcome,1,SUBSCORE-26,float,single,,1
148644,1,outcome,1,SUBSCORE-27,float,single,,1
148644,1,outcome,1,SUBSCORE-28,float,single,,1
148644,1,outcome,1,SUBSCORE-29,float,single,,1
148644,1,outcome,1,SUBSCORE-30,float,single,,1
148644,1,outcome,1,SUBSCORE-31,float,single,,1
148644,1,outcome,1,SUBSCORE-32,float,single,,0
148644,1,outcome,1,SUBSCORE-33,float,single,,1
148644,1,outcome,1,SUBSCORE-34,float,single,,1
148644,1,outcome,1,SUBSCORE-35,float,single,,1
148644,1,outcome,1,SUBSCORE-36,float,single,,1
148644,1,outcome,1,SUBSCORE-37,float,single,,1
148644,1,outcome,1,SUBSCORE-38,float,single,,0.5
148644,1,outcome,1,SUBSCORE-39,float,single,,0.5
148644,1,outcome,1,SUBSCORE-40,float,single,,0.5
148644,1,outcome,1,PASSED,boolean,single,0,false
148644,1,outcome,1,MAXSCORE,float,single,40,40
148644,1,template,1,RESPONSE_CORRECTRESPONSE_POINTS,float,single,40,40
148644,1,template,1,RESPONSE-ACTION,float,single,,40
148644,1,,0,SCORE,float,single,,35.5
148644,1,,0,MAX_SCORE,float,single,,40
148644,1,,0,COMPLETION_STATUS,identifier,single,,completed
148532,1,response,1,RESPONSE,file,single,,[REDACTED]
148532,1,outcome,1,SUBSCORE-1,float,single,,1
148532,1,outcome,1,SUBSCORE-2,float,single,,1
148532,1,outcome,1,SUBSCORE-3,float,single,,1
148532,1,outcome,1,SUBSCORE-4,float,single,,1
148532,1,outcome,1,SUBSCORE-5,float,single,,1
148532,1,outcome,1,SUBSCORE-6,float,single,,1
148532,1,outcome,1,SUBSCORE-7,float,single,,1
148532,1,outcome,1,SUBSCORE-8,float,single,,1
148532,1,outcome,1,SUBSCORE-9,float,single,,1
148532,1,outcome,1,SUBSCORE-10,float,single,,1
148532,1,outcome,1,SUBSCORE-11,float,single,,1
148532,1,outcome,1,SUBSCORE-12,float,single,,1
148532,1,outcome,1,SUBSCORE-13,float,single,,1
148532,1,outcome,1,SUBSCORE-14,float,single,,1
148532,1,outcome,1,SUBSCORE-15,float,single,,0
148532,1,outcome,1,SUBSCORE-16,float,single,,0
148532,1,outcome,1,SUBSCORE-17,float,single,,0
148532,1,outcome,1,SUBSCORE-18,float,single,,1
148532,1,outcome,1,SUBSCORE-19,float,single,,0
148532,1,outcome,1,SUBSCORE-20,float,single,,0
148532,1,outcome,1,SUBSCORE-21,float,single,,0
148532,1,outcome,1,SUBSCORE-22,float,single,,1
148532,1,outcome,1,SUBSCORE-23,float,single,,1
148532,1,outcome,1,SUBSCORE-24,float,single,,1
148532,1,outcome,1,SUBSCORE-25,float,single,,1
148532,1,outcome,1,SUBSCORE-26,float,single,,0
148532,1,outcome,1,SUBSCORE-27,float,single,,1
148532,1,outcome,1,SUBSCORE-28,float,single,,1
148532,1,outcome,1,SUBSCORE-29,float,single,,1
148532,1,outcome,1,SUBSCORE-30,float,single,,0
148532,1,outcome,1,SUBSCORE-31,float,single,,0
148532,1,outcome,1,SUBSCORE-32,float,single,,0
148532,1,outcome,1,SUBSCORE-33,float,single,,0
148532,1,outcome,1,SUBSCORE-34,float,single,,0
148532,1,outcome,1,SUBSCORE-35,float,single,,0
148532,1,outcome,1,SUBSCORE-36,float,single,,0
148532,1,outcome,1,SUBSCORE-37,float,single,,0
148532,1,outcome,1,SUBSCORE-38,float,single,,0
148532,1,outcome,1,SUBSCORE-39,float,single,,0
148532,1,outcome,1,SUBSCORE-40,float,single,,0
148532,1,outcome,1,PASSED,boolean,single,0,false
148532,1,outcome,1,MAXSCORE,float,single,40,40
148532,1,template,1,RESPONSE_CORRECTRESPONSE_POINTS,float,single,40,40
148532,1,template,1,RESPONSE-ACTION,float,single,,40
148532,1,,0,SCORE,float,single,,22
148532,1,,0,MAX_SCORE,float,single,,40
148532,1,,0,COMPLETION_STATUS,identifier,single,,completed
148415,1,response,1,RESPONSE,file,single,,[REDACTED]
148415,1,outcome,1,SUBSCORE-1,float,single,,1
148415,1,outcome,1,SUBSCORE-2,float,single,,1
148415,1,outcome,1,SUBSCORE-3,float,single,,1
148415,1,outcome,1,SUBSCORE-4,float,single,,1
148415,1,outcome,1,SUBSCORE-5,float,single,,1
148415,1,outcome,1,SUBSCORE-6,float,single,,1
148415,1,outcome,1,SUBSCORE-7,float,single,,1
148415,1,outcome,1,SUBSCORE-8,float,single,,1
148415,1,outcome,1,SUBSCORE-9,float,single,,1
148415,1,outcome,1,SUBSCORE-10,float,single,,1
148415,1,outcome,1,SUBSCORE-11,float,single,,1
148415,1,outcome,1,SUBSCORE-12,float,single,,1
148415,1,outcome,1,SUBSCORE-13,float,single,,1
148415,1,outcome,1,SUBSCORE-14,float,single,,1
148415,1,outcome,1,SUBSCORE-15,float,single,,1
148415,1,outcome,1,SUBSCORE-16,float,single,,1
148415,1,outcome,1,SUBSCORE-17,float,single,,1
148415,1,outcome,1,SUBSCORE-18,float,single,,1
148415,1,outcome,1,SUBSCORE-19,float,single,,1
148415,1,outcome,1,SUBSCORE-20,float,single,,1
148415,1,outcome,1,SUBSCORE-21,float,single,,1
148415,1,outcome,1,SUBSCORE-22,float,single,,1
148415,1,outcome,1,SUBSCORE-23,float,single,,1
148415,1,outcome,1,SUBSCORE-24,float,single,,0
148415,1,outcome,1,SUBSCORE-25,float,single,,1
148415,1,outcome,1,SUBSCORE-26,float,single,,1
148415,1,outcome,1,SUBSCORE-27,float,single,,1
148415,1,outcome,1,SUBSCORE-28,float,single,,1
148415,1,outcome,1,SUBSCORE-29,float,single,,1
148415,1,outcome,1,SUBSCORE-30,float,single,,1
148415,1,outcome,1,SUBSCORE-31,float,single,,1
148415,1,outcome,1,SUBSCORE-32,float,single,,1
148415,1,outcome,1,SUBSCORE-33,float,single,,1
148415,1,outcome,1,SUBSCORE-34,float,single,,1
148415,1,outcome,1,SUBSCORE-35,float,single,,1
148415,1,outcome,1,SUBSCORE-36,float,single,,1
148415,1,outcome,1,SUBSCORE-37,float,single,,1
148415,1,outcome,1,SUBSCORE-38,float,single,,0.5
148415,1,outcome,1,SUBSCORE-39,float,single,,0.5
148415,1,outcome,1,SUBSCORE-40,float,single,,0.5
148415,1,outcome,1,PASSED,boolean,single,0,false
148415,1,outcome,1,MAXSCORE,float,single,40,40
148415,1,template,1,RESPONSE_CORRECTRESPONSE_POINTS,float,single,40,40
148415,1,template,1,RESPONSE-ACTION,float,single,,40
148415,1,,0,SCORE,float,single,,37.5
148415,1,,0,MAX_SCORE,float,single,,40
148415,1,,0,COMPLETION_STATUS,identifier,single,,completed
148587,1,response,1,RESPONSE,file,single,,[REDACTED]
148587,1,outcome,1,SUBSCORE-1,float,single,,1
148587,1,outcome,1,SUBSCORE-2,float,single,,0
148587,1,outcome,1,SUBSCORE-3,float,single,,0
148587,1,outcome,1,SUBSCORE-4,float,single,,0
148587,1,outcome,1,SUBSCORE-5,float,single,,0
148587,1,outcome,1,SUBSCORE-6,float,single,,1
148587,1,outcome,1,SUBSCORE-7,float,single,,1
148587,1,outcome,1,SUBSCORE-8,float,single,,1
148587,1,outcome,1,SUBSCORE-9,float,single,,1
148587,1,outcome,1,SUBSCORE-10,float,single,,1
148587,1,outcome,1,SUBSCORE-11,float,single,,0
148587,1,outcome,1,SUBSCORE-12,float,single,,0
148587,1,outcome,1,SUBSCORE-13,float,single,,0
148587,1,outcome,1,SUBSCORE-14,float,single,,0
148587,1,outcome,1,SUBSCORE-15,float,single,,0
148587,1,outcome,1,SUBSCORE-16,float,single,,0
148587,1,outcome,1,SUBSCORE-17,float,single,,0
148587,1,outcome,1,SUBSCORE-18,float,single,,0
148587,1,outcome,1,SUBSCORE-19,float,single,,0
148587,1,outcome,1,SUBSCORE-20,float,single,,0
148587,1,outcome,1,SUBSCORE-21,float,single,,0
148587,1,outcome,1,SUBSCORE-22,float,single,,0
148587,1,outcome,1,SUBSCORE-23,float,single,,0
148587,1,outcome,1,SUBSCORE-24,float,single,,0
148587,1,outcome,1,SUBSCORE-25,float,single,,0
148587,1,outcome,1,SUBSCORE-26,float,single,,0
148587,1,outcome,1,SUBSCORE-27,float,single,,1
148587,1,outcome,1,SUBSCORE-28,float,single,,1
148587,1,outcome,1,SUBSCORE-29,float,single,,1
148587,1,outcome,1,SUBSCORE-30,float,single,,0
148587,1,outcome,1,SUBSCORE-31,float,single,,0
148587,1,outcome,1,SUBSCORE-32,float,single,,0
148587,1,outcome,1,SUBSCORE-33,float,single,,0
148587,1,outcome,1,SUBSCORE-34,float,single,,0
148587,1,outcome,1,SUBSCORE-35,float,single,,0
148587,1,outcome,1,SUBSCORE-36,float,single,,0
148587,1,outcome,1,SUBSCORE-37,float,single,,0
148587,1,outcome,1,SUBSCORE-38,float,single,,0
148587,1,outcome,1,SUBSCORE-39,float,single,,0
148587,1,outcome,1,SUBSCORE-40,float,single,,0
148587,1,outcome,1,PASSED,boolean,single,0,false
148587,1,outcome,1,MAXSCORE,float,single,40,40
148587,1,template,1,RESPONSE_CORRECTRESPONSE_POINTS,float,single,40,40
148587,1,template,1,RESPONSE-ACTION,float,single,,40
148587,1,,0,SCORE,float,single,,9
148587,1,,0,MAX_SCORE,float,single,,40
148587,1,,0,COMPLETION_STATUS,identifier,single,,completed
149762,1,response,1,RESPONSE,file,single,,[REDACTED]
149762,1,outcome,1,SUBSCORE-1,float,single,,1
149762,1,outcome,1,SUBSCORE-2,float,single,,1
149762,1,outcome,1,SUBSCORE-3,float,single,,1
149762,1,outcome,1,SUBSCORE-4,float,single,,1
149762,1,outcome,1,SUBSCORE-5,float,single,,1
149762,1,outcome,1,SUBSCORE-6,float,single,,1
149762,1,outcome,1,SUBSCORE-7,float,single,,1
149762,1,outcome,1,SUBSCORE-8,float,single,,1
149762,1,outcome,1,SUBSCORE-9,float,single,,1
149762,1,outcome,1,SUBSCORE-10,float,single,,1
149762,1,outcome,1,SUBSCORE-11,float,single,,1
149762,1,outcome,1,SUBSCORE-12,float,single,,1
149762,1,outcome,1,SUBSCORE-13,float,single,,1
149762,1,outcome,1,SUBSCORE-14,float,single,,1
149762,1,outcome,1,SUBSCORE-15,float,single,,1
149762,1,outcome,1,SUBSCORE-16,float,single,,1
149762,1,outcome,1,SUBSCORE-17,float,single,,1
149762,1,outcome,1,SUBSCORE-18,float,single,,1
149762,1,outcome,1,SUBSCORE-19,float,single,,0
149762,1,outcome,1,SUBSCORE-20,float,single,,1
149762,1,outcome,1,SUBSCORE-21,float,single,,0
149762,1,outcome,1,SUBSCORE-22,float,single,,1
149762,1,outcome,1,SUBSCORE-23,float,single,,1
149762,1,outcome,1,SUBSCORE-24,float,single,,1
149762,1,outcome,1,SUBSCORE-25,float,single,,1
149762,1,outcome,1,SUBSCORE-26,float,single,,1
149762,1,outcome,1,SUBSCORE-27,float,single,,1
149762,1,outcome,1,SUBSCORE-28,float,single,,1
149762,1,outcome,1,SUBSCORE-29,float,single,,1
149762,1,outcome,1,SUBSCORE-30,float,single,,1
149762,1,outcome,1,SUBSCORE-31,float,single,,1
149762,1,outcome,1,SUBSCORE-32,float,single,,0
149762,1,outcome,1,SUBSCORE-33,float,single,,0.5
149762,1,outcome,1,SUBSCORE-34,float,single,,1
149762,1,outcome,1,SUBSCORE-35,float,single,,1
149762,1,outcome,1,SUBSCORE-36,float,single,,1
149762,1,outcome,1,SUBSCORE-37,float,single,,0.5
149762,1,outcome,1,SUBSCORE-38,float,single,,1
149762,1,outcome,1,SUBSCORE-39,float,single,,1
149762,1,outcome,1,SUBSCORE-40,float,single,,1
149762,1,outcome,1,PASSED,boolean,single,0,false
149762,1,outcome,1,MAXSCORE,float,single,40,40
149762,1,template,1,RESPONSE_CORRECTRESPONSE_POINTS,float,single,40,40
149762,1,template,1,RESPONSE-ACTION,float,single,,40
149762,1,,0,SCORE,float,single,,36
149762,1,,0,MAX_SCORE,float,single,,40
149762,1,,0,COMPLETION_STATUS,identifier,single,,completed
150187,1,response,1,RESPONSE,file,single,,[REDACTED]
150187,1,outcome,1,SUBSCORE-1,float,single,,1
150187,1,outcome,1,SUBSCORE-2,float,single,,0
150187,1,outcome,1,SUBSCORE-3,float,single,,0
150187,1,outcome,1,SUBSCORE-4,float,single,,0
150187,1,outcome,1,SUBSCORE-5,float,single,,0
150187,1,outcome,1,SUBSCORE-6,float,single,,1
150187,1,outcome,1,SUBSCORE-7,float,single,,1
150187,1,outcome,1,SUBSCORE-8,float,single,,1
150187,1,outcome,1,SUBSCORE-9,float,single,,1
150187,1,outcome,1,SUBSCORE-10,float,single,,1
150187,1,outcome,1,SUBSCORE-11,float,single,,1
150187,1,outcome,1,SUBSCORE-12,float,single,,1
150187,1,outcome,1,SUBSCORE-13,float,single,,1
150187,1,outcome,1,SUBSCORE-14,float,single,,1
150187,1,outcome,1,SUBSCORE-15,float,single,,0
150187,1,outcome,1,SUBSCORE-16,float,single,,0
150187,1,outcome,1,SUBSCORE-17,float,single,,0
150187,1,outcome,1,SUBSCORE-18,float,single,,1
150187,1,outcome,1,SUBSCORE-19,float,single,,0
150187,1,outcome,1,SUBSCORE-20,float,single,,0
150187,1,outcome,1,SUBSCORE-21,float,single,,0
150187,1,outcome,1,SUBSCORE-22,float,single,,1
150187,1,outcome,1,SUBSCORE-23,float,single,,1
150187,1,outcome,1,SUBSCORE-24,float,single,,1
150187,1,outcome,1,SUBSCORE-25,float,single,,1
150187,1,outcome,1,SUBSCORE-26,float,single,,1
150187,1,outcome,1,SUBSCORE-27,float,single,,1
150187,1,outcome,1,SUBSCORE-28,float,single,,1
150187,1,outcome,1,SUBSCORE-29,float,single,,1
150187,1,outcome,1,SUBSCORE-30,float,single,,1
150187,1,outcome,1,SUBSCORE-31,float,single,,1
150187,1,outcome,1,SUBSCORE-32,float,single,,0
150187,1,outcome,1,SUBSCORE-33,float,single,,1
150187,1,outcome,1,SUBSCORE-34,float,single,,1
150187,1,outcome,1,SUBSCORE-35,float,single,,1
150187,1,outcome,1,SUBSCORE-36,float,single,,1
150187,1,outcome,1,SUBSCORE-37,float,single,,1
150187,1,outcome,1,SUBSCORE-38,float,single,,1
150187,1,outcome,1,SUBSCORE-39,float,single,,1
150187,1,outcome,1,SUBSCORE-40,float,single,,1
150187,1,outcome,1,PASSED,boolean,single,0,false
150187,1,outcome,1,MAXSCORE,float,single,40,40
150187,1,template,1,RESPONSE_CORRECTRESPONSE_POINTS,float,single,40,40
150187,1,template,1,RESPONSE-ACTION,float,single,,40
150187,1,,0,SCORE,float,single,,29
150187,1,,0,MAX_SCORE,float,single,,40
150187,1,,0,COMPLETION_STATUS,identifier,single,,completed
123723,1,response,1,RESPONSE,file,single,,[REDACTED]
123723,1,outcome,1,SUBSCORE-1,float,single,,1
123723,1,outcome,1,SUBSCORE-2,float,single,,1
123723,1,outcome,1,SUBSCORE-3,float,single,,1
123723,1,outcome,1,SUBSCORE-4,float,single,,0
123723,1,outcome,1,SUBSCORE-5,float,single,,0
123723,1,outcome,1,SUBSCORE-6,float,single,,1
123723,1,outcome,1,SUBSCORE-7,float,single,,1
123723,1,outcome,1,SUBSCORE-8,float,single,,1
123723,1,outcome,1,SUBSCORE-9,float,single,,0
123723,1,outcome,1,SUBSCORE-10,float,single,,0
123723,1,outcome,1,SUBSCORE-11,float,single,,1
123723,1,outcome,1,SUBSCORE-12,float,single,,1
123723,1,outcome,1,SUBSCORE-13,float,single,,0
123723,1,outcome,1,SUBSCORE-14,float,single,,0
123723,1,outcome,1,SUBSCORE-15,float,single,,0
123723,1,outcome,1,SUBSCORE-16,float,single,,0
123723,1,outcome,1,SUBSCORE-17,float,single,,0
123723,1,outcome,1,SUBSCORE-18,float,single,,1
123723,1,outcome,1,SUBSCORE-19,float,single,,0
123723,1,outcome,1,SUBSCORE-20,float,single,,0
123723,1,outcome,1,SUBSCORE-21,float,single,,0
123723,1,outcome,1,SUBSCORE-22,float,single,,0
123723,1,outcome,1,SUBSCORE-23,float,single,,0
123723,1,outcome,1,SUBSCORE-24,float,single,,0
123723,1,outcome,1,SUBSCORE-25,float,single,,0
123723,1,outcome,1,SUBSCORE-26,float,single,,1
123723,1,outcome,1,SUBSCORE-27,float,single,,1
123723,1,outcome,1,SUBSCORE-28,float,single,,0
123723,1,outcome,1,SUBSCORE-29,float,single,,0
123723,1,outcome,1,SUBSCORE-30,float,single,,0
123723,1,outcome,1,SUBSCORE-31,float,single,,0
123723,1,outcome,1,SUBSCORE-32,float,single,,0
123723,1,outcome,1,SUBSCORE-33,float,single,,0
123723,1,outcome,1,SUBSCORE-34,float,single,,0
123723,1,outcome,1,SUBSCORE-35,float,single,,0
123723,1,outcome,1,SUBSCORE-36,float,single,,0
123723,1,outcome,1,SUBSCORE-37,float,single,,0
123723,1,outcome,1,SUBSCORE-38,float,single,,0
123723,1,outcome,1,SUBSCORE-39,float,single,,0
123723,1,outcome,1,SUBSCORE-40,float,single,,0
123723,1,outcome,1,PASSED,boolean,single,0,false
123723,1,outcome,1,MAXSCORE,float,single,40,40
123723,1,template,1,RESPONSE_CORRECTRESPONSE_POINTS,float,single,40,40
123723,1,template,1,RESPONSE-ACTION,float,single,,40
123723,1,,0,SCORE,float,single,,11
123723,1,,0,MAX_SCORE,float,single,,40
123723,1,,0,COMPLETION_STATUS,identifier,single,,completed
148080,1,response,1,RESPONSE,file,single,,[REDACTED]
148080,1,outcome,1,SUBSCORE-1,float,single,,1
148080,1,outcome,1,SUBSCORE-2,float,single,,1
148080,1,outcome,1,SUBSCORE-3,float,single,,1
148080,1,outcome,1,SUBSCORE-4,float,single,,1
148080,1,outcome,1,SUBSCORE-5,float,single,,1
148080,1,outcome,1,SUBSCORE-6,float,single,,1
148080,1,outcome,1,SUBSCORE-7,float,single,,1
148080,1,outcome,1,SUBSCORE-8,float,single,,1
148080,1,outcome,1,SUBSCORE-9,float,single,,1
148080,1,outcome,1,SUBSCORE-10,float,single,,1
148080,1,outcome,1,SUBSCORE-11,float,single,,1
148080,1,outcome,1,SUBSCORE-12,float,single,,1
148080,1,outcome,1,SUBSCORE-13,float,single,,1
148080,1,outcome,1,SUBSCORE-14,float,single,,1
148080,1,outcome,1,SUBSCORE-15,float,single,,1
148080,1,outcome,1,SUBSCORE-16,float,single,,1
148080,1,outcome,1,SUBSCORE-17,float,single,,1
148080,1,outcome,1,SUBSCORE-18,float,single,,1
148080,1,outcome,1,SUBSCORE-19,float,single,,1
148080,1,outcome,1,SUBSCORE-20,float,single,,0
148080,1,outcome,1,SUBSCORE-21,float,single,,1
148080,1,outcome,1,SUBSCORE-22,float,single,,1
148080,1,outcome,1,SUBSCORE-23,float,single,,0
148080,1,outcome,1,SUBSCORE-24,float,single,,1
148080,1,outcome,1,SUBSCORE-25,float,single,,1
148080,1,outcome,1,SUBSCORE-26,float,single,,1
148080,1,outcome,1,SUBSCORE-27,float,single,,1
148080,1,outcome,1,SUBSCORE-28,float,single,,1
148080,1,outcome,1,SUBSCORE-29,float,single,,1
148080,1,outcome,1,SUBSCORE-30,float,single,,0
148080,1,outcome,1,SUBSCORE-31,float,single,,1
148080,1,outcome,1,SUBSCORE-32,float,single,,0
148080,1,outcome,1,SUBSCORE-33,float,single,,0
148080,1,outcome,1,SUBSCORE-34,float,single,,0
148080,1,outcome,1,SUBSCORE-35,float,single,,0
148080,1,outcome,1,SUBSCORE-36,float,single,,0
148080,1,outcome,1,SUBSCORE-37,float,single,,0
148080,1,outcome,1,SUBSCORE-38,float,single,,0
148080,1,outcome,1,SUBSCORE-39,float,single,,0
148080,1,outcome,1,SUBSCORE-40,float,single,,0
148080,1,outcome,1,PASSED,boolean,single,0,false
148080,1,outcome,1,MAXSCORE,float,single,40,40
148080,1,template,1,RESPONSE_CORRECTRESPONSE_POINTS,float,single,40,40
148080,1,template,1,RESPONSE-ACTION,float,single,,40
148080,1,,0,SCORE,float,single,,28
148080,1,,0,MAX_SCORE,float,single,,40
148080,1,,0,COMPLETION_STATUS,identifier,single,,completed
150411,1,response,1,RESPONSE,file,single,,[REDACTED]
150411,1,outcome,1,SUBSCORE-1,float,single,,1
150411,1,outcome,1,SUBSCORE-2,float,single,,0
150411,1,outcome,1,SUBSCORE-3,float,single,,0
150411,1,outcome,1,SUBSCORE-4,float,single,,0
150411,1,outcome,1,SUBSCORE-5,float,single,,0
150411,1,outcome,1,SUBSCORE-6,float,single,,1
150411,1,outcome,1,SUBSCORE-7,float,single,,1
150411,1,outcome,1,SUBSCORE-8,float,single,,1
150411,1,outcome,1,SUBSCORE-9,float,single,,1
150411,1,outcome,1,SUBSCORE-10,float,single,,1
150411,1,outcome,1,SUBSCORE-11,float,single,,0
150411,1,outcome,1,SUBSCORE-12,float,single,,0
150411,1,outcome,1,SUBSCORE-13,float,single,,0
150411,1,outcome,1,SUBSCORE-14,float,single,,0
150411,1,outcome,1,SUBSCORE-15,float,single,,0
150411,1,outcome,1,SUBSCORE-16,float,single,,0
150411,1,outcome,1,SUBSCORE-17,float,single,,0
150411,1,outcome,1,SUBSCORE-18,float,single,,1
150411,1,outcome,1,SUBSCORE-19,float,single,,0.5
150411,1,outcome,1,SUBSCORE-20,float,single,,0.5
150411,1,outcome,1,SUBSCORE-21,float,single,,0
150411,1,outcome,1,SUBSCORE-22,float,single,,1
150411,1,outcome,1,SUBSCORE-23,float,single,,0
150411,1,outcome,1,SUBSCORE-24,float,single,,0
150411,1,outcome,1,SUBSCORE-25,float,single,,1
150411,1,outcome,1,SUBSCORE-26,float,single,,0
150411,1,outcome,1,SUBSCORE-27,float,single,,1
150411,1,outcome,1,SUBSCORE-28,float,single,,1
150411,1,outcome,1,SUBSCORE-29,float,single,,1
150411,1,outcome,1,SUBSCORE-30,float,single,,0
150411,1,outcome,1,SUBSCORE-31,float,single,,0
150411,1,outcome,1,SUBSCORE-32,float,single,,0
150411,1,outcome,1,SUBSCORE-33,float,single,,1
150411,1,outcome,1,SUBSCORE-34,float,single,,1
150411,1,outcome,1,SUBSCORE-35,float,single,,1
150411,1,outcome,1,SUBSCORE-36,float,single,,1
150411,1,outcome,1,SUBSCORE-37,float,single,,1
150411,1,outcome,1,SUBSCORE-38,float,single,,1
150411,1,outcome,1,SUBSCORE-39,float,single,,1
150411,1,outcome,1,SUBSCORE-40,float,single,,1
150411,1,outcome,1,PASSED,boolean,single,0,false
150411,1,outcome,1,MAXSCORE,float,single,40,40
150411,1,template,1,RESPONSE_CORRECTRESPONSE_POINTS,float,single,40,40
150411,1,template,1,RESPONSE-ACTION,float,single,,40
150411,1,,0,SCORE,float,single,,21
150411,1,,0,MAX_SCORE,float,single,,40
150411,1,,0,COMPLETION_STATUS,identifier,single,,completed
123768,1,response,1,RESPONSE,file,single,,[REDACTED]
123768,1,outcome,1,SUBSCORE-1,float,single,,1
123768,1,outcome,1,SUBSCORE-2,float,single,,1
123768,1,outcome,1,SUBSCORE-3,float,single,,1
123768,1,outcome,1,SUBSCORE-4,float,single,,1
123768,1,outcome,1,SUBSCORE-5,float,single,,1
123768,1,outcome,1,SUBSCORE-6,float,single,,1
123768,1,outcome,1,SUBSCORE-7,float,single,,1
123768,1,outcome,1,SUBSCORE-8,float,single,,1
123768,1,outcome,1,SUBSCORE-9,float,single,,1
123768,1,outcome,1,SUBSCORE-10,float,single,,1
123768,1,outcome,1,SUBSCORE-11,float,single,,1
123768,1,outcome,1,SUBSCORE-12,float,single,,1
123768,1,outcome,1,SUBSCORE-13,float,single,,1
123768,1,outcome,1,SUBSCORE-14,float,single,,1
123768,1,outcome,1,SUBSCORE-15,float,single,,0
123768,1,outcome,1,SUBSCORE-16,float,single,,0
123768,1,outcome,1,SUBSCORE-17,float,single,,0
123768,1,outcome,1,SUBSCORE-18,float,single,,1
123768,1,outcome,1,SUBSCORE-19,float,single,,0
123768,1,outcome,1,SUBSCORE-20,float,single,,0
123768,1,outcome,1,SUBSCORE-21,float,single,,0
123768,1,outcome,1,SUBSCORE-22,float,single,,1
123768,1,outcome,1,SUBSCORE-23,float,single,,1
123768,1,outcome,1,SUBSCORE-24,float,single,,1
123768,1,outcome,1,SUBSCORE-25,float,single,,1
123768,1,outcome,1,SUBSCORE-26,float,single,,1
123768,1,outcome,1,SUBSCORE-27,float,single,,1
123768,1,outcome,1,SUBSCORE-28,float,single,,1
123768,1,outcome,1,SUBSCORE-29,float,single,,1
123768,1,outcome,1,SUBSCORE-30,float,single,,1
123768,1,outcome,1,SUBSCORE-31,float,single,,1
123768,1,outcome,1,SUBSCORE-32,float,single,,1
123768,1,outcome,1,SUBSCORE-33,float,single,,1
123768,1,outcome,1,SUBSCORE-34,float,single,,1
123768,1,outcome,1,SUBSCORE-35,float,single,,1
123768,1,outcome,1,SUBSCORE-36,float,single,,0
123768,1,outcome,1,SUBSCORE-37,float,single,,1
123768,1,outcome,1,SUBSCORE-38,float,single,,0.5
123768,1,outcome,1,SUBSCORE-39,float,single,,0.5
123768,1,outcome,1,SUBSCORE-40,float,single,,0.5
123768,1,outcome,1,PASSED,boolean,single,0,false
123768,1,outcome,1,MAXSCORE,float,single,40,40
123768,1,template,1,RESPONSE_CORRECTRESPONSE_POINTS,float,single,40,40
123768,1,template,1,RESPONSE-ACTION,float,single,,40
123768,1,,0,SCORE,float,single,,31.5
123768,1,,0,MAX_SCORE,float,single,,40
123768,1,,0,COMPLETION_STATUS,identifier,single,,completed
142064,1,response,1,RESPONSE,file,single,,[REDACTED]
142064,1,outcome,1,SUBSCORE-1,float,single,,1
142064,1,outcome,1,SUBSCORE-2,float,single,,1
142064,1,outcome,1,SUBSCORE-3,float,single,,1
142064,1,outcome,1,SUBSCORE-4,float,single,,1
142064,1,outcome,1,SUBSCORE-5,float,single,,1
142064,1,outcome,1,SUBSCORE-6,float,single,,1
142064,1,outcome,1,SUBSCORE-7,float,single,,1
142064,1,outcome,1,SUBSCORE-8,float,single,,1
142064,1,outcome,1,SUBSCORE-9,float,single,,1
142064,1,outcome,1,SUBSCORE-10,float,single,,1
142064,1,outcome,1,SUBSCORE-11,float,single,,1
142064,1,outcome,1,SUBSCORE-12,float,single,,1
142064,1,outcome,1,SUBSCORE-13,float,single,,1
142064,1,outcome,1,SUBSCORE-14,float,single,,1
142064,1,outcome,1,SUBSCORE-15,float,single,,1
142064,1,outcome,1,SUBSCORE-16,float,single,,1
142064,1,outcome,1,SUBSCORE-17,float,single,,1
142064,1,outcome,1,SUBSCORE-18,float,single,,1
142064,1,outcome,1,SUBSCORE-19,float,single,,0
142064,1,outcome,1,SUBSCORE-20,float,single,,0
142064,1,outcome,1,SUBSCORE-21,float,single,,0
142064,1,outcome,1,SUBSCORE-22,float,single,,1
142064,1,outcome,1,SUBSCORE-23,float,single,,1
142064,1,outcome,1,SUBSCORE-24,float,single,,1
142064,1,outcome,1,SUBSCORE-25,float,single,,1
142064,1,outcome,1,SUBSCORE-26,float,single,,1
142064,1,outcome,1,SUBSCORE-27,float,single,,1
142064,1,outcome,1,SUBSCORE-28,float,single,,1
142064,1,outcome,1,SUBSCORE-29,float,single,,0
142064,1,outcome,1,SUBSCORE-30,float,single,,1
142064,1,outcome,1,SUBSCORE-31,float,single,,1
142064,1,outcome,1,SUBSCORE-32,float,single,,1
142064,1,outcome,1,SUBSCORE-33,float,single,,1
142064,1,outcome,1,SUBSCORE-34,float,single,,0
142064,1,outcome,1,SUBSCORE-35,float,single,,0
142064,1,outcome,1,SUBSCORE-36,float,single,,0
142064,1,outcome,1,SUBSCORE-37,float,single,,1
142064,1,outcome,1,SUBSCORE-38,float,single,,1
142064,1,outcome,1,SUBSCORE-39,float,single,,1
142064,1,outcome,1,SUBSCORE-40,float,single,,1
142064,1,outcome,1,PASSED,boolean,single,0,false
142064,1,outcome,1,MAXSCORE,float,single,40,40
142064,1,template,1,RESPONSE_CORRECTRESPONSE_POINTS,float,single,40,40
142064,1,template,1,RESPONSE-ACTION,float,single,,40
142064,1,,0,SCORE,float,single,,33
142064,1,,0,MAX_SCORE,float,single,,40
142064,1,,0,COMPLETION_STATUS,identifier,single,,completed
150093,1,response,1,RESPONSE,file,single,,[REDACTED]
150093,1,outcome,1,SUBSCORE-1,float,single,,1
150093,1,outcome,1,SUBSCORE-2,float,single,,1
150093,1,outcome,1,SUBSCORE-3,float,single,,1
150093,1,outcome,1,SUBSCORE-4,float,single,,1
150093,1,outcome,1,SUBSCORE-5,float,single,,1
150093,1,outcome,1,SUBSCORE-6,float,single,,1
150093,1,outcome,1,SUBSCORE-7,float,single,,1
150093,1,outcome,1,SUBSCORE-8,float,single,,1
150093,1,outcome,1,SUBSCORE-9,float,single,,1
150093,1,outcome,1,SUBSCORE-10,float,single,,0
150093,1,outcome,1,SUBSCORE-11,float,single,,1
150093,1,outcome,1,SUBSCORE-12,float,single,,1
150093,1,outcome,1,SUBSCORE-13,float,single,,0
150093,1,outcome,1,SUBSCORE-14,float,single,,1
150093,1,outcome,1,SUBSCORE-15,float,single,,1
150093,1,outcome,1,SUBSCORE-16,float,single,,1
150093,1,outcome,1,SUBSCORE-17,float,single,,1
150093,1,outcome,1,SUBSCORE-18,float,single,,1
150093,1,outcome,1,SUBSCORE-19,float,single,,0
150093,1,outcome,1,SUBSCORE-20,float,single,,0
150093,1,outcome,1,SUBSCORE-21,float,single,,0
150093,1,outcome,1,SUBSCORE-22,float,single,,1
150093,1,outcome,1,SUBSCORE-23,float,single,,1
150093,1,outcome,1,SUBSCORE-24,float,single,,1
150093,1,outcome,1,SUBSCORE-25,float,single,,1
150093,1,outcome,1,SUBSCORE-26,float,single,,1
150093,1,outcome,1,SUBSCORE-27,float,single,,1
150093,1,outcome,1,SUBSCORE-28,float,single,,1
150093,1,outcome,1,SUBSCORE-29,float,single,,0
150093,1,outcome,1,SUBSCORE-30,float,single,,1
150093,1,outcome,1,SUBSCORE-31,float,single,,0
150093,1,outcome,1,SUBSCORE-32,float,single,,0
150093,1,outcome,1,SUBSCORE-33,float,single,,1
150093,1,outcome,1,SUBSCORE-34,float,single,,1
150093,1,outcome,1,SUBSCORE-35,float,single,,1
150093,1,outcome,1,SUBSCORE-36,float,single,,0
150093,1,outcome,1,SUBSCORE-37,float,single,,1
150093,1,outcome,1,SUBSCORE-38,float,single,,0.5
150093,1,outcome,1,SUBSCORE-39,float,single,,0.5
150093,1,outcome,1,SUBSCORE-40,float,single,,0.5
150093,1,outcome,1,PASSED,boolean,single,0,false
150093,1,outcome,1,MAXSCORE,float,single,40,40
150093,1,template,1,RESPONSE_CORRECTRESPONSE_POINTS,float,single,40,40
150093,1,template,1,RESPONSE-ACTION,float,single,,40
150093,1,,0,SCORE,float,single,,29.5
150093,1,,0,MAX_SCORE,float,single,,40
150093,1,,0,COMPLETION_STATUS,identifier,single,,completed
123698,1,response,1,RESPONSE,file,single,,[REDACTED]
123698,1,outcome,1,SUBSCORE-1,float,single,,1
123698,1,outcome,1,SUBSCORE-2,float,single,,0
123698,1,outcome,1,SUBSCORE-3,float,single,,0
123698,1,outcome,1,SUBSCORE-4,float,single,,0
123698,1,outcome,1,SUBSCORE-5,float,single,,0
123698,1,outcome,1,SUBSCORE-6,float,single,,1
123698,1,outcome,1,SUBSCORE-7,float,single,,0
123698,1,outcome,1,SUBSCORE-8,float,single,,1
123698,1,outcome,1,SUBSCORE-9,float,single,,1
123698,1,outcome,1,SUBSCORE-10,float,single,,1
123698,1,outcome,1,SUBSCORE-11,float,single,,1
123698,1,outcome,1,SUBSCORE-12,float,single,,1
123698,1,outcome,1,SUBSCORE-13,float,single,,1
123698,1,outcome,1,SUBSCORE-14,float,single,,1
123698,1,outcome,1,SUBSCORE-15,float,single,,0
123698,1,outcome,1,SUBSCORE-16,float,single,,0
123698,1,outcome,1,SUBSCORE-17,float,single,,0
123698,1,outcome,1,SUBSCORE-18,float,single,,1
123698,1,outcome,1,SUBSCORE-19,float,single,,0
123698,1,outcome,1,SUBSCORE-20,float,single,,0
123698,1,outcome,1,SUBSCORE-21,float,single,,0
123698,1,outcome,1,SUBSCORE-22,float,single,,1
123698,1,outcome,1,SUBSCORE-23,float,single,,1
123698,1,outcome,1,SUBSCORE-24,float,single,,1
123698,1,outcome,1,SUBSCORE-25,float,single,,1
123698,1,outcome,1,SUBSCORE-26,float,single,,1
123698,1,outcome,1,SUBSCORE-27,float,single,,1
123698,1,outcome,1,SUBSCORE-28,float,single,,1
123698,1,outcome,1,SUBSCORE-29,float,single,,1
123698,1,outcome,1,SUBSCORE-30,float,single,,1
123698,1,outcome,1,SUBSCORE-31,float,single,,1
123698,1,outcome,1,SUBSCORE-32,float,single,,0
123698,1,outcome,1,SUBSCORE-33,float,single,,0
123698,1,outcome,1,SUBSCORE-34,float,single,,0
123698,1,outcome,1,SUBSCORE-35,float,single,,0
123698,1,outcome,1,SUBSCORE-36,float,single,,0
123698,1,outcome,1,SUBSCORE-37,float,single,,0
123698,1,outcome,1,SUBSCORE-38,float,single,,0
123698,1,outcome,1,SUBSCORE-39,float,single,,0
123698,1,outcome,1,SUBSCORE-40,float,single,,0
123698,1,outcome,1,PASSED,boolean,single,0,false
123698,1,outcome,1,MAXSCORE,float,single,40,40
123698,1,template,1,RESPONSE_CORRECTRESPONSE_POINTS,float,single,40,40
123698,1,template,1,RESPONSE-ACTION,float,single,,40
123698,1,,0,SCORE,float,single,,20
123698,1,,0,MAX_SCORE,float,single,,40
123698,1,,0,COMPLETION_STATUS,identifier,single,,completed
144054,1,response,1,RESPONSE,file,single,,[REDACTED]
144054,1,outcome,1,SUBSCORE-1,float,single,,1
144054,1,outcome,1,SUBSCORE-2,float,single,,1
144054,1,outcome,1,SUBSCORE-3,float,single,,1
144054,1,outcome,1,SUBSCORE-4,float,single,,1
144054,1,outcome,1,SUBSCORE-5,float,single,,0
144054,1,outcome,1,SUBSCORE-6,float,single,,1
144054,1,outcome,1,SUBSCORE-7,float,single,,1
144054,1,outcome,1,SUBSCORE-8,float,single,,1
144054,1,outcome,1,SUBSCORE-9,float,single,,1
144054,1,outcome,1,SUBSCORE-10,float,single,,0
144054,1,outcome,1,SUBSCORE-11,float,single,,1
144054,1,outcome,1,SUBSCORE-12,float,single,,1
144054,1,outcome,1,SUBSCORE-13,float,single,,1
144054,1,outcome,1,SUBSCORE-14,float,single,,0
144054,1,outcome,1,SUBSCORE-15,float,single,,0
144054,1,outcome,1,SUBSCORE-16,float,single,,0
144054,1,outcome,1,SUBSCORE-17,float,single,,0
144054,1,outcome,1,SUBSCORE-18,float,single,,1
144054,1,outcome,1,SUBSCORE-19,float,single,,0
144054,1,outcome,1,SUBSCORE-20,float,single,,0
144054,1,outcome,1,SUBSCORE-21,float,single,,0
144054,1,outcome,1,SUBSCORE-22,float,single,,1
144054,1,outcome,1,SUBSCORE-23,float,single,,0
144054,1,outcome,1,SUBSCORE-24,float,single,,0
144054,1,outcome,1,SUBSCORE-25,float,single,,0
144054,1,outcome,1,SUBSCORE-26,float,single,,1
144054,1,outcome,1,SUBSCORE-27,float,single,,1
144054,1,outcome,1,SUBSCORE-28,float,single,,1
144054,1,outcome,1,SUBSCORE-29,float,single,,0
144054,1,outcome,1,SUBSCORE-30,float,single,,1
144054,1,outcome,1,SUBSCORE-31,float,single,,1
144054,1,outcome,1,SUBSCORE-32,float,single,,1
144054,1,outcome,1,SUBSCORE-33,float,single,,0
144054,1,outcome,1,SUBSCORE-34,float,single,,0
144054,1,outcome,1,SUBSCORE-35,float,single,,0
144054,1,outcome,1,SUBSCORE-36,float,single,,0
144054,1,outcome,1,SUBSCORE-37,float,single,,0
144054,1,outcome,1,SUBSCORE-38,float,single,,0
144054,1,outcome,1,SUBSCORE-39,float,single,,0
144054,1,outcome,1,SUBSCORE-40,float,single,,0
144054,1,outcome,1,PASSED,boolean,single,0,false
144054,1,outcome,1,MAXSCORE,float,single,40,40
144054,1,template,1,RESPONSE_CORRECTRESPONSE_POINTS,float,single,40,40
144054,1,template,1,RESPONSE-ACTION,float,single,,40
144054,1,,0,SCORE,float,single,,19
144054,1,,0,MAX_SCORE,float,single,,40
144054,1,,0,COMPLETION_STATUS,identifier,single,,completed
149705,1,response,1,RESPONSE,file,single,,[REDACTED]
149705,1,outcome,1,SUBSCORE-1,float,single,,1
149705,1,outcome,1,SUBSCORE-2,float,single,,0
149705,1,outcome,1,SUBSCORE-3,float,single,,0
149705,1,outcome,1,SUBSCORE-4,float,single,,0
149705,1,outcome,1,SUBSCORE-5,float,single,,0
149705,1,outcome,1,SUBSCORE-6,float,single,,1
149705,1,outcome,1,SUBSCORE-7,float,single,,1
149705,1,outcome,1,SUBSCORE-8,float,single,,1
149705,1,outcome,1,SUBSCORE-9,float,single,,1
149705,1,outcome,1,SUBSCORE-10,float,single,,1
149705,1,outcome,1,SUBSCORE-11,float,single,,0
149705,1,outcome,1,SUBSCORE-12,float,single,,0
149705,1,outcome,1,SUBSCORE-13,float,single,,0
149705,1,outcome,1,SUBSCORE-14,float,single,,0
149705,1,outcome,1,SUBSCORE-15,float,single,,0
149705,1,outcome,1,SUBSCORE-16,float,single,,0
149705,1,outcome,1,SUBSCORE-17,float,single,,0
149705,1,outcome,1,SUBSCORE-18,float,single,,1
149705,1,outcome,1,SUBSCORE-19,float,single,,0
149705,1,outcome,1,SUBSCORE-20,float,single,,0
149705,1,outcome,1,SUBSCORE-21,float,single,,0
149705,1,outcome,1,SUBSCORE-22,float,single,,1
149705,1,outcome,1,SUBSCORE-23,float,single,,1
149705,1,outcome,1,SUBSCORE-24,float,single,,1
149705,1,outcome,1,SUBSCORE-25,float,single,,1
149705,1,outcome,1,SUBSCORE-26,float,single,,1
149705,1,outcome,1,SUBSCORE-27,float,single,,1
149705,1,outcome,1,SUBSCORE-28,float,single,,1
149705,1,outcome,1,SUBSCORE-29,float,single,,1
149705,1,outcome,1,SUBSCORE-30,float,single,,0
149705,1,outcome,1,SUBSCORE-31,float,single,,0
149705,1,outcome,1,SUBSCORE-32,float,single,,0
149705,1,outcome,1,SUBSCORE-33,float,single,,1
149705,1,outcome,1,SUBSCORE-34,float,single,,1
149705,1,outcome,1,SUBSCORE-35,float,single,,1
149705,1,outcome,1,SUBSCORE-36,float,single,,1
149705,1,outcome,1,SUBSCORE-37,float,single,,1
149705,1,outcome,1,SUBSCORE-38,float,single,,1
149705,1,outcome,1,SUBSCORE-39,float,single,,1
149705,1,outcome,1,SUBSCORE-40,float,single,,1
149705,1,outcome,1,PASSED,boolean,single,0,false
149705,1,outcome,1,MAXSCORE,float,single,40,40
149705,1,template,1,RESPONSE_CORRECTRESPONSE_POINTS,float,single,40,40
149705,1,template,1,RESPONSE-ACTION,float,single,,40
149705,1,,0,SCORE,float,single,,23
149705,1,,0,MAX_SCORE,float,single,,40
149705,1,,0,COMPLETION_STATUS,identifier,single,,completed
148811,1,response,1,RESPONSE,file,single,,[REDACTED]
148811,1,outcome,1,SUBSCORE-1,float,single,,1
148811,1,outcome,1,SUBSCORE-2,float,single,,1
148811,1,outcome,1,SUBSCORE-3,float,single,,1
148811,1,outcome,1,SUBSCORE-4,float,single,,1
148811,1,outcome,1,SUBSCORE-5,float,single,,1
148811,1,outcome,1,SUBSCORE-6,float,single,,1
148811,1,outcome,1,SUBSCORE-7,float,single,,1
148811,1,outcome,1,SUBSCORE-8,float,single,,1
148811,1,outcome,1,SUBSCORE-9,float,single,,1
148811,1,outcome,1,SUBSCORE-10,float,single,,1
148811,1,outcome,1,SUBSCORE-11,float,single,,1
148811,1,outcome,1,SUBSCORE-12,float,single,,1
148811,1,outcome,1,SUBSCORE-13,float,single,,1
148811,1,outcome,1,SUBSCORE-14,float,single,,1
148811,1,outcome,1,SUBSCORE-15,float,single,,1
148811,1,outcome,1,SUBSCORE-16,float,single,,0
148811,1,outcome,1,SUBSCORE-17,float,single,,0
148811,1,outcome,1,SUBSCORE-18,float,single,,1
148811,1,outcome,1,SUBSCORE-19,float,single,,0
148811,1,outcome,1,SUBSCORE-20,float,single,,0
148811,1,outcome,1,SUBSCORE-21,float,single,,0
148811,1,outcome,1,SUBSCORE-22,float,single,,1
148811,1,outcome,1,SUBSCORE-23,float,single,,1
148811,1,outcome,1,SUBSCORE-24,float,single,,1
148811,1,outcome,1,SUBSCORE-25,float,single,,1
148811,1,outcome,1,SUBSCORE-26,float,single,,1
148811,1,outcome,1,SUBSCORE-27,float,single,,1
148811,1,outcome,1,SUBSCORE-28,float,single,,1
148811,1,outcome,1,SUBSCORE-29,float,single,,0
148811,1,outcome,1,SUBSCORE-30,float,single,,1
148811,1,outcome,1,SUBSCORE-31,float,single,,1
148811,1,outcome,1,SUBSCORE-32,float,single,,1
148811,1,outcome,1,SUBSCORE-33,float,single,,1
148811,1,outcome,1,SUBSCORE-34,float,single,,1
148811,1,outcome,1,SUBSCORE-35,float,single,,1
148811,1,outcome,1,SUBSCORE-36,float,single,,1
148811,1,outcome,1,SUBSCORE-37,float,single,,1
148811,1,outcome,1,SUBSCORE-38,float,single,,0
148811,1,outcome,1,SUBSCORE-39,float,single,,0
148811,1,outcome,1,SUBSCORE-40,float,single,,0
148811,1,outcome,1,PASSED,boolean,single,0,false
148811,1,outcome,1,MAXSCORE,float,single,40,40
148811,1,template,1,RESPONSE_CORRECTRESPONSE_POINTS,float,single,40,40
148811,1,template,1,RESPONSE-ACTION,float,single,,40
148811,1,,0,SCORE,float,single,,31
148811,1,,0,MAX_SCORE,float,single,,40
148811,1,,0,COMPLETION_STATUS,identifier,single,,completed
148887,1,response,1,RESPONSE,file,single,,[REDACTED]
148887,1,outcome,1,SUBSCORE-1,float,single,,1
148887,1,outcome,1,SUBSCORE-2,float,single,,1
148887,1,outcome,1,SUBSCORE-3,float,single,,1
148887,1,outcome,1,SUBSCORE-4,float,single,,1
148887,1,outcome,1,SUBSCORE-5,float,single,,1
148887,1,outcome,1,SUBSCORE-6,float,single,,1
148887,1,outcome,1,SUBSCORE-7,float,single,,1
148887,1,outcome,1,SUBSCORE-8,float,single,,1
148887,1,outcome,1,SUBSCORE-9,float,single,,1
148887,1,outcome,1,SUBSCORE-10,float,single,,1
148887,1,outcome,1,SUBSCORE-11,float,single,,0
148887,1,outcome,1,SUBSCORE-12,float,single,,0
148887,1,outcome,1,SUBSCORE-13,float,single,,0
148887,1,outcome,1,SUBSCORE-14,float,single,,0
148887,1,outcome,1,SUBSCORE-15,float,single,,0
148887,1,outcome,1,SUBSCORE-16,float,single,,0
148887,1,outcome,1,SUBSCORE-17,float,single,,0
148887,1,outcome,1,SUBSCORE-18,float,single,,1
148887,1,outcome,1,SUBSCORE-19,float,single,,1
148887,1,outcome,1,SUBSCORE-20,float,single,,1
148887,1,outcome,1,SUBSCORE-21,float,single,,1
148887,1,outcome,1,SUBSCORE-22,float,single,,1
148887,1,outcome,1,SUBSCORE-23,float,single,,1
148887,1,outcome,1,SUBSCORE-24,float,single,,1
148887,1,outcome,1,SUBSCORE-25,float,single,,1
148887,1,outcome,1,SUBSCORE-26,float,single,,1
148887,1,outcome,1,SUBSCORE-27,float,single,,1
148887,1,outcome,1,SUBSCORE-28,float,single,,1
148887,1,outcome,1,SUBSCORE-29,float,single,,1
148887,1,outcome,1,SUBSCORE-30,float,single,,1
148887,1,outcome,1,SUBSCORE-31,float,single,,0
148887,1,outcome,1,SUBSCORE-32,float,single,,1
148887,1,outcome,1,SUBSCORE-33,float,single,,1
148887,1,outcome,1,SUBSCORE-34,float,single,,1
148887,1,outcome,1,SUBSCORE-35,float,single,,1
148887,1,outcome,1,SUBSCORE-36,float,single,,1
148887,1,outcome,1,SUBSCORE-37,float,single,,1
148887,1,outcome,1,SUBSCORE-38,float,single,,0.5
148887,1,outcome,1,SUBSCORE-39,float,single,,0.5
148887,1,outcome,1,SUBSCORE-40,float,single,,0.5
148887,1,outcome,1,PASSED,boolean,single,0,false
148887,1,outcome,1,MAXSCORE,float,single,40,40
148887,1,template,1,RESPONSE_CORRECTRESPONSE_POINTS,float,single,40,40
148887,1,template,1,RESPONSE-ACTION,float,single,,40
148887,1,,0,SCORE,float,single,,30.5
148887,1,,0,MAX_SCORE,float,single,,40
148887,1,,0,COMPLETION_STATUS,identifier,single,,completed
150901,1,response,1,RESPONSE,file,single,,[REDACTED]
150901,1,outcome,1,SUBSCORE-1,float,single,,1
150901,1,outcome,1,SUBSCORE-2,float,single,,1
150901,1,outcome,1,SUBSCORE-3,float,single,,1
150901,1,outcome,1,SUBSCORE-4,float,single,,1
150901,1,outcome,1,SUBSCORE-5,float,single,,1
150901,1,outcome,1,SUBSCORE-6,float,single,,1
150901,1,outcome,1,SUBSCORE-7,float,single,,1
150901,1,outcome,1,SUBSCORE-8,float,single,,1
150901,1,outcome,1,SUBSCORE-9,float,single,,1
150901,1,outcome,1,SUBSCORE-10,float,single,,0
150901,1,outcome,1,SUBSCORE-11,float,single,,1
150901,1,outcome,1,SUBSCORE-12,float,single,,1
150901,1,outcome,1,SUBSCORE-13,float,single,,1
150901,1,outcome,1,SUBSCORE-14,float,single,,0
150901,1,outcome,1,SUBSCORE-15,float,single,,0
150901,1,outcome,1,SUBSCORE-16,float,single,,0
150901,1,outcome,1,SUBSCORE-17,float,single,,0
150901,1,outcome,1,SUBSCORE-18,float,single,,1
150901,1,outcome,1,SUBSCORE-19,float,single,,0
150901,1,outcome,1,SUBSCORE-20,float,single,,0
150901,1,outcome,1,SUBSCORE-21,float,single,,1
150901,1,outcome,1,SUBSCORE-22,float,single,,1
150901,1,outcome,1,SUBSCORE-23,float,single,,1
150901,1,outcome,1,SUBSCORE-24,float,single,,1
150901,1,outcome,1,SUBSCORE-25,float,single,,1
150901,1,outcome,1,SUBSCORE-26,float,single,,1
150901,1,outcome,1,SUBSCORE-27,float,single,,1
150901,1,outcome,1,SUBSCORE-28,float,single,,1
150901,1,outcome,1,SUBSCORE-29,float,single,,0
150901,1,outcome,1,SUBSCORE-30,float,single,,1
150901,1,outcome,1,SUBSCORE-31,float,single,,1
150901,1,outcome,1,SUBSCORE-32,float,single,,0
150901,1,outcome,1,SUBSCORE-33,float,single,,1
150901,1,outcome,1,SUBSCORE-34,float,single,,1
150901,1,outcome,1,SUBSCORE-35,float,single,,1
150901,1,outcome,1,SUBSCORE-36,float,single,,0
150901,1,outcome,1,SUBSCORE-37,float,single,,1
150901,1,outcome,1,SUBSCORE-38,float,single,,0.5
150901,1,outcome,1,SUBSCORE-39,float,single,,0.5
150901,1,outcome,1,SUBSCORE-40,float,single,,0.5
150901,1,outcome,1,PASSED,boolean,single,0,false
150901,1,outcome,1,MAXSCORE,float,single,40,40
150901,1,template,1,RESPONSE_CORRECTRESPONSE_POINTS,float,single,40,40
150901,1,template,1,RESPONSE-ACTION,float,single,,40
150901,1,,0,SCORE,float,single,,28.5
150901,1,,0,MAX_SCORE,float,single,,40
150901,1,,0,COMPLETION_STATUS,identifier,single,,completed
142868,1,response,1,RESPONSE,file,single,,[REDACTED]
142868,1,outcome,1,SUBSCORE-1,float,single,,1
142868,1,outcome,1,SUBSCORE-2,float,single,,1
142868,1,outcome,1,SUBSCORE-3,float,single,,1
142868,1,outcome,1,SUBSCORE-4,float,single,,1
142868,1,outcome,1,SUBSCORE-5,float,single,,1
142868,1,outcome,1,SUBSCORE-6,float,single,,1
142868,1,outcome,1,SUBSCORE-7,float,single,,1
142868,1,outcome,1,SUBSCORE-8,float,single,,1
142868,1,outcome,1,SUBSCORE-9,float,single,,1
142868,1,outcome,1,SUBSCORE-10,float,single,,1
142868,1,outcome,1,SUBSCORE-11,float,single,,0
142868,1,outcome,1,SUBSCORE-12,float,single,,0
142868,1,outcome,1,SUBSCORE-13,float,single,,0
142868,1,outcome,1,SUBSCORE-14,float,single,,0
142868,1,outcome,1,SUBSCORE-15,float,single,,0
142868,1,outcome,1,SUBSCORE-16,float,single,,0
142868,1,outcome,1,SUBSCORE-17,float,single,,0
142868,1,outcome,1,SUBSCORE-18,float,single,,1
142868,1,outcome,1,SUBSCORE-19,float,single,,0
142868,1,outcome,1,SUBSCORE-20,float,single,,0
142868,1,outcome,1,SUBSCORE-21,float,single,,0
142868,1,outcome,1,SUBSCORE-22,float,single,,1
142868,1,outcome,1,SUBSCORE-23,float,single,,1
142868,1,outcome,1,SUBSCORE-24,float,single,,1
142868,1,outcome,1,SUBSCORE-25,float,single,,1
142868,1,outcome,1,SUBSCORE-26,float,single,,1
142868,1,outcome,1,SUBSCORE-27,float,single,,1
142868,1,outcome,1,SUBSCORE-28,float,single,,1
142868,1,outcome,1,SUBSCORE-29,float,single,,1
142868,1,outcome,1,SUBSCORE-30,float,single,,1
142868,1,outcome,1,SUBSCORE-31,float,single,,1
142868,1,outcome,1,SUBSCORE-32,float,single,,0
142868,1,outcome,1,SUBSCORE-33,float,single,,1
142868,1,outcome,1,SUBSCORE-34,float,single,,1
142868,1,outcome,1,SUBSCORE-35,float,single,,1
142868,1,outcome,1,SUBSCORE-36,float,single,,0
142868,1,outcome,1,SUBSCORE-37,float,single,,1
142868,1,outcome,1,SUBSCORE-38,float,single,,0.5
142868,1,outcome,1,SUBSCORE-39,float,single,,0.5
142868,1,outcome,1,SUBSCORE-40,float,single,,0.5
142868,1,outcome,1,PASSED,boolean,single,0,false
142868,1,outcome,1,MAXSCORE,float,single,40,40
142868,1,template,1,RESPONSE_CORRECTRESPONSE_POINTS,float,single,40,40
142868,1,template,1,RESPONSE-ACTION,float,single,,40
142868,1,,0,SCORE,float,single,,26.5
142868,1,,0,MAX_SCORE,float,single,,40
142868,1,,0,COMPLETION_STATUS,identifier,single,,completed
147539,1,response,1,RESPONSE,file,single,,[REDACTED]
147539,1,outcome,1,SUBSCORE-1,float,single,,1
147539,1,outcome,1,SUBSCORE-2,float,single,,1
147539,1,outcome,1,SUBSCORE-3,float,single,,1
147539,1,outcome,1,SUBSCORE-4,float,single,,1
147539,1,outcome,1,SUBSCORE-5,float,single,,1
147539,1,outcome,1,SUBSCORE-6,float,single,,1
147539,1,outcome,1,SUBSCORE-7,float,single,,1
147539,1,outcome,1,SUBSCORE-8,float,single,,1
147539,1,outcome,1,SUBSCORE-9,float,single,,1
147539,1,outcome,1,SUBSCORE-10,float,single,,1
147539,1,outcome,1,SUBSCORE-11,float,single,,0
147539,1,outcome,1,SUBSCORE-12,float,single,,0
147539,1,outcome,1,SUBSCORE-13,float,single,,0
147539,1,outcome,1,SUBSCORE-14,float,single,,0
147539,1,outcome,1,SUBSCORE-15,float,single,,0
147539,1,outcome,1,SUBSCORE-16,float,single,,0
147539,1,outcome,1,SUBSCORE-17,float,single,,0
147539,1,outcome,1,SUBSCORE-18,float,single,,1
147539,1,outcome,1,SUBSCORE-19,float,single,,0
147539,1,outcome,1,SUBSCORE-20,float,single,,0
147539,1,outcome,1,SUBSCORE-21,float,single,,0
147539,1,outcome,1,SUBSCORE-22,float,single,,1
147539,1,outcome,1,SUBSCORE-23,float,single,,1
147539,1,outcome,1,SUBSCORE-24,float,single,,1
147539,1,outcome,1,SUBSCORE-25,float,single,,1
147539,1,outcome,1,SUBSCORE-26,float,single,,1
147539,1,outcome,1,SUBSCORE-27,float,single,,1
147539,1,outcome,1,SUBSCORE-28,float,single,,1
147539,1,outcome,1,SUBSCORE-29,float,single,,1
147539,1,outcome,1,SUBSCORE-30,float,single,,1
147539,1,outcome,1,SUBSCORE-31,float,single,,1
147539,1,outcome,1,SUBSCORE-32,float,single,,0
147539,1,outcome,1,SUBSCORE-33,float,single,,1
147539,1,outcome,1,SUBSCORE-34,float,single,,1
147539,1,outcome,1,SUBSCORE-35,float,single,,1
147539,1,outcome,1,SUBSCORE-36,float,single,,1
147539,1,outcome,1,SUBSCORE-37,float,single,,1
147539,1,outcome,1,SUBSCORE-38,float,single,,0.5
147539,1,outcome,1,SUBSCORE-39,float,single,,0.5
147539,1,outcome,1,SUBSCORE-40,float,single,,0.5
147539,1,outcome,1,PASSED,boolean,single,0,false
147539,1,outcome,1,MAXSCORE,float,single,40,40
147539,1,template,1,RESPONSE_CORRECTRESPONSE_POINTS,float,single,40,40
147539,1,template,1,RESPONSE-ACTION,float,single,,40
147539,1,,0,SCORE,float,single,,27.5
147539,1,,0,MAX_SCORE,float,single,,40
147539,1,,0,COMPLETION_STATUS,identifier,single,,completed
149814,1,response,1,RESPONSE,file,single,,[REDACTED]
149814,1,outcome,1,SUBSCORE-1,float,single,,1
149814,1,outcome,1,SUBSCORE-2,float,single,,1
149814,1,outcome,1,SUBSCORE-3,float,single,,1
149814,1,outcome,1,SUBSCORE-4,float,single,,1
149814,1,outcome,1,SUBSCORE-5,float,single,,1
149814,1,outcome,1,SUBSCORE-6,float,single,,1
149814,1,outcome,1,SUBSCORE-7,float,single,,1
149814,1,outcome,1,SUBSCORE-8,float,single,,1
149814,1,outcome,1,SUBSCORE-9,float,single,,1
149814,1,outcome,1,SUBSCORE-10,float,single,,1
149814,1,outcome,1,SUBSCORE-11,float,single,,1
149814,1,outcome,1,SUBSCORE-12,float,single,,1
149814,1,outcome,1,SUBSCORE-13,float,single,,1
149814,1,outcome,1,SUBSCORE-14,float,single,,1
149814,1,outcome,1,SUBSCORE-15,float,single,,1
149814,1,outcome,1,SUBSCORE-16,float,single,,1
149814,1,outcome,1,SUBSCORE-17,float,single,,0
149814,1,outcome,1,SUBSCORE-18,float,single,,1
149814,1,outcome,1,SUBSCORE-19,float,single,,1
149814,1,outcome,1,SUBSCORE-20,float,single,,1
149814,1,outcome,1,SUBSCORE-21,float,single,,1
149814,1,outcome,1,SUBSCORE-22,float,single,,1
149814,1,outcome,1,SUBSCORE-23,float,single,,1
149814,1,outcome,1,SUBSCORE-24,float,single,,1
149814,1,outcome,1,SUBSCORE-25,float,single,,1
149814,1,outcome,1,SUBSCORE-26,float,single,,1
149814,1,outcome,1,SUBSCORE-27,float,single,,1
149814,1,outcome,1,SUBSCORE-28,float,single,,1
149814,1,outcome,1,SUBSCORE-29,float,single,,0
149814,1,outcome,1,SUBSCORE-30,float,single,,1
149814,1,outcome,1,SUBSCORE-31,float,single,,1
149814,1,outcome,1,SUBSCORE-32,float,single,,1
149814,1,outcome,1,SUBSCORE-33,float,single,,1
149814,1,outcome,1,SUBSCORE-34,float,single,,1
149814,1,outcome,1,SUBSCORE-35,float,single,,0
149814,1,outcome,1,SUBSCORE-36,float,single,,0
149814,1,outcome,1,SUBSCORE-37,float,single,,1
149814,1,outcome,1,SUBSCORE-38,float,single,,0.5
149814,1,outcome,1,SUBSCORE-39,float,single,,0.5
149814,1,outcome,1,SUBSCORE-40,float,single,,0.5
149814,1,outcome,1,PASSED,boolean,single,0,false
149814,1,outcome,1,MAXSCORE,float,single,40,40
149814,1,template,1,RESPONSE_CORRECTRESPONSE_POINTS,float,single,40,40
149814,1,template,1,RESPONSE-ACTION,float,single,,40
149814,1,,0,SCORE,float,single,,34.5
149814,1,,0,MAX_SCORE,float,single,,40
149814,1,,0,COMPLETION_STATUS,identifier,single,,completed
149686,1,response,1,RESPONSE,file,single,,[REDACTED]
149686,1,outcome,1,SUBSCORE-1,float,single,,1
149686,1,outcome,1,SUBSCORE-2,float,single,,1
149686,1,outcome,1,SUBSCORE-3,float,single,,1
149686,1,outcome,1,SUBSCORE-4,float,single,,1
149686,1,outcome,1,SUBSCORE-5,float,single,,1
149686,1,outcome,1,SUBSCORE-6,float,single,,1
149686,1,outcome,1,SUBSCORE-7,float,single,,1
149686,1,outcome,1,SUBSCORE-8,float,single,,1
149686,1,outcome,1,SUBSCORE-9,float,single,,1
149686,1,outcome,1,SUBSCORE-10,float,single,,1
149686,1,outcome,1,SUBSCORE-11,float,single,,0
149686,1,outcome,1,SUBSCORE-12,float,single,,0
149686,1,outcome,1,SUBSCORE-13,float,single,,0
149686,1,outcome,1,SUBSCORE-14,float,single,,0
149686,1,outcome,1,SUBSCORE-15,float,single,,0
149686,1,outcome,1,SUBSCORE-16,float,single,,0
149686,1,outcome,1,SUBSCORE-17,float,single,,0
149686,1,outcome,1,SUBSCORE-18,float,single,,1
149686,1,outcome,1,SUBSCORE-19,float,single,,1
149686,1,outcome,1,SUBSCORE-20,float,single,,0
149686,1,outcome,1,SUBSCORE-21,float,single,,1
149686,1,outcome,1,SUBSCORE-22,float,single,,1
149686,1,outcome,1,SUBSCORE-23,float,single,,0
149686,1,outcome,1,SUBSCORE-24,float,single,,0
149686,1,outcome,1,SUBSCORE-25,float,single,,1
149686,1,outcome,1,SUBSCORE-26,float,single,,1
149686,1,outcome,1,SUBSCORE-27,float,single,,1
149686,1,outcome,1,SUBSCORE-28,float,single,,1
149686,1,outcome,1,SUBSCORE-29,float,single,,1
149686,1,outcome,1,SUBSCORE-30,float,single,,0
149686,1,outcome,1,SUBSCORE-31,float,single,,0
149686,1,outcome,1,SUBSCORE-32,float,single,,0
149686,1,outcome,1,SUBSCORE-33,float,single,,1
149686,1,outcome,1,SUBSCORE-34,float,single,,1
149686,1,outcome,1,SUBSCORE-35,float,single,,1
149686,1,outcome,1,SUBSCORE-36,float,single,,0
149686,1,outcome,1,SUBSCORE-37,float,single,,1
149686,1,outcome,1,SUBSCORE-38,float,single,,0.5
149686,1,outcome,1,SUBSCORE-39,float,single,,0.5
149686,1,outcome,1,SUBSCORE-40,float,single,,0.5
149686,1,outcome,1,PASSED,boolean,single,0,false
149686,1,outcome,1,MAXSCORE,float,single,40,40
149686,1,template,1,RESPONSE_CORRECTRESPONSE_POINTS,float,single,40,40
149686,1,template,1,RESPONSE-ACTION,float,single,,40
149686,1,,0,SCORE,float,single,,24.5
149686,1,,0,MAX_SCORE,float,single,,40
149686,1,,0,COMPLETION_STATUS,identifier,single,,completed
149728,1,response,1,RESPONSE,file,single,,[REDACTED]
149728,1,outcome,1,SUBSCORE-1,float,single,,1
149728,1,outcome,1,SUBSCORE-2,float,single,,1
149728,1,outcome,1,SUBSCORE-3,float,single,,1
149728,1,outcome,1,SUBSCORE-4,float,single,,1
149728,1,outcome,1,SUBSCORE-5,float,single,,1
149728,1,outcome,1,SUBSCORE-6,float,single,,1
149728,1,outcome,1,SUBSCORE-7,float,single,,1
149728,1,outcome,1,SUBSCORE-8,float,single,,1
149728,1,outcome,1,SUBSCORE-9,float,single,,1
149728,1,outcome,1,SUBSCORE-10,float,single,,1
149728,1,outcome,1,SUBSCORE-11,float,single,,1
149728,1,outcome,1,SUBSCORE-12,float,single,,1
149728,1,outcome,1,SUBSCORE-13,float,single,,1
149728,1,outcome,1,SUBSCORE-14,float,single,,1
149728,1,outcome,1,SUBSCORE-15,float,single,,1
149728,1,outcome,1,SUBSCORE-16,float,single,,1
149728,1,outcome,1,SUBSCORE-17,float,single,,0
149728,1,outcome,1,SUBSCORE-18,float,single,,1
149728,1,outcome,1,SUBSCORE-19,float,single,,1
149728,1,outcome,1,SUBSCORE-20,float,single,,0
149728,1,outcome,1,SUBSCORE-21,float,single,,1
149728,1,outcome,1,SUBSCORE-22,float,single,,1
149728,1,outcome,1,SUBSCORE-23,float,single,,1
149728,1,outcome,1,SUBSCORE-24,float,single,,1
149728,1,outcome,1,SUBSCORE-25,float,single,,1
149728,1,outcome,1,SUBSCORE-26,float,single,,1
149728,1,outcome,1,SUBSCORE-27,float,single,,1
149728,1,outcome,1,SUBSCORE-28,float,single,,1
149728,1,outcome,1,SUBSCORE-29,float,single,,0
149728,1,outcome,1,SUBSCORE-30,float,single,,1
149728,1,outcome,1,SUBSCORE-31,float,single,,1
149728,1,outcome,1,SUBSCORE-32,float,single,,1
149728,1,outcome,1,SUBSCORE-33,float,single,,1
149728,1,outcome,1,SUBSCORE-34,float,single,,1
149728,1,outcome,1,SUBSCORE-35,float,single,,0
149728,1,outcome,1,SUBSCORE-36,float,single,,1
149728,1,outcome,1,SUBSCORE-37,float,single,,1
149728,1,outcome,1,SUBSCORE-38,float,single,,0.5
149728,1,outcome,1,SUBSCORE-39,float,single,,0
149728,1,outcome,1,SUBSCORE-40,float,single,,0.5
149728,1,outcome,1,PASSED,boolean,single,0,false
149728,1,outcome,1,MAXSCORE,float,single,40,40
149728,1,template,1,RESPONSE_CORRECTRESPONSE_POINTS,float,single,40,40
149728,1,template,1,RESPONSE-ACTION,float,single,,40
149728,1,,0,SCORE,float,single,,34
149728,1,,0,MAX_SCORE,float,single,,40
149728,1,,0,COMPLETION_STATUS,identifier,single,,completed
149190,1,response,1,RESPONSE,file,single,,[REDACTED]
149190,1,outcome,1,SUBSCORE-1,float,single,,1
149190,1,outcome,1,SUBSCORE-2,float,single,,1
149190,1,outcome,1,SUBSCORE-3,float,single,,1
149190,1,outcome,1,SUBSCORE-4,float,single,,1
149190,1,outcome,1,SUBSCORE-5,float,single,,1
149190,1,outcome,1,SUBSCORE-6,float,single,,1
149190,1,outcome,1,SUBSCORE-7,float,single,,1
149190,1,outcome,1,SUBSCORE-8,float,single,,1
149190,1,outcome,1,SUBSCORE-9,float,single,,1
149190,1,outcome,1,SUBSCORE-10,float,single,,1
149190,1,outcome,1,SUBSCORE-11,float,single,,1
149190,1,outcome,1,SUBSCORE-12,float,single,,1
149190,1,outcome,1,SUBSCORE-13,float,single,,1
149190,1,outcome,1,SUBSCORE-14,float,single,,1
149190,1,outcome,1,SUBSCORE-15,float,single,,1
149190,1,outcome,1,SUBSCORE-16,float,single,,1
149190,1,outcome,1,SUBSCORE-17,float,single,,1
149190,1,outcome,1,SUBSCORE-18,float,single,,1
149190,1,outcome,1,SUBSCORE-19,float,single,,0
149190,1,outcome,1,SUBSCORE-20,float,single,,0
149190,1,outcome,1,SUBSCORE-21,float,single,,0
149190,1,outcome,1,SUBSCORE-22,float,single,,1
149190,1,outcome,1,SUBSCORE-23,float,single,,1
149190,1,outcome,1,SUBSCORE-24,float,single,,1
149190,1,outcome,1,SUBSCORE-25,float,single,,1
149190,1,outcome,1,SUBSCORE-26,float,single,,1
149190,1,outcome,1,SUBSCORE-27,float,single,,1
149190,1,outcome,1,SUBSCORE-28,float,single,,1
149190,1,outcome,1,SUBSCORE-29,float,single,,0
149190,1,outcome,1,SUBSCORE-30,float,single,,1
149190,1,outcome,1,SUBSCORE-31,float,single,,1
149190,1,outcome,1,SUBSCORE-32,float,single,,1
149190,1,outcome,1,SUBSCORE-33,float,single,,1
149190,1,outcome,1,SUBSCORE-34,float,single,,1
149190,1,outcome,1,SUBSCORE-35,float,single,,1
149190,1,outcome,1,SUBSCORE-36,float,single,,1
149190,1,outcome,1,SUBSCORE-37,float,single,,1
149190,1,outcome,1,SUBSCORE-38,float,single,,0
149190,1,outcome,1,SUBSCORE-39,float,single,,0
149190,1,outcome,1,SUBSCORE-40,float,single,,0
149190,1,outcome,1,PASSED,boolean,single,0,false
149190,1,outcome,1,MAXSCORE,float,single,40,40
149190,1,template,1,RESPONSE_CORRECTRESPONSE_POINTS,float,single,40,40
149190,1,template,1,RESPONSE-ACTION,float,single,,40
149190,1,,0,SCORE,float,single,,33
149190,1,,0,MAX_SCORE,float,single,,40
149190,1,,0,COMPLETION_STATUS,identifier,single,,completed
149689,1,response,1,RESPONSE,file,single,,[REDACTED]
149689,1,outcome,1,SUBSCORE-1,float,single,,1
149689,1,outcome,1,SUBSCORE-2,float,single,,1
149689,1,outcome,1,SUBSCORE-3,float,single,,1
149689,1,outcome,1,SUBSCORE-4,float,single,,1
149689,1,outcome,1,SUBSCORE-5,float,single,,1
149689,1,outcome,1,SUBSCORE-6,float,single,,1
149689,1,outcome,1,SUBSCORE-7,float,single,,1
149689,1,outcome,1,SUBSCORE-8,float,single,,1
149689,1,outcome,1,SUBSCORE-9,float,single,,1
149689,1,outcome,1,SUBSCORE-10,float,single,,1
149689,1,outcome,1,SUBSCORE-11,float,single,,1
149689,1,outcome,1,SUBSCORE-12,float,single,,1
149689,1,outcome,1,SUBSCORE-13,float,single,,1
149689,1,outcome,1,SUBSCORE-14,float,single,,1
149689,1,outcome,1,SUBSCORE-15,float,single,,0
149689,1,outcome,1,SUBSCORE-16,float,single,,0
149689,1,outcome,1,SUBSCORE-17,float,single,,0
149689,1,outcome,1,SUBSCORE-18,float,single,,1
149689,1,outcome,1,SUBSCORE-19,float,single,,0
149689,1,outcome,1,SUBSCORE-20,float,single,,0
149689,1,outcome,1,SUBSCORE-21,float,single,,1
149689,1,outcome,1,SUBSCORE-22,float,single,,1
149689,1,outcome,1,SUBSCORE-23,float,single,,1
149689,1,outcome,1,SUBSCORE-24,float,single,,1
149689,1,outcome,1,SUBSCORE-25,float,single,,1
149689,1,outcome,1,SUBSCORE-26,float,single,,1
149689,1,outcome,1,SUBSCORE-27,float,single,,1
149689,1,outcome,1,SUBSCORE-28,float,single,,1
149689,1,outcome,1,SUBSCORE-29,float,single,,1
149689,1,outcome,1,SUBSCORE-30,float,single,,0
149689,1,outcome,1,SUBSCORE-31,float,single,,0
149689,1,outcome,1,SUBSCORE-32,float,single,,0
149689,1,outcome,1,SUBSCORE-33,float,single,,1
149689,1,outcome,1,SUBSCORE-34,float,single,,1
149689,1,outcome,1,SUBSCORE-35,float,single,,1
149689,1,outcome,1,SUBSCORE-36,float,single,,0
149689,1,outcome,1,SUBSCORE-37,float,single,,1
149689,1,outcome,1,SUBSCORE-38,float,single,,0.5
149689,1,outcome,1,SUBSCORE-39,float,single,,0.5
149689,1,outcome,1,SUBSCORE-40,float,single,,0.5
149689,1,outcome,1,PASSED,boolean,single,0,false
149689,1,outcome,1,MAXSCORE,float,single,40,40
149689,1,template,1,RESPONSE_CORRECTRESPONSE_POINTS,float,single,40,40
149689,1,template,1,RESPONSE-ACTION,float,single,,40
149689,1,,0,SCORE,float,single,,29.5
149689,1,,0,MAX_SCORE,float,single,,40
149689,1,,0,COMPLETION_STATUS,identifier,single,,completed
93649,1,response,1,RESPONSE,file,single,,[REDACTED]
93649,1,outcome,1,SUBSCORE-1,float,single,,1
93649,1,outcome,1,SUBSCORE-2,float,single,,1
93649,1,outcome,1,SUBSCORE-3,float,single,,1
93649,1,outcome,1,SUBSCORE-4,float,single,,1
93649,1,outcome,1,SUBSCORE-5,float,single,,1
93649,1,outcome,1,SUBSCORE-6,float,single,,1
93649,1,outcome,1,SUBSCORE-7,float,single,,1
93649,1,outcome,1,SUBSCORE-8,float,single,,1
93649,1,outcome,1,SUBSCORE-9,float,single,,1
93649,1,outcome,1,SUBSCORE-10,float,single,,1
93649,1,outcome,1,SUBSCORE-11,float,single,,1
93649,1,outcome,1,SUBSCORE-12,float,single,,1
93649,1,outcome,1,SUBSCORE-13,float,single,,1
93649,1,outcome,1,SUBSCORE-14,float,single,,1
93649,1,outcome,1,SUBSCORE-15,float,single,,1
93649,1,outcome,1,SUBSCORE-16,float,single,,1
93649,1,outcome,1,SUBSCORE-17,float,single,,1
93649,1,outcome,1,SUBSCORE-18,float,single,,1
93649,1,outcome,1,SUBSCORE-19,float,single,,1
93649,1,outcome,1,SUBSCORE-20,float,single,,1
93649,1,outcome,1,SUBSCORE-21,float,single,,1
93649,1,outcome,1,SUBSCORE-22,float,single,,1
93649,1,outcome,1,SUBSCORE-23,float,single,,1
93649,1,outcome,1,SUBSCORE-24,float,single,,1
93649,1,outcome,1,SUBSCORE-25,float,single,,1
93649,1,outcome,1,SUBSCORE-26,float,single,,1
93649,1,outcome,1,SUBSCORE-27,float,single,,1
93649,1,outcome,1,SUBSCORE-28,float,single,,1
93649,1,outcome,1,SUBSCORE-29,float,single,,0
93649,1,outcome,1,SUBSCORE-30,float,single,,1
93649,1,outcome,1,SUBSCORE-31,float,single,,1
93649,1,outcome,1,SUBSCORE-32,float,single,,1
93649,1,outcome,1,SUBSCORE-33,float,single,,1
93649,1,outcome,1,SUBSCORE-34,float,single,,1
93649,1,outcome,1,SUBSCORE-35,float,single,,1
93649,1,outcome,1,SUBSCORE-36,float,single,,1
93649,1,outcome,1,SUBSCORE-37,float,single,,1
93649,1,outcome,1,SUBSCORE-38,float,single,,0.5
93649,1,outcome,1,SUBSCORE-39,float,single,,0.5
93649,1,outcome,1,SUBSCORE-40,float,single,,0.5
93649,1,outcome,1,PASSED,boolean,single,0,false
93649,1,outcome,1,MAXSCORE,float,single,40,40
93649,1,template,1,RESPONSE_CORRECTRESPONSE_POINTS,float,single,40,40
93649,1,template,1,RESPONSE-ACTION,float,single,,40
93649,1,,0,SCORE,float,single,,37.5
93649,1,,0,MAX_SCORE,float,single,,40
93649,1,,0,COMPLETION_STATUS,identifier,single,,completed
150063,1,response,1,RESPONSE,file,single,,[REDACTED]
150063,1,outcome,1,SUBSCORE-1,float,single,,1
150063,1,outcome,1,SUBSCORE-2,float,single,,1
150063,1,outcome,1,SUBSCORE-3,float,single,,1
150063,1,outcome,1,SUBSCORE-4,float,single,,1
150063,1,outcome,1,SUBSCORE-5,float,single,,1
150063,1,outcome,1,SUBSCORE-6,float,single,,1
150063,1,outcome,1,SUBSCORE-7,float,single,,1
150063,1,outcome,1,SUBSCORE-8,float,single,,1
150063,1,outcome,1,SUBSCORE-9,float,single,,1
150063,1,outcome,1,SUBSCORE-10,float,single,,1
150063,1,outcome,1,SUBSCORE-11,float,single,,1
150063,1,outcome,1,SUBSCORE-12,float,single,,1
150063,1,outcome,1,SUBSCORE-13,float,single,,1
150063,1,outcome,1,SUBSCORE-14,float,single,,1
150063,1,outcome,1,SUBSCORE-15,float,single,,1
150063,1,outcome,1,SUBSCORE-16,float,single,,1
150063,1,outcome,1,SUBSCORE-17,float,single,,1
150063,1,outcome,1,SUBSCORE-18,float,single,,1
150063,1,outcome,1,SUBSCORE-19,float,single,,1
150063,1,outcome,1,SUBSCORE-20,float,single,,1
150063,1,outcome,1,SUBSCORE-21,float,single,,1
150063,1,outcome,1,SUBSCORE-22,float,single,,1
150063,1,outcome,1,SUBSCORE-23,float,single,,1
150063,1,outcome,1,SUBSCORE-24,float,single,,1
150063,1,outcome,1,SUBSCORE-25,float,single,,1
150063,1,outcome,1,SUBSCORE-26,float,single,,1
150063,1,outcome,1,SUBSCORE-27,float,single,,1
150063,1,outcome,1,SUBSCORE-28,float,single,,1
150063,1,outcome,1,SUBSCORE-29,float,single,,1
150063,1,outcome,1,SUBSCORE-30,float,single,,1
150063,1,outcome,1,SUBSCORE-31,float,single,,1
150063,1,outcome,1,SUBSCORE-32,float,single,,1
150063,1,outcome,1,SUBSCORE-33,float,single,,1
150063,1,outcome,1,SUBSCORE-34,float,single,,1
150063,1,outcome,1,SUBSCORE-35,float,single,,1
150063,1,outcome,1,SUBSCORE-36,float,single,,1
150063,1,outcome,1,SUBSCORE-37,float,single,,1
150063,1,outcome,1,SUBSCORE-38,float,single,,0.5
150063,1,outcome,1,SUBSCORE-39,float,single,,0.5
150063,1,outcome,1,SUBSCORE-40,float,single,,0.5
150063,1,outcome,1,PASSED,boolean,single,0,false
150063,1,outcome,1,MAXSCORE,float,single,40,40
150063,1,template,1,RESPONSE_CORRECTRESPONSE_POINTS,float,single,40,40
150063,1,template,1,RESPONSE-ACTION,float,single,,40
150063,1,,0,SCORE,float,single,,38.5
150063,1,,0,MAX_SCORE,float,single,,40
150063,1,,0,COMPLETION_STATUS,identifier,single,,completed
149966,1,response,1,RESPONSE,file,single,,[REDACTED]
149966,1,outcome,1,SUBSCORE-1,float,single,,1
149966,1,outcome,1,SUBSCORE-2,float,single,,1
149966,1,outcome,1,SUBSCORE-3,float,single,,1
149966,1,outcome,1,SUBSCORE-4,float,single,,1
149966,1,outcome,1,SUBSCORE-5,float,single,,1
149966,1,outcome,1,SUBSCORE-6,float,single,,1
149966,1,outcome,1,SUBSCORE-7,float,single,,1
149966,1,outcome,1,SUBSCORE-8,float,single,,1
149966,1,outcome,1,SUBSCORE-9,float,single,,1
149966,1,outcome,1,SUBSCORE-10,float,single,,1
149966,1,outcome,1,SUBSCORE-11,float,single,,1
149966,1,outcome,1,SUBSCORE-12,float,single,,1
149966,1,outcome,1,SUBSCORE-13,float,single,,1
149966,1,outcome,1,SUBSCORE-14,float,single,,1
149966,1,outcome,1,SUBSCORE-15,float,single,,1
149966,1,outcome,1,SUBSCORE-16,float,single,,1
149966,1,outcome,1,SUBSCORE-17,float,single,,1
149966,1,outcome,1,SUBSCORE-18,float,single,,1
149966,1,outcome,1,SUBSCORE-19,float,single,,0
149966,1,outcome,1,SUBSCORE-20,float,single,,0
149966,1,outcome,1,SUBSCORE-21,float,single,,0
149966,1,outcome,1,SUBSCORE-22,float,single,,1
149966,1,outcome,1,SUBSCORE-23,float,single,,0
149966,1,outcome,1,SUBSCORE-24,float,single,,1
149966,1,outcome,1,SUBSCORE-25,float,single,,1
149966,1,outcome,1,SUBSCORE-26,float,single,,1
149966,1,outcome,1,SUBSCORE-27,float,single,,1
149966,1,outcome,1,SUBSCORE-28,float,single,,1
149966,1,outcome,1,SUBSCORE-29,float,single,,1
149966,1,outcome,1,SUBSCORE-30,float,single,,0
149966,1,outcome,1,SUBSCORE-31,float,single,,1
149966,1,outcome,1,SUBSCORE-32,float,single,,0
149966,1,outcome,1,SUBSCORE-33,float,single,,1
149966,1,outcome,1,SUBSCORE-34,float,single,,1
149966,1,outcome,1,SUBSCORE-35,float,single,,1
149966,1,outcome,1,SUBSCORE-36,float,single,,0
149966,1,outcome,1,SUBSCORE-37,float,single,,1
149966,1,outcome,1,SUBSCORE-38,float,single,,1
149966,1,outcome,1,SUBSCORE-39,float,single,,1
149966,1,outcome,1,SUBSCORE-40,float,single,,1
149966,1,outcome,1,PASSED,boolean,single,0,false
149966,1,outcome,1,MAXSCORE,float,single,40,40
149966,1,template,1,RESPONSE_CORRECTRESPONSE_POINTS,float,single,40,40
149966,1,template,1,RESPONSE-ACTION,float,single,,40
149966,1,,0,SCORE,float,single,,33
149966,1,,0,MAX_SCORE,float,single,,40
149966,1,,0,COMPLETION_STATUS,identifier,single,,completed
38767,1,response,1,RESPONSE,file,single,,[REDACTED]
38767,1,outcome,1,SUBSCORE-1,float,single,,1
38767,1,outcome,1,SUBSCORE-2,float,single,,1
38767,1,outcome,1,SUBSCORE-3,float,single,,1
38767,1,outcome,1,SUBSCORE-4,float,single,,0
38767,1,outcome,1,SUBSCORE-5,float,single,,1
38767,1,outcome,1,SUBSCORE-6,float,single,,1
38767,1,outcome,1,SUBSCORE-7,float,single,,1
38767,1,outcome,1,SUBSCORE-8,float,single,,1
38767,1,outcome,1,SUBSCORE-9,float,single,,1
38767,1,outcome,1,SUBSCORE-10,float,single,,1
38767,1,outcome,1,SUBSCORE-11,float,single,,1
38767,1,outcome,1,SUBSCORE-12,float,single,,1
38767,1,outcome,1,SUBSCORE-13,float,single,,1
38767,1,outcome,1,SUBSCORE-14,float,single,,1
38767,1,outcome,1,SUBSCORE-15,float,single,,0
38767,1,outcome,1,SUBSCORE-16,float,single,,0
38767,1,outcome,1,SUBSCORE-17,float,single,,0
38767,1,outcome,1,SUBSCORE-18,float,single,,1
38767,1,outcome,1,SUBSCORE-19,float,single,,0
38767,1,outcome,1,SUBSCORE-20,float,single,,0
38767,1,outcome,1,SUBSCORE-21,float,single,,0
38767,1,outcome,1,SUBSCORE-22,float,single,,1
38767,1,outcome,1,SUBSCORE-23,float,single,,1
38767,1,outcome,1,SUBSCORE-24,float,single,,1
38767,1,outcome,1,SUBSCORE-25,float,single,,0
38767,1,outcome,1,SUBSCORE-26,float,single,,1
38767,1,outcome,1,SUBSCORE-27,float,single,,1
38767,1,outcome,1,SUBSCORE-28,float,single,,1
38767,1,outcome,1,SUBSCORE-29,float,single,,1
38767,1,outcome,1,SUBSCORE-30,float,single,,1
38767,1,outcome,1,SUBSCORE-31,float,single,,1
38767,1,outcome,1,SUBSCORE-32,float,single,,1
38767,1,outcome,1,SUBSCORE-33,float,single,,1
38767,1,outcome,1,SUBSCORE-34,float,single,,1
38767,1,outcome,1,SUBSCORE-35,float,single,,1
38767,1,outcome,1,SUBSCORE-36,float,single,,0
38767,1,outcome,1,SUBSCORE-37,float,single,,1
38767,1,outcome,1,SUBSCORE-38,float,single,,1
38767,1,outcome,1,SUBSCORE-39,float,single,,1
38767,1,outcome,1,SUBSCORE-40,float,single,,1
38767,1,outcome,1,PASSED,boolean,single,0,false
38767,1,outcome,1,MAXSCORE,float,single,40,40
38767,1,template,1,RESPONSE_CORRECTRESPONSE_POINTS,float,single,40,40
38767,1,template,1,RESPONSE-ACTION,float,single,,40
38767,1,,0,SCORE,float,single,,31
38767,1,,0,MAX_SCORE,float,single,,40
38767,1,,0,COMPLETION_STATUS,identifier,single,,completed
150530,1,response,1,RESPONSE,file,single,,[REDACTED]
150530,1,outcome,1,SUBSCORE-1,float,single,,1
150530,1,outcome,1,SUBSCORE-2,float,single,,1
150530,1,outcome,1,SUBSCORE-3,float,single,,1
150530,1,outcome,1,SUBSCORE-4,float,single,,1
150530,1,outcome,1,SUBSCORE-5,float,single,,1
150530,1,outcome,1,SUBSCORE-6,float,single,,1
150530,1,outcome,1,SUBSCORE-7,float,single,,1
150530,1,outcome,1,SUBSCORE-8,float,single,,1
150530,1,outcome,1,SUBSCORE-9,float,single,,1
150530,1,outcome,1,SUBSCORE-10,float,single,,1
150530,1,outcome,1,SUBSCORE-11,float,single,,1
150530,1,outcome,1,SUBSCORE-12,float,single,,1
150530,1,outcome,1,SUBSCORE-13,float,single,,1
150530,1,outcome,1,SUBSCORE-14,float,single,,1
150530,1,outcome,1,SUBSCORE-15,float,single,,1
150530,1,outcome,1,SUBSCORE-16,float,single,,1
150530,1,outcome,1,SUBSCORE-17,float,single,,1
150530,1,outcome,1,SUBSCORE-18,float,single,,1
150530,1,outcome,1,SUBSCORE-19,float,single,,0
150530,1,outcome,1,SUBSCORE-20,float,single,,0
150530,1,outcome,1,SUBSCORE-21,float,single,,0
150530,1,outcome,1,SUBSCORE-22,float,single,,1
150530,1,outcome,1,SUBSCORE-23,float,single,,1
150530,1,outcome,1,SUBSCORE-24,float,single,,1
150530,1,outcome,1,SUBSCORE-25,float,single,,0
150530,1,outcome,1,SUBSCORE-26,float,single,,1
150530,1,outcome,1,SUBSCORE-27,float,single,,1
150530,1,outcome,1,SUBSCORE-28,float,single,,1
150530,1,outcome,1,SUBSCORE-29,float,single,,1
150530,1,outcome,1,SUBSCORE-30,float,single,,1
150530,1,outcome,1,SUBSCORE-31,float,single,,1
150530,1,outcome,1,SUBSCORE-32,float,single,,1
150530,1,outcome,1,SUBSCORE-33,float,single,,1
150530,1,outcome,1,SUBSCORE-34,float,single,,1
150530,1,outcome,1,SUBSCORE-35,float,single,,1
150530,1,outcome,1,SUBSCORE-36,float,single,,1
150530,1,outcome,1,SUBSCORE-37,float,single,,1
150530,1,outcome,1,SUBSCORE-38,float,single,,1
150530,1,outcome,1,SUBSCORE-39,float,single,,1
150530,1,outcome,1,SUBSCORE-40,float,single,,1
150530,1,outcome,1,PASSED,boolean,single,0,false
150530,1,outcome,1,MAXSCORE,float,single,40,40
150530,1,template,1,RESPONSE_CORRECTRESPONSE_POINTS,float,single,40,40
150530,1,template,1,RESPONSE-ACTION,float,single,,40
150530,1,,0,SCORE,float,single,,36
150530,1,,0,MAX_SCORE,float,single,,40
150530,1,,0,COMPLETION_STATUS,identifier,single,,completed
149423,1,response,1,RESPONSE,file,single,,[REDACTED]
149423,1,outcome,1,SUBSCORE-1,float,single,,1
149423,1,outcome,1,SUBSCORE-2,float,single,,1
149423,1,outcome,1,SUBSCORE-3,float,single,,1
149423,1,outcome,1,SUBSCORE-4,float,single,,1
149423,1,outcome,1,SUBSCORE-5,float,single,,1
149423,1,outcome,1,SUBSCORE-6,float,single,,1
149423,1,outcome,1,SUBSCORE-7,float,single,,1
149423,1,outcome,1,SUBSCORE-8,float,single,,1
149423,1,outcome,1,SUBSCORE-9,float,single,,1
149423,1,outcome,1,SUBSCORE-10,float,single,,1
149423,1,outcome,1,SUBSCORE-11,float,single,,0
149423,1,outcome,1,SUBSCORE-12,float,single,,0
149423,1,outcome,1,SUBSCORE-13,float,single,,0
149423,1,outcome,1,SUBSCORE-14,float,single,,0
149423,1,outcome,1,SUBSCORE-15,float,single,,0
149423,1,outcome,1,SUBSCORE-16,float,single,,0
149423,1,outcome,1,SUBSCORE-17,float,single,,0
149423,1,outcome,1,SUBSCORE-18,float,single,,1
149423,1,outcome,1,SUBSCORE-19,float,single,,1
149423,1,outcome,1,SUBSCORE-20,float,single,,1
149423,1,outcome,1,SUBSCORE-21,float,single,,0
149423,1,outcome,1,SUBSCORE-22,float,single,,1
149423,1,outcome,1,SUBSCORE-23,float,single,,1
149423,1,outcome,1,SUBSCORE-24,float,single,,1
149423,1,outcome,1,SUBSCORE-25,float,single,,1
149423,1,outcome,1,SUBSCORE-26,float,single,,1
149423,1,outcome,1,SUBSCORE-27,float,single,,1
149423,1,outcome,1,SUBSCORE-28,float,single,,1
149423,1,outcome,1,SUBSCORE-29,float,single,,0
149423,1,outcome,1,SUBSCORE-30,float,single,,1
149423,1,outcome,1,SUBSCORE-31,float,single,,1
149423,1,outcome,1,SUBSCORE-32,float,single,,0
149423,1,outcome,1,SUBSCORE-33,float,single,,1
149423,1,outcome,1,SUBSCORE-34,float,single,,1
149423,1,outcome,1,SUBSCORE-35,float,single,,1
149423,1,outcome,1,SUBSCORE-36,float,single,,0
149423,1,outcome,1,SUBSCORE-37,float,single,,1
149423,1,outcome,1,SUBSCORE-38,float,single,,1
149423,1,outcome,1,SUBSCORE-39,float,single,,1
149423,1,outcome,1,SUBSCORE-40,float,single,,0
149423,1,outcome,1,PASSED,boolean,single,0,false
149423,1,outcome,1,MAXSCORE,float,single,40,40
149423,1,template,1,RESPONSE_CORRECTRESPONSE_POINTS,float,single,40,40
149423,1,template,1,RESPONSE-ACTION,float,single,,40
149423,1,,0,SCORE,float,single,,28
149423,1,,0,MAX_SCORE,float,single,,40
149423,1,,0,COMPLETION_STATUS,identifier,single,,completed
98009,1,response,1,RESPONSE,file,single,,[REDACTED]
98009,1,outcome,1,SUBSCORE-1,float,single,,1
98009,1,outcome,1,SUBSCORE-2,float,single,,1
98009,1,outcome,1,SUBSCORE-3,float,single,,1
98009,1,outcome,1,SUBSCORE-4,float,single,,1
98009,1,outcome,1,SUBSCORE-5,float,single,,1
98009,1,outcome,1,SUBSCORE-6,float,single,,1
98009,1,outcome,1,SUBSCORE-7,float,single,,1
98009,1,outcome,1,SUBSCORE-8,float,single,,1
98009,1,outcome,1,SUBSCORE-9,float,single,,1
98009,1,outcome,1,SUBSCORE-10,float,single,,1
98009,1,outcome,1,SUBSCORE-11,float,single,,1
98009,1,outcome,1,SUBSCORE-12,float,single,,1
98009,1,outcome,1,SUBSCORE-13,float,single,,1
98009,1,outcome,1,SUBSCORE-14,float,single,,1
98009,1,outcome,1,SUBSCORE-15,float,single,,0
98009,1,outcome,1,SUBSCORE-16,float,single,,0
98009,1,outcome,1,SUBSCORE-17,float,single,,0
98009,1,outcome,1,SUBSCORE-18,float,single,,1
98009,1,outcome,1,SUBSCORE-19,float,single,,1
98009,1,outcome,1,SUBSCORE-20,float,single,,1
98009,1,outcome,1,SUBSCORE-21,float,single,,1
98009,1,outcome,1,SUBSCORE-22,float,single,,1
98009,1,outcome,1,SUBSCORE-23,float,single,,1
98009,1,outcome,1,SUBSCORE-24,float,single,,1
98009,1,outcome,1,SUBSCORE-25,float,single,,0
98009,1,outcome,1,SUBSCORE-26,float,single,,1
98009,1,outcome,1,SUBSCORE-27,float,single,,1
98009,1,outcome,1,SUBSCORE-28,float,single,,1
98009,1,outcome,1,SUBSCORE-29,float,single,,1
98009,1,outcome,1,SUBSCORE-30,float,single,,1
98009,1,outcome,1,SUBSCORE-31,float,single,,1
98009,1,outcome,1,SUBSCORE-32,float,single,,1
98009,1,outcome,1,SUBSCORE-33,float,single,,1
98009,1,outcome,1,SUBSCORE-34,float,single,,1
98009,1,outcome,1,SUBSCORE-35,float,single,,1
98009,1,outcome,1,SUBSCORE-36,float,single,,0
98009,1,outcome,1,SUBSCORE-37,float,single,,1
98009,1,outcome,1,SUBSCORE-38,float,single,,1
98009,1,outcome,1,SUBSCORE-39,float,single,,1
98009,1,outcome,1,SUBSCORE-40,float,single,,1
98009,1,outcome,1,PASSED,boolean,single,0,false
98009,1,outcome,1,MAXSCORE,float,single,40,40
98009,1,template,1,RESPONSE_CORRECTRESPONSE_POINTS,float,single,40,40
98009,1,template,1,RESPONSE-ACTION,float,single,,40
98009,1,,0,SCORE,float,single,,35
98009,1,,0,MAX_SCORE,float,single,,40
98009,1,,0,COMPLETION_STATUS,identifier,single,,completed
150616,1,response,1,RESPONSE,file,single,,[REDACTED]
150616,1,outcome,1,SUBSCORE-1,float,single,,1
150616,1,outcome,1,SUBSCORE-2,float,single,,1
150616,1,outcome,1,SUBSCORE-3,float,single,,1
150616,1,outcome,1,SUBSCORE-4,float,single,,1
150616,1,outcome,1,SUBSCORE-5,float,single,,1
150616,1,outcome,1,SUBSCORE-6,float,single,,1
150616,1,outcome,1,SUBSCORE-7,float,single,,1
150616,1,outcome,1,SUBSCORE-8,float,single,,1
150616,1,outcome,1,SUBSCORE-9,float,single,,1
150616,1,outcome,1,SUBSCORE-10,float,single,,1
150616,1,outcome,1,SUBSCORE-11,float,single,,0.3
150616,1,outcome,1,SUBSCORE-12,float,single,,0
150616,1,outcome,1,SUBSCORE-13,float,single,,1
150616,1,outcome,1,SUBSCORE-14,float,single,,0
150616,1,outcome,1,SUBSCORE-15,float,single,,1
150616,1,outcome,1,SUBSCORE-16,float,single,,1
150616,1,outcome,1,SUBSCORE-17,float,single,,1
150616,1,outcome,1,SUBSCORE-18,float,single,,1
150616,1,outcome,1,SUBSCORE-19,float,single,,0.5
150616,1,outcome,1,SUBSCORE-20,float,single,,0
150616,1,outcome,1,SUBSCORE-21,float,single,,1
150616,1,outcome,1,SUBSCORE-22,float,single,,1
150616,1,outcome,1,SUBSCORE-23,float,single,,1
150616,1,outcome,1,SUBSCORE-24,float,single,,1
150616,1,outcome,1,SUBSCORE-25,float,single,,1
150616,1,outcome,1,SUBSCORE-26,float,single,,1
150616,1,outcome,1,SUBSCORE-27,float,single,,1
150616,1,outcome,1,SUBSCORE-28,float,single,,1
150616,1,outcome,1,SUBSCORE-29,float,single,,1
150616,1,outcome,1,SUBSCORE-30,float,single,,1
150616,1,outcome,1,SUBSCORE-31,float,single,,1
150616,1,outcome,1,SUBSCORE-32,float,single,,0
150616,1,outcome,1,SUBSCORE-33,float,single,,1
150616,1,outcome,1,SUBSCORE-34,float,single,,1
150616,1,outcome,1,SUBSCORE-35,float,single,,1
150616,1,outcome,1,SUBSCORE-36,float,single,,1
150616,1,outcome,1,SUBSCORE-37,float,single,,1
150616,1,outcome,1,SUBSCORE-38,float,single,,0.5
150616,1,outcome,1,SUBSCORE-39,float,single,,0.5
150616,1,outcome,1,SUBSCORE-40,float,single,,1
150616,1,outcome,1,PASSED,boolean,single,0,false
150616,1,outcome,1,MAXSCORE,float,single,40,40
150616,1,template,1,RESPONSE_CORRECTRESPONSE_POINTS,float,single,40,40
150616,1,template,1,RESPONSE-ACTION,float,single,,40
150616,1,,0,SCORE,float,single,,33.8
150616,1,,0,MAX_SCORE,float,single,,40
150616,1,,0,COMPLETION_STATUS,identifier,single,,completed
78924,1,response,1,RESPONSE,file,single,,[REDACTED]
78924,1,outcome,1,SUBSCORE-1,float,single,,1
78924,1,outcome,1,SUBSCORE-2,float,single,,1
78924,1,outcome,1,SUBSCORE-3,float,single,,1
78924,1,outcome,1,SUBSCORE-4,float,single,,1
78924,1,outcome,1,SUBSCORE-5,float,single,,1
78924,1,outcome,1,SUBSCORE-6,float,single,,1
78924,1,outcome,1,SUBSCORE-7,float,single,,1
78924,1,outcome,1,SUBSCORE-8,float,single,,1
78924,1,outcome,1,SUBSCORE-9,float,single,,1
78924,1,outcome,1,SUBSCORE-10,float,single,,1
78924,1,outcome,1,SUBSCORE-11,float,single,,1
78924,1,outcome,1,SUBSCORE-12,float,single,,1
78924,1,outcome,1,SUBSCORE-13,float,single,,1
78924,1,outcome,1,SUBSCORE-14,float,single,,1
78924,1,outcome,1,SUBSCORE-15,float,single,,1
78924,1,outcome,1,SUBSCORE-16,float,single,,1
78924,1,outcome,1,SUBSCORE-17,float,single,,1
78924,1,outcome,1,SUBSCORE-18,float,single,,1
78924,1,outcome,1,SUBSCORE-19,float,single,,1
78924,1,outcome,1,SUBSCORE-20,float,single,,1
78924,1,outcome,1,SUBSCORE-21,float,single,,1
78924,1,outcome,1,SUBSCORE-22,float,single,,1
78924,1,outcome,1,SUBSCORE-23,float,single,,1
78924,1,outcome,1,SUBSCORE-24,float,single,,1
78924,1,outcome,1,SUBSCORE-25,float,single,,1
78924,1,outcome,1,SUBSCORE-26,float,single,,1
78924,1,outcome,1,SUBSCORE-27,float,single,,1
78924,1,outcome,1,SUBSCORE-28,float,single,,1
78924,1,outcome,1,SUBSCORE-29,float,single,,1
78924,1,outcome,1,SUBSCORE-30,float,single,,1
78924,1,outcome,1,SUBSCORE-31,float,single,,1
78924,1,outcome,1,SUBSCORE-32,float,single,,1
78924,1,outcome,1,SUBSCORE-33,float,single,,1
78924,1,outcome,1,SUBSCORE-34,float,single,,1
78924,1,outcome,1,SUBSCORE-35,float,single,,1
78924,1,outcome,1,SUBSCORE-36,float,single,,0
78924,1,outcome,1,SUBSCORE-37,float,single,,1
78924,1,outcome,1,SUBSCORE-38,float,single,,1
78924,1,outcome,1,SUBSCORE-39,float,single,,1
78924,1,outcome,1,SUBSCORE-40,float,single,,1
78924,1,outcome,1,PASSED,boolean,single,0,false
78924,1,outcome,1,MAXSCORE,float,single,40,40
78924,1,template,1,RESPONSE_CORRECTRESPONSE_POINTS,float,single,40,40
78924,1,template,1,RESPONSE-ACTION,float,single,,40
78924,1,,0,SCORE,float,single,,39
78924,1,,0,MAX_SCORE,float,single,,40
78924,1,,0,COMPLETION_STATUS,identifier,single,,completed
146798,1,response,1,RESPONSE,file,single,,[REDACTED]
146798,1,outcome,1,SUBSCORE-1,float,single,,1
146798,1,outcome,1,SUBSCORE-2,float,single,,1
146798,1,outcome,1,SUBSCORE-3,float,single,,1
146798,1,outcome,1,SUBSCORE-4,float,single,,1
146798,1,outcome,1,SUBSCORE-5,float,single,,1
146798,1,outcome,1,SUBSCORE-6,float,single,,1
146798,1,outcome,1,SUBSCORE-7,float,single,,1
146798,1,outcome,1,SUBSCORE-8,float,single,,1
146798,1,outcome,1,SUBSCORE-9,float,single,,1
146798,1,outcome,1,SUBSCORE-10,float,single,,1
146798,1,outcome,1,SUBSCORE-11,float,single,,1
146798,1,outcome,1,SUBSCORE-12,float,single,,1
146798,1,outcome,1,SUBSCORE-13,float,single,,1
146798,1,outcome,1,SUBSCORE-14,float,single,,1
146798,1,outcome,1,SUBSCORE-15,float,single,,1
146798,1,outcome,1,SUBSCORE-16,float,single,,1
146798,1,outcome,1,SUBSCORE-17,float,single,,1
146798,1,outcome,1,SUBSCORE-18,float,single,,1
146798,1,outcome,1,SUBSCORE-19,float,single,,0
146798,1,outcome,1,SUBSCORE-20,float,single,,0
146798,1,outcome,1,SUBSCORE-21,float,single,,0
146798,1,outcome,1,SUBSCORE-22,float,single,,1
146798,1,outcome,1,SUBSCORE-23,float,single,,1
146798,1,outcome,1,SUBSCORE-24,float,single,,1
146798,1,outcome,1,SUBSCORE-25,float,single,,1
146798,1,outcome,1,SUBSCORE-26,float,single,,1
146798,1,outcome,1,SUBSCORE-27,float,single,,1
146798,1,outcome,1,SUBSCORE-28,float,single,,1
146798,1,outcome,1,SUBSCORE-29,float,single,,1
146798,1,outcome,1,SUBSCORE-30,float,single,,1
146798,1,outcome,1,SUBSCORE-31,float,single,,1
146798,1,outcome,1,SUBSCORE-32,float,single,,1
146798,1,outcome,1,SUBSCORE-33,float,single,,1
146798,1,outcome,1,SUBSCORE-34,float,single,,1
146798,1,outcome,1,SUBSCORE-35,float,single,,1
146798,1,outcome,1,SUBSCORE-36,float,single,,1
146798,1,outcome,1,SUBSCORE-37,float,single,,1
146798,1,outcome,1,SUBSCORE-38,float,single,,1
146798,1,outcome,1,SUBSCORE-39,float,single,,1
146798,1,outcome,1,SUBSCORE-40,float,single,,1
146798,1,outcome,1,PASSED,boolean,single,0,false
146798,1,outcome,1,MAXSCORE,float,single,40,40
146798,1,template,1,RESPONSE_CORRECTRESPONSE_POINTS,float,single,40,40
146798,1,template,1,RESPONSE-ACTION,float,single,,40
146798,1,,0,SCORE,float,single,,37
146798,1,,0,MAX_SCORE,float,single,,40
146798,1,,0,COMPLETION_STATUS,identifier,single,,completed
148796,1,response,1,RESPONSE,file,single,,[REDACTED]
148796,1,outcome,1,SUBSCORE-1,float,single,,1
148796,1,outcome,1,SUBSCORE-2,float,single,,1
148796,1,outcome,1,SUBSCORE-3,float,single,,1
148796,1,outcome,1,SUBSCORE-4,float,single,,1
148796,1,outcome,1,SUBSCORE-5,float,single,,1
148796,1,outcome,1,SUBSCORE-6,float,single,,1
148796,1,outcome,1,SUBSCORE-7,float,single,,1
148796,1,outcome,1,SUBSCORE-8,float,single,,1
148796,1,outcome,1,SUBSCORE-9,float,single,,1
148796,1,outcome,1,SUBSCORE-10,float,single,,1
148796,1,outcome,1,SUBSCORE-11,float,single,,1
148796,1,outcome,1,SUBSCORE-12,float,single,,1
148796,1,outcome,1,SUBSCORE-13,float,single,,1
148796,1,outcome,1,SUBSCORE-14,float,single,,1
148796,1,outcome,1,SUBSCORE-15,float,single,,1
148796,1,outcome,1,SUBSCORE-16,float,single,,1
148796,1,outcome,1,SUBSCORE-17,float,single,,1
148796,1,outcome,1,SUBSCORE-18,float,single,,1
148796,1,outcome,1,SUBSCORE-19,float,single,,1
148796,1,outcome,1,SUBSCORE-20,float,single,,0
148796,1,outcome,1,SUBSCORE-21,float,single,,1
148796,1,outcome,1,SUBSCORE-22,float,single,,1
148796,1,outcome,1,SUBSCORE-23,float,single,,1
148796,1,outcome,1,SUBSCORE-24,float,single,,1
148796,1,outcome,1,SUBSCORE-25,float,single,,1
148796,1,outcome,1,SUBSCORE-26,float,single,,1
148796,1,outcome,1,SUBSCORE-27,float,single,,1
148796,1,outcome,1,SUBSCORE-28,float,single,,1
148796,1,outcome,1,SUBSCORE-29,float,single,,1
148796,1,outcome,1,SUBSCORE-30,float,single,,1
148796,1,outcome,1,SUBSCORE-31,float,single,,1
148796,1,outcome,1,SUBSCORE-32,float,single,,1
148796,1,outcome,1,SUBSCORE-33,float,single,,1
148796,1,outcome,1,SUBSCORE-34,float,single,,1
148796,1,outcome,1,SUBSCORE-35,float,single,,1
148796,1,outcome,1,SUBSCORE-36,float,single,,0
148796,1,outcome,1,SUBSCORE-37,float,single,,1
148796,1,outcome,1,SUBSCORE-38,float,single,,1
148796,1,outcome,1,SUBSCORE-39,float,single,,1
148796,1,outcome,1,SUBSCORE-40,float,single,,1
148796,1,outcome,1,PASSED,boolean,single,0,false
148796,1,outcome,1,MAXSCORE,float,single,40,40
148796,1,template,1,RESPONSE_CORRECTRESPONSE_POINTS,float,single,40,40
148796,1,template,1,RESPONSE-ACTION,float,single,,40
148796,1,,0,SCORE,float,single,,38
148796,1,,0,MAX_SCORE,float,single,,40
148796,1,,0,COMPLETION_STATUS,identifier,single,,completed
147612,1,response,1,RESPONSE,file,single,,[REDACTED]
147612,1,outcome,1,SUBSCORE-1,float,single,,1
147612,1,outcome,1,SUBSCORE-2,float,single,,1
147612,1,outcome,1,SUBSCORE-3,float,single,,1
147612,1,outcome,1,SUBSCORE-4,float,single,,1
147612,1,outcome,1,SUBSCORE-5,float,single,,1
147612,1,outcome,1,SUBSCORE-6,float,single,,1
147612,1,outcome,1,SUBSCORE-7,float,single,,1
147612,1,outcome,1,SUBSCORE-8,float,single,,1
147612,1,outcome,1,SUBSCORE-9,float,single,,1
147612,1,outcome,1,SUBSCORE-10,float,single,,1
147612,1,outcome,1,SUBSCORE-11,float,single,,1
147612,1,outcome,1,SUBSCORE-12,float,single,,1
147612,1,outcome,1,SUBSCORE-13,float,single,,1
147612,1,outcome,1,SUBSCORE-14,float,single,,1
147612,1,outcome,1,SUBSCORE-15,float,single,,1
147612,1,outcome,1,SUBSCORE-16,float,single,,0
147612,1,outcome,1,SUBSCORE-17,float,single,,1
147612,1,outcome,1,SUBSCORE-18,float,single,,1
147612,1,outcome,1,SUBSCORE-19,float,single,,1
147612,1,outcome,1,SUBSCORE-20,float,single,,1
147612,1,outcome,1,SUBSCORE-21,float,single,,1
147612,1,outcome,1,SUBSCORE-22,float,single,,1
147612,1,outcome,1,SUBSCORE-23,float,single,,1
147612,1,outcome,1,SUBSCORE-24,float,single,,1
147612,1,outcome,1,SUBSCORE-25,float,single,,1
147612,1,outcome,1,SUBSCORE-26,float,single,,1
147612,1,outcome,1,SUBSCORE-27,float,single,,1
147612,1,outcome,1,SUBSCORE-28,float,single,,1
147612,1,outcome,1,SUBSCORE-29,float,single,,1
147612,1,outcome,1,SUBSCORE-30,float,single,,1
147612,1,outcome,1,SUBSCORE-31,float,single,,1
147612,1,outcome,1,SUBSCORE-32,float,single,,1
147612,1,outcome,1,SUBSCORE-33,float,single,,0
147612,1,outcome,1,SUBSCORE-34,float,single,,0
147612,1,outcome,1,SUBSCORE-35,float,single,,0
147612,1,outcome,1,SUBSCORE-36,float,single,,0
147612,1,outcome,1,SUBSCORE-37,float,single,,0
147612,1,outcome,1,SUBSCORE-38,float,single,,0
147612,1,outcome,1,SUBSCORE-39,float,single,,0
147612,1,outcome,1,SUBSCORE-40,float,single,,0
147612,1,outcome,1,PASSED,boolean,single,0,false
147612,1,outcome,1,MAXSCORE,float,single,40,40
147612,1,template,1,RESPONSE_CORRECTRESPONSE_POINTS,float,single,40,40
147612,1,template,1,RESPONSE-ACTION,float,single,,40
147612,1,,0,SCORE,float,single,,31
147612,1,,0,MAX_SCORE,float,single,,40
147612,1,,0,COMPLETION_STATUS,identifier,single,,completed
149133,1,response,1,RESPONSE,file,single,,[REDACTED]
149133,1,outcome,1,SUBSCORE-1,float,single,,1
149133,1,outcome,1,SUBSCORE-2,float,single,,1
149133,1,outcome,1,SUBSCORE-3,float,single,,1
149133,1,outcome,1,SUBSCORE-4,float,single,,1
149133,1,outcome,1,SUBSCORE-5,float,single,,1
149133,1,outcome,1,SUBSCORE-6,float,single,,1
149133,1,outcome,1,SUBSCORE-7,float,single,,1
149133,1,outcome,1,SUBSCORE-8,float,single,,1
149133,1,outcome,1,SUBSCORE-9,float,single,,1
149133,1,outcome,1,SUBSCORE-10,float,single,,1
149133,1,outcome,1,SUBSCORE-11,float,single,,1
149133,1,outcome,1,SUBSCORE-12,float,single,,1
149133,1,outcome,1,SUBSCORE-13,float,single,,1
149133,1,outcome,1,SUBSCORE-14,float,single,,1
149133,1,outcome,1,SUBSCORE-15,float,single,,1
149133,1,outcome,1,SUBSCORE-16,float,single,,0
149133,1,outcome,1,SUBSCORE-17,float,single,,1
149133,1,outcome,1,SUBSCORE-18,float,single,,1
149133,1,outcome,1,SUBSCORE-19,float,single,,0
149133,1,outcome,1,SUBSCORE-20,float,single,,0
149133,1,outcome,1,SUBSCORE-21,float,single,,0
149133,1,outcome,1,SUBSCORE-22,float,single,,1
149133,1,outcome,1,SUBSCORE-23,float,single,,1
149133,1,outcome,1,SUBSCORE-24,float,single,,1
149133,1,outcome,1,SUBSCORE-25,float,single,,1
149133,1,outcome,1,SUBSCORE-26,float,single,,1
149133,1,outcome,1,SUBSCORE-27,float,single,,1
149133,1,outcome,1,SUBSCORE-28,float,single,,1
149133,1,outcome,1,SUBSCORE-29,float,single,,1
149133,1,outcome,1,SUBSCORE-30,float,single,,1
149133,1,outcome,1,SUBSCORE-31,float,single,,0
149133,1,outcome,1,SUBSCORE-32,float,single,,0
149133,1,outcome,1,SUBSCORE-33,float,single,,1
149133,1,outcome,1,SUBSCORE-34,float,single,,1
149133,1,outcome,1,SUBSCORE-35,float,single,,1
149133,1,outcome,1,SUBSCORE-36,float,single,,1
149133,1,outcome,1,SUBSCORE-37,float,single,,1
149133,1,outcome,1,SUBSCORE-38,float,single,,1
149133,1,outcome,1,SUBSCORE-39,float,single,,1
149133,1,outcome,1,SUBSCORE-40,float,single,,1
149133,1,outcome,1,PASSED,boolean,single,0,false
149133,1,outcome,1,MAXSCORE,float,single,40,40
149133,1,template,1,RESPONSE_CORRECTRESPONSE_POINTS,float,single,40,40
149133,1,template,1,RESPONSE-ACTION,float,single,,40
149133,1,,0,SCORE,float,single,,34
149133,1,,0,MAX_SCORE,float,single,,40
149133,1,,0,COMPLETION_STATUS,identifier,single,,completed
149691,1,response,1,RESPONSE,file,single,,[REDACTED]
149691,1,outcome,1,SUBSCORE-1,float,single,,1
149691,1,outcome,1,SUBSCORE-2,float,single,,0
149691,1,outcome,1,SUBSCORE-3,float,single,,1
149691,1,outcome,1,SUBSCORE-4,float,single,,1
149691,1,outcome,1,SUBSCORE-5,float,single,,1
149691,1,outcome,1,SUBSCORE-6,float,single,,1
149691,1,outcome,1,SUBSCORE-7,float,single,,1
149691,1,outcome,1,SUBSCORE-8,float,single,,1
149691,1,outcome,1,SUBSCORE-9,float,single,,1
149691,1,outcome,1,SUBSCORE-10,float,single,,1
149691,1,outcome,1,SUBSCORE-11,float,single,,1
149691,1,outcome,1,SUBSCORE-12,float,single,,1
149691,1,outcome,1,SUBSCORE-13,float,single,,1
149691,1,outcome,1,SUBSCORE-14,float,single,,1
149691,1,outcome,1,SUBSCORE-15,float,single,,0
149691,1,outcome,1,SUBSCORE-16,float,single,,0
149691,1,outcome,1,SUBSCORE-17,float,single,,0
149691,1,outcome,1,SUBSCORE-18,float,single,,1
149691,1,outcome,1,SUBSCORE-19,float,single,,1
149691,1,outcome,1,SUBSCORE-20,float,single,,1
149691,1,outcome,1,SUBSCORE-21,float,single,,1
149691,1,outcome,1,SUBSCORE-22,float,single,,1
149691,1,outcome,1,SUBSCORE-23,float,single,,1
149691,1,outcome,1,SUBSCORE-24,float,single,,1
149691,1,outcome,1,SUBSCORE-25,float,single,,1
149691,1,outcome,1,SUBSCORE-26,float,single,,1
149691,1,outcome,1,SUBSCORE-27,float,single,,1
149691,1,outcome,1,SUBSCORE-28,float,single,,1
149691,1,outcome,1,SUBSCORE-29,float,single,,1
149691,1,outcome,1,SUBSCORE-30,float,single,,1
149691,1,outcome,1,SUBSCORE-31,float,single,,1
149691,1,outcome,1,SUBSCORE-32,float,single,,1
149691,1,outcome,1,SUBSCORE-33,float,single,,0
149691,1,outcome,1,SUBSCORE-34,float,single,,0
149691,1,outcome,1,SUBSCORE-35,float,single,,0
149691,1,outcome,1,SUBSCORE-36,float,single,,0
149691,1,outcome,1,SUBSCORE-37,float,single,,0
149691,1,outcome,1,SUBSCORE-38,float,single,,0
149691,1,outcome,1,SUBSCORE-39,float,single,,0
149691,1,outcome,1,SUBSCORE-40,float,single,,0
149691,1,outcome,1,PASSED,boolean,single,0,false
149691,1,outcome,1,MAXSCORE,float,single,40,40
149691,1,template,1,RESPONSE_CORRECTRESPONSE_POINTS,float,single,40,40
149691,1,template,1,RESPONSE-ACTION,float,single,,40
149691,1,,0,SCORE,float,single,,28
149691,1,,0,MAX_SCORE,float,single,,40
149691,1,,0,COMPLETION_STATUS,identifier,single,,completed
143509,1,response,1,RESPONSE,file,single,,[REDACTED]
143509,1,outcome,1,SUBSCORE-1,float,single,,1
143509,1,outcome,1,SUBSCORE-2,float,single,,0
143509,1,outcome,1,SUBSCORE-3,float,single,,0
143509,1,outcome,1,SUBSCORE-4,float,single,,0
143509,1,outcome,1,SUBSCORE-5,float,single,,0
143509,1,outcome,1,SUBSCORE-6,float,single,,1
143509,1,outcome,1,SUBSCORE-7,float,single,,1
143509,1,outcome,1,SUBSCORE-8,float,single,,1
143509,1,outcome,1,SUBSCORE-9,float,single,,1
143509,1,outcome,1,SUBSCORE-10,float,single,,1
143509,1,outcome,1,SUBSCORE-11,float,single,,1
143509,1,outcome,1,SUBSCORE-12,float,single,,1
143509,1,outcome,1,SUBSCORE-13,float,single,,1
143509,1,outcome,1,SUBSCORE-14,float,single,,1
143509,1,outcome,1,SUBSCORE-15,float,single,,0
143509,1,outcome,1,SUBSCORE-16,float,single,,0
143509,1,outcome,1,SUBSCORE-17,float,single,,0
143509,1,outcome,1,SUBSCORE-18,float,single,,1
143509,1,outcome,1,SUBSCORE-19,float,single,,0.5
143509,1,outcome,1,SUBSCORE-20,float,single,,0.5
143509,1,outcome,1,SUBSCORE-21,float,single,,0.5
143509,1,outcome,1,SUBSCORE-22,float,single,,1
143509,1,outcome,1,SUBSCORE-23,float,single,,0
143509,1,outcome,1,SUBSCORE-24,float,single,,1
143509,1,outcome,1,SUBSCORE-25,float,single,,0
143509,1,outcome,1,SUBSCORE-26,float,single,,0
143509,1,outcome,1,SUBSCORE-27,float,single,,0.5
143509,1,outcome,1,SUBSCORE-28,float,single,,0
143509,1,outcome,1,SUBSCORE-29,float,single,,0
143509,1,outcome,1,SUBSCORE-30,float,single,,0.5
143509,1,outcome,1,SUBSCORE-31,float,single,,1
143509,1,outcome,1,SUBSCORE-32,float,single,,0
143509,1,outcome,1,SUBSCORE-33,float,single,,1
143509,1,outcome,1,SUBSCORE-34,float,single,,1
143509,1,outcome,1,SUBSCORE-35,float,single,,1
143509,1,outcome,1,SUBSCORE-36,float,single,,0
143509,1,outcome,1,SUBSCORE-37,float,single,,1
143509,1,outcome,1,SUBSCORE-38,float,single,,1
143509,1,outcome,1,SUBSCORE-39,float,single,,1
143509,1,outcome,1,SUBSCORE-40,float,single,,1
143509,1,outcome,1,PASSED,boolean,single,0,false
143509,1,outcome,1,MAXSCORE,float,single,40,40
143509,1,template,1,RESPONSE_CORRECTRESPONSE_POINTS,float,single,40,40
143509,1,template,1,RESPONSE-ACTION,float,single,,40
143509,1,,0,SCORE,float,single,,23.5
143509,1,,0,MAX_SCORE,float,single,,40
143509,1,,0,COMPLETION_STATUS,identifier,single,,completed
150631,1,response,1,RESPONSE,file,single,,[REDACTED]
150631,1,outcome,1,SUBSCORE-1,float,single,,1
150631,1,outcome,1,SUBSCORE-2,float,single,,1
150631,1,outcome,1,SUBSCORE-3,float,single,,1
150631,1,outcome,1,SUBSCORE-4,float,single,,1
150631,1,outcome,1,SUBSCORE-5,float,single,,1
150631,1,outcome,1,SUBSCORE-6,float,single,,1
150631,1,outcome,1,SUBSCORE-7,float,single,,1
150631,1,outcome,1,SUBSCORE-8,float,single,,1
150631,1,outcome,1,SUBSCORE-9,float,single,,1
150631,1,outcome,1,SUBSCORE-10,float,single,,1
150631,1,outcome,1,SUBSCORE-11,float,single,,1
150631,1,outcome,1,SUBSCORE-12,float,single,,1
150631,1,outcome,1,SUBSCORE-13,float,single,,1
150631,1,outcome,1,SUBSCORE-14,float,single,,1
150631,1,outcome,1,SUBSCORE-15,float,single,,0.5
150631,1,outcome,1,SUBSCORE-16,float,single,,1
150631,1,outcome,1,SUBSCORE-17,float,single,,1
150631,1,outcome,1,SUBSCORE-18,float,single,,1
150631,1,outcome,1,SUBSCORE-19,float,single,,1
150631,1,outcome,1,SUBSCORE-20,float,single,,0
150631,1,outcome,1,SUBSCORE-21,float,single,,0.5
150631,1,outcome,1,SUBSCORE-22,float,single,,1
150631,1,outcome,1,SUBSCORE-23,float,single,,1
150631,1,outcome,1,SUBSCORE-24,float,single,,1
150631,1,outcome,1,SUBSCORE-25,float,single,,1
150631,1,outcome,1,SUBSCORE-26,float,single,,1
150631,1,outcome,1,SUBSCORE-27,float,single,,1
150631,1,outcome,1,SUBSCORE-28,float,single,,1
150631,1,outcome,1,SUBSCORE-29,float,single,,1
150631,1,outcome,1,SUBSCORE-30,float,single,,1
150631,1,outcome,1,SUBSCORE-31,float,single,,1
150631,1,outcome,1,SUBSCORE-32,float,single,,0
150631,1,outcome,1,SUBSCORE-33,float,single,,1
150631,1,outcome,1,SUBSCORE-34,float,single,,1
150631,1,outcome,1,SUBSCORE-35,float,single,,1
150631,1,outcome,1,SUBSCORE-36,float,single,,1
150631,1,outcome,1,SUBSCORE-37,float,single,,1
150631,1,outcome,1,SUBSCORE-38,float,single,,0.5
150631,1,outcome,1,SUBSCORE-39,float,single,,0.5
150631,1,outcome,1,SUBSCORE-40,float,single,,1
150631,1,outcome,1,PASSED,boolean,single,0,false
150631,1,outcome,1,MAXSCORE,float,single,40,40
150631,1,template,1,RESPONSE_CORRECTRESPONSE_POINTS,float,single,40,40
150631,1,template,1,RESPONSE-ACTION,float,single,,40
150631,1,,0,SCORE,float,single,,36
150631,1,,0,MAX_SCORE,float,single,,40
150631,1,,0,COMPLETION_STATUS,identifier,single,,completed
